iteration,compliance,occupancy_volume,printed_voxels,achieved_vf,offset_mm,dt_mm_per_unit_v,max_abs_v,lambda,cg_iterations,converged,used_multigrid,solve_ms,sensitivity_ms,band_cells,hilb_iterations,hilb_relres,reinit_rms,reinit_max,hj_steps,gamma,kappa_rms,perim_weight,interface_area_mm2,robust_worst,robust_ratio,nuc_frozen,diffusion_energy,diffusion_ratio,iteration_wall_s
1,0.00452507119956,75415,75415,0.680002524706,0.514799724591,0.0483362901927,2.72151509651e-10,3.21882058996e-11,1172,1,0,130259.761833,16.7294173241,57176,0,0,0.411808710001,0.999757555175,0,0.1,0,0,78635.5391012,1,1,0,128215.518843,0.3,130.5544965
2,0.00397595953503,75414,75414,0.679993507899,-0.0232717846656,0.0483362901927,2.38082976029e-10,2.435900274e-11,2240,1,0,33056.487875,18.5004582405,57136,0,0,0.39935749415,0.999750228233,0,0.1,0,0,79374.0873861,1,1,0,124376.84115,0.3,33.3482756251
3,0.00353276271749,75414,75414,0.679993507899,-0.0369330631177,0.0483362901927,2.53850801202e-10,1.80204656963e-11,2209,1,0,33541.096375,19.0994577408,58409,0,0,0.394766078281,0.999867301625,0,0.1,0,0,78080.407282,1,1,0,120843.214161,0.3,33.8537894576
4,0.00341157028045,75414,75414,0.679993507899,0.00838624426342,0.0483362901927,2.5760201806e-10,1.67656079053e-11,2210,1,0,27030.972084,14.7065830231,59738,0,0,0.395229455854,0.999783342752,0,0.1,0,0,75325.7935649,1,1,0,117526.252329,0.3,27.3700310001
5,0.00322146740572,75415,75415,0.680002524706,-0.0173118218103,0.0483362901927,2.37580350188e-10,1.47309931506e-11,2196,1,0,23684.196291,25.6037921906,57064,0,0,0.360399699415,0.999898109494,0,0.1,0,0,72241.1260113,1,1,0,114276.022772,0.3,42.3095894582
6,0.00309056074273,75415,75415,0.680002524706,-0.0163396672464,0.0483362901927,2.1154257508e-10,1.46624235932e-11,2285,1,0,25013.3775001,14.7284169197,46718,0,0,0.356424315045,0.999898109494,0,0.1,0,0,65148.5885987,1,1,0,128481.933123,0.3,25.3392843748
7,0.00302958129976,75415,75415,0.680002524706,0.00704382884552,0.0483362901927,2.24842363838e-10,1.40018849344e-11,2417,1,0,26292.0127497,14.9115829468,44552,0,0,0.35552816985,0.999898109494,0,0.1,0,0,63254.374738,1,1,0,125463.078406,0.3,26.6094095418
8,0.00294184694497,75414,75414,0.679993507899,-0.00748178836401,0.0483362901927,2.11500194294e-10,1.27955504216e-11,2466,1,0,30490.4424996,13.7350831032,44343,0,0,0.353995918048,0.999898109494,0,0.1,0,0,61001.8059728,1,1,0,122582.155417,0.3,30.77800425
9,0.00286130087404,75415,75415,0.680002524706,-0.0101945338964,0.0483362901927,1.78096626649e-10,1.17135763503e-11,2511,1,0,27169.7927923,12.975291729,43982,0,0,0.352966744743,0.999898109494,0,0.1,0,0,58330.2505107,1,1,0,119686.39094,0.3,27.3645954588
10,0.00278446666667,75415,75415,0.680002524706,-0.0130796859782,0.0483362901927,1.36919489974e-10,1.05043692887e-11,2515,1,0,27483.1265421,13.6416659355,43300,0,0,0.345544753564,0.999920385796,0,0.1,0,0,55676.0940002,1,1,0,116840.785535,0.3,45.8347019162
11,0.00276915487757,75414,75414,0.679993507899,0.00610428189943,0.0483362901927,1.29431481056e-10,1.10819266807e-11,2914,1,0,35183.1272502,14.4059576988,36542,0,0,0.347548712122,0.999920385796,0,0.1,0,0,50307.554307,1,1,0,123190.196759,0.3,35.4926399998
12,0.00272956101829,75415,75415,0.680002524706,0.00332483772606,0.0483362901927,1.28568965969e-10,1.01419081349e-11,2964,1,0,32250.6394172,13.3305830956,34908,0,0,0.348925792925,0.999920385796,0,0.1,0,0,48734.1247849,1,1,0,120675.943545,0.3,32.5513960831
13,0.00269465435611,75415,75415,0.680002524706,0.00168746939527,0.0483362901927,1.17004850047e-10,9.38711939534e-12,3003,1,0,32824.7757092,13.7057499886,34210,0,0,0.351067397874,0.999920385796,0,0.1,0,0,46616.9935834,1,1,0,118425.68982,0.3,33.1292741657
14,0.00265177793211,75414,75414,0.679993507899,-0.00804132907459,0.0483362901927,9.75834752729e-11,8.36475601989e-12,3026,1,0,33281.5927911,13.0309171677,32830,0,0,0.349428437365,0.999920385796,0,0.1,0,0,44374.4528079,1,1,0,116360.479141,0.3,33.5930976253
15,0.00261736643283,75415,75415,0.680002524706,-0.00704055730803,0.0483362901927,8.08542170238e-11,7.57421178798e-12,2971,1,0,34907.8179998,13.2871251106,31499,0,0,0.355283095337,0.999806883023,0,0.1,0,0,41792.6752164,1,1,0,114529.541502,0.3,53.8239048747
16,0.00259478561449,75414,75414,0.679993507899,-0.000525591193792,0.0483362901927,6.86488982286e-11,7.73933047231e-12,3305,1,0,35523.6951251,16.196082592,26553,0,0,0.35619171983,0.999806883023,0,0.1,0,0,34043.2401317,1,1,0,120385.569546,0.3,35.8388704997
17,0.00258244687374,75414,75414,0.679993507899,0.00201014329813,0.0483362901927,5.3461032877e-11,7.28972906004e-12,3308,1,0,35777.6646662,12.2146248817,25436,0,0,0.357210331687,0.999806883023,0,0.1,0,0,32644.6893051,1,1,0,118305.935774,0.3,35.956056959
18,0.00257102253602,75414,75414,0.679993507899,-0.000876874541231,0.0483362901927,3.91781918553e-11,7.01129625177e-12,3326,1,0,38177.0072079,13.0920000076,24359,0,0,0.358304572135,0.999806883023,0,0.1,0,0,31186.764989,1,1,0,116476.321347,0.3,38.488470417
19,0.00256166077876,75415,75415,0.680002524706,-0.00039117901344,0.0483362901927,2.73059552608e-11,6.73599783474e-12,3330,1,0,35108.5305424,13.2454166412,23557,0,0,0.359433065066,0.999806883023,0,0.1,0,0,29924.6512164,1,1,0,114769.483794,0.3,35.3996742079
20,0.00255531842906,75415,75415,0.680002524706,0.000545361750385,0.0483362901927,1.77705142554e-11,6.6614461413e-12,3343,1,0,35771.6333752,16.2006669044,22918,0,0,0.371012509707,0.999899974344,0,0.1,0,0,28675.6225625,1,1,0,112940.170744,0.3,53.8325068327
21,0.0025491513471,75414,75414,0.679993507899,-0.00377199279277,0.0483362901927,1.59112831431e-11,6.86645794398e-12,3268,1,0,34150.4282503,21.4779157639,19298,0,0,0.371130156196,0.999899974344,0,0.1,0,0,25303.2032613,1,1,0,129950.408352,0.3,34.4880753327
22,0.00254582062136,75415,75415,0.680002524706,0.00144915316955,0.0483362901927,1.38721043415e-11,6.66936671704e-12,3283,1,0,35605.3630829,14.5449581146,19320,0,0,0.371549058263,0.999899974344,0,0.1,0,0,25262.2716436,1,1,0,124184.787852,0.3,36.0417529582
23,0.00254468739008,75415,75415,0.680002524706,0.00389892705847,0.0483362901927,1.33506429486e-11,6.54654576062e-12,3274,1,0,36943.2281251,13.513792038,19318,0,0,0.371987059693,0.999899974344,0,0.1,0,0,25233.1941543,1,1,0,119102.675208,0.3,37.1259492082
24,0.00254185304907,75414,75414,0.679993507899,-0.000990689506051,0.0483362901927,1.25741127631e-11,6.47812636556e-12,3272,1,0,35066.217083,13.5090837479,19225,0,0,0.372348361589,0.999899974344,0,0.1,0,0,25053.3588856,1,1,0,114449.355997,0.3,35.2926712907
25,0.00254057595958,75414,75414,0.679993507899,0.00158279004908,0.0483362901927,1.12244232034e-11,6.38653881263e-12,3265,1,0,34730.7562909,12.4192090034,19226,0,0,0.370055343829,0.999881478278,0,0.1,0,0,24995.0687714,1,1,0,109978.638679,0.3,51.0875678333
26,0.00253980930067,75415,75415,0.680002524706,-0.00702623698934,0.0483362901927,1.09444627349e-11,6.65696995455e-12,3099,1,0,22727.1218753,11.8491668701,17766,0,0,0.368776257547,0.999881478278,0,0.1,0,0,23855.2176485,1,1,0,129659.090317,0.3,22.8836414577
27,0.00253814658078,75414,75414,0.679993507899,0.00339930167504,0.0483362901927,1.02147694015e-11,6.42503657973e-12,3115,1,0,23481.7176251,12.853415966,18065,0,0,0.369863519515,0.999881478278,0,0.1,0,0,24109.6785513,1,1,0,124469.099154,0.3,23.727805417
28,0.0025369674197,75414,75414,0.679993507899,0.00198333770977,0.0483362901927,9.92035160764e-12,6.32479615353e-12,3077,1,0,25729.4724159,11.7221670151,18119,0,0,0.37046894487,0.999881478278,0,0.1,0,0,24167.7220097,1,1,0,119665.745273,0.3,25.889119416
29,0.00253568729016,75414,75414,0.679993507899,0.000389911515158,0.0483362901927,8.94004360334e-12,6.24181799459e-12,3082,1,0,27212.0510826,12.7975001335,18241,0,0,0.370966147417,0.999881478278,0,0.1,0,0,24175.1768086,1,1,0,115244.373269,0.3,27.4439707077
30,0.0025335266233,75414,75414,0.679993507899,-0.00216282567015,0.0483362901927,8.229505824e-12,6.19971198407e-12,3097,1,0,27865.399416,16.5829591751,18340,0,0,0.328615427413,0.99984889241,0,0.1,0,0,24084.5356911,1,1,0,110502.567568,0.3,45.8014858337
31,0.00253436422109,75414,75414,0.679993507899,-0.00335172124481,0.0483362901927,8.89160509781e-12,6.33821999544e-12,2976,1,0,29861.513,16.4090828896,17328,0,0,0.318821501717,0.99984889241,0,0.1,0,0,23687.6168334,1,1,0,125992.506555,0.3,30.1859010421
32,0.00253239491583,75415,75415,0.680002524706,-5.36475949436e-05,0.0483362901927,7.19479150588e-12,6.20596918641e-12,3062,1,0,34784.9876671,14.6859169006,17615,0,0,0.319076257816,0.99984889241,0,0.1,0,0,23796.7313044,1,1,0,120955.089786,0.3,35.0733817499
33,0.00253196537706,75414,75414,0.679993507899,0.0029086739523,0.0483362901927,7.44057363001e-12,6.09093318623e-12,3012,1,0,35808.1299577,15.508834362,17874,0,0,0.325737033844,0.99984889241,0,0.1,0,0,23989.5512192,1,1,0,116422.422118,0.3,36.1601624996
34,0.00253113275244,75415,75415,0.680002524706,-0.000325255554155,0.0483362901927,7.22988942595e-12,6.08951259922e-12,3045,1,0,32647.7967086,13.9990000725,18108,0,0,0.324373284107,0.99984889241,0,0.1,0,0,24000.9010712,1,1,0,111897.166348,0.3,32.9688154999
35,0.00253067609713,75414,75414,0.679993507899,0.00111768536073,0.0483362901927,7.57281834033e-12,6.05333037979e-12,3030,1,0,33059.9213753,14.4417500496,18364,0,0,0.311520014546,0.999825012096,0,0.1,0,0,24027.987667,1,1,0,107433.072534,0.3,53.132133917
36,0.00253141883166,75414,75414,0.679993507899,-0.00619170205109,0.0483362901927,9.46743029379e-12,6.23925390401e-12,2956,1,0,33240.6252913,14.0843338966,17208,0,0,0.311716631769,0.999825012096,0,0.1,0,0,23671.7346346,1,1,0,123363.44407,0.3,33.4870329173
37,0.00253032322802,75415,75415,0.680002524706,0.0018491396662,0.0483362901927,9.37673551474e-12,6.07964598387e-12,3020,1,0,35227.0120831,13.1605415344,17612,0,0,0.311802940847,0.999825012096,0,0.1,0,0,23924.7004971,1,1,0,118819.920808,0.3,35.5303652077
38,0.00252956869998,75414,75414,0.679993507899,0.000468892284953,0.0483362901927,8.19915649515e-12,6.01185557881e-12,3026,1,0,32929.622458,14.9084587097,17909,0,0,0.31224414503,0.999825012096,0,0.1,0,0,24003.8584019,1,1,0,114464.868062,0.3,33.2759206672
39,0.00252958619205,75415,75415,0.680002524706,0.00186919650203,0.0483362901927,7.14445718763e-12,5.99765462334e-12,3051,1,0,32971.832458,12.654417038,18197,0,0,0.312979411361,0.999825012096,0,0.1,0,0,24121.8849615,1,1,0,110220.493783,0.3,33.1551085408
40,0.00252913686082,75415,75415,0.680002524706,-0.000142115466095,0.0483362901927,6.48675849775e-12,5.98413494232e-12,3055,1,0,36579.3269997,13.8979172707,18516,0,0,0.296509082616,0.999775283855,0,0.1,0,0,24116.7630034,1,1,0,105857.717658,0.3,55.0206895834
41,0.00253029634163,75414,75414,0.679993507899,-0.00454951183987,0.0483362901927,8.55102879935e-12,6.13305825925e-12,2937,1,0,31914.412291,13.4672088623,17264,0,0,0.293948944905,0.999775283855,0,0.1,0,0,23836.2602043,1,1,0,123124.446575,0.3,32.2249573329
42,0.00252929334489,75414,75414,0.679993507899,0.000364343658215,0.0483362901927,6.19475526148e-12,6.04140124431e-12,3005,1,0,34331.6282496,13.1870832443,17720,0,0,0.294468036893,0.999775283855,0,0.1,0,0,24023.6628163,1,1,0,118560.14051,0.3,34.6122568343
43,0.00252870928388,75415,75415,0.680002524706,0.00149651327458,0.0483362901927,5.5216174999e-12,5.93114054131e-12,3049,1,0,34395.2068748,14.6733341217,18068,0,0,0.295900142691,0.999775283855,0,0.1,0,0,24222.5667546,1,1,0,114162.628086,0.3,34.6841374584
44,0.0025286031944,75414,75414,0.679993507899,0.000475949914139,0.0483362901927,6.27771604688e-12,5.96522312126e-12,3052,1,0,36417.6183753,13.7136249542,18391,0,0,0.296849734037,0.999775283855,0,0.1,0,0,24239.6247691,1,1,0,109735.878515,0.3,36.7164330408
45,0.00252820232011,75414,75414,0.679993507899,0.000678477930935,0.0483362901927,5.9358381631e-12,5.92369836445e-12,3086,1,0,33806.0890827,15.1520419121,18674,0,0,0.265367478489,0.999140280322,0,0.1,0,0,24300.5203614,1,1,0,105525.774883,0.3,52.1967103328
46,0.00252947360065,75415,75415,0.680002524706,-0.0059663099877,0.0483362901927,1.03112138846e-11,6.10964835732e-12,2946,1,0,34472.3955412,13.3647499084,17434,0,0,0.246602554866,0.998241356263,0,0.1,0,0,23912.7983842,1,1,0,122650.151558,0.3,34.7850254998
47,0.00252824798159,75415,75415,0.680002524706,0.000868010317293,0.0483362901927,6.88897231701e-12,5.94637027344e-12,3041,1,0,33301.7212501,13.8083748817,17949,0,0,0.249056510398,0.998241356263,0,0.1,0,0,24223.749488,1,1,0,118283.252301,0.3,33.5896067503
48,0.00252682021699,75414,75414,0.679993507899,-0.00124790547967,0.0483362901927,5.9147973429e-12,5.8685442254e-12,3029,1,0,35736.084125,14.1414165497,18192,0,0,0.247542957169,0.998241356263,0,0.1,0,0,24285.2948647,1,1,0,113759.001135,0.3,36.0609362922
49,0.00252688482742,75415,75415,0.680002524706,0.00153114364977,0.0483362901927,5.6332104797e-12,5.85907748526e-12,3052,1,0,33673.8917079,13.670416832,18518,0,0,0.251911463013,0.998241356263,0,0.1,0,0,24381.5148829,1,1,0,109537.100062,0.3,33.9319043751
50,0.00252655453142,75414,75414,0.679993507899,-0.000401636324681,0.0483362901927,6.43403172633e-12,5.87846384409e-12,3047,1,0,33953.8555002,14.469291687,18770,0,0,0.213626756962,0.99965176764,0,0.1,0,0,24325.2606916,1,1,0,105162.023171,0.3,53.5333641251
51,0.00252801835097,75415,75415,0.680002524706,-0.00451933074467,0.0483362901927,1.00832558223e-11,5.99059248449e-12,2971,1,0,32403.6100411,14.429833889,17605,0,0,0.208161721604,0.99965176764,0,0.1,0,0,24026.2728759,1,1,0,122564.632627,0.3,32.7239922499
52,0.00252663390868,75414,75414,0.679993507899,-0.00107939588285,0.0483362901927,6.31038397023e-12,5.90458186165e-12,3019,1,0,32633.1119161,13.451458931,17994,0,0,0.208310607648,0.993089315974,0,0.1,0,0,24211.2709071,1,1,0,118147.12917,0.3,32.8841775004
53,0.00252664041646,75415,75415,0.680002524706,0.00246175321027,0.0483362901927,6.38615894117e-12,5.83230568024e-12,3027,1,0,35583.004333,17.4894170761,18371,0,0,0.212963545884,0.99965176764,0,0.1,0,0,24368.2500391,1,1,0,113971.936624,0.3,35.8863880835
54,0.00252576799212,75414,75414,0.679993507899,-0.0017110189567,0.0483362901927,6.4009704643e-12,5.83488634144e-12,3045,1,0,35989.1139998,13.1612081528,18598,0,0,0.212522619151,0.99965176764,0,0.1,0,0,24345.0028354,1,1,0,109531.802775,0.3,36.2611839999
55,0.0025259464829,75414,75414,0.679993507899,0.00193617510193,0.0483362901927,5.87030003561e-12,5.8014907702e-12,3083,1,0,33605.036458,13.8635001183,18921,0,0,0.191409332887,0.988112294738,0,0.1,0,0,24435.1513315,1,1,0,105509.852386,0.3,52.0933093331
56,0.00252676960076,75414,75414,0.679993507899,-0.00840043517401,0.0483362901927,8.23032039565e-12,5.98381776293e-12,2999,1,0,32760.0454593,15.3087906837,17676,0,0,0.194257694771,0.981161987145,0,0.1,0,0,23957.3098018,1,1,0,122280.057916,0.3,33.085051083
57,0.00252659520687,75414,75414,0.679993507899,0.00317229613953,0.0483362901927,5.61974401049e-12,5.87007717946e-12,3081,1,0,36217.9990001,15.2128329277,18232,0,0,0.1942638717,0.979854331006,0,0.1,0,0,24279.9671336,1,1,0,118117.585363,0.3,36.5168645829
58,0.00252533126319,75414,75414,0.679993507899,-0.00103132408569,0.0483362901927,6.16432423491e-12,5.79663709863e-12,3057,1,0,37186.2827921,16.8538746834,18446,0,0,0.197110967071,0.979889825087,0,0.1,0,0,24313.902284,1,1,0,113627.758364,0.3,37.4691284588
59,0.00252515541713,75414,75414,0.679993507899,0.00110153750204,0.0483362901927,5.32260066903e-12,5.76156319451e-12,3070,1,0,33672.3146253,13.7554168701,18827,0,0,0.198562324738,0.979854331006,0,0.1,0,0,24407.249186,1,1,0,109490.926317,0.3,33.9748013341
60,0.0025243708802,75415,75415,0.680002524706,-0.00196281087146,0.0483362901927,5.90936210942e-12,5.7941325894e-12,3102,1,0,33804.5566669,13.8587498665,18981,0,0,0.196439407171,0.98724052037,0,0.1,0,0,24317.9601233,1,1,0,105175.015012,0.3,52.5170872919
