schedule,cg_tol,rung,iter,compliance,change_design,max_dphys,mean_dphys,class_frac,class_count,solid,cg_iters,mg_used,hier_built,mg_levels,cycles,active_frac,beta,plateau,infeasible,vf,mnd,mfv,mnd_proj,mfv_proj,draft,traj_tol
base,1e-09,0,1,25.060108,0.1998,-1,-1,-1,-1,4480,26,1,1,2,26,1.0000,0,0,0,0.64548,0.824889,104,0.824889,104,0,1.00e-09
base,1e-09,0,2,18.102028,0.1998,0.19636,0.0800103,0.137946,618,4480,27,1,1,2,27,1.0000,0,0,0,0.65633,0.704762,132,0.704762,132,0,1.00e-09
base,1e-09,0,3,13.297991,0.1998,0.189069,0.0590608,0.0669643,300,4480,28,1,1,2,28,1.0000,0,0,0,0.66681,0.610834,106,0.610834,106,0,1.00e-09
base,1e-09,0,4,11.500463,0.1998,0.149672,0.0394885,0.0549107,246,4480,31,1,1,2,31,1.0000,0,0,0,0.67358,0.534588,100,0.534588,100,0,1.00e-09
base,1e-09,0,5,10.781064,0.180709,0.11874,0.0184054,0.0151786,68,4480,36,1,1,2,36,1.0000,0,0,0,0.67783,0.505442,108,0.505442,108,0,1.00e-09
base,1e-09,0,6,10.553305,0.194527,0.124862,0.0165248,0.0366071,164,4480,34,1,1,2,34,1.0000,0,0,0,0.67830,0.478441,106,0.478441,106,0,1.00e-09
base,1e-09,0,7,10.435757,0.166996,0.105169,0.0130513,0.0142857,64,4480,33,1,1,2,33,1.0000,0,0,0,0.67900,0.455917,104,0.455917,104,0,1.00e-09
base,1e-09,0,8,10.353217,0.166894,0.092003,0.00771312,0.0111607,50,4480,31,1,1,2,31,1.0000,0,0,0,0.67953,0.446429,106,0.446429,106,0,1.00e-09
base,1e-09,0,9,10.31352,0.148026,0.07968,0.00857338,0.015625,70,4480,30,1,1,2,30,1.0000,0,0,0,0.67946,0.437402,124,0.437402,124,0,1.00e-09
base,1e-09,0,10,10.2791,0.163031,0.130426,0.0115584,0.0174107,78,4480,29,1,1,2,29,1.0000,0,0,0,0.67918,0.423517,150,0.423517,150,0,1.00e-09
base,1e-09,0,11,10.228334,0.195105,0.157968,0.0156761,0.0178571,80,4480,30,1,1,2,30,1.0000,0,0,0,0.67869,0.400894,154,0.400894,154,0,1.00e-09
base,1e-09,0,12,10.148066,0.1998,0.175568,0.0201521,0.0151786,68,4480,31,1,1,2,31,1.0000,0,0,0,0.67809,0.366951,160,0.366951,160,0,1.00e-09
base,1e-09,0,13,10.032322,0.1998,0.189373,0.0198961,0.00803571,36,4480,30,1,1,2,30,1.0000,0,0,0,0.67822,0.328873,154,0.328873,154,0,1.00e-09
base,1e-09,0,14,9.9112122,0.1998,0.187257,0.0150117,0.00758929,34,4480,30,1,1,2,30,1.0000,0,0,0,0.67863,0.299612,144,0.299612,144,0,1.00e-09
base,1e-09,0,15,9.8246301,0.1998,0.176131,0.0114951,0.00669643,30,4480,31,1,1,2,31,1.0000,0,0,0,0.67891,0.276965,140,0.276965,140,0,1.00e-09
base,1e-09,0,16,9.7625934,0.1998,0.158186,0.00828044,0.00357143,16,4480,31,1,1,2,31,1.0000,0,0,0,0.67923,0.261474,144,0.261474,144,0,1.00e-09
base,1e-09,0,17,9.7188135,0.1998,0.0981398,0.00514836,0.00357143,16,4480,31,1,1,2,31,1.0000,0,0,0,0.67962,0.253692,150,0.253692,150,0,1.00e-09
base,1e-09,0,18,9.6927974,0.1998,0.0903347,0.00377985,0.00357143,16,4480,32,1,1,2,32,1.0000,0,0,0,0.67976,0.250096,150,0.250096,150,0,1.00e-09
base,1e-09,0,19,9.6801724,0.1998,0.0947641,0.00356218,0.00401786,18,4480,33,1,1,2,33,1.0000,0,0,0,0.67978,0.246613,150,0.246613,150,0,1.00e-09
base,1e-09,0,20,9.6702643,0.1998,0.0854605,0.00287292,0.000892857,4,4480,35,1,1,2,35,1.0000,0,0,0,0.67985,0.243894,152,0.243894,152,0,1.00e-09
base,1e-09,0,21,9.662297,0.1998,0.0684419,0.00250864,0.00223214,10,4480,36,1,1,2,36,1.0000,0,0,0,0.67988,0.241876,146,0.241876,146,0,1.00e-09
base,1e-09,0,22,9.6563944,0.1998,0.0751618,0.00232443,0,0,4480,36,1,1,2,36,1.0000,0,0,0,0.67992,0.240432,146,0.240432,146,0,1.00e-09
base,1e-09,0,23,9.6520727,0.1998,0.0902581,0.0019451,0.00223214,10,4480,35,1,1,2,35,1.0000,0,0,0,0.67995,0.239392,140,0.239392,140,0,1.00e-09
base,1e-09,0,24,9.6491663,0.1998,0.0785861,0.00173827,0.00223214,10,4480,35,1,1,2,35,1.0000,0,0,0,0.67996,0.238487,150,0.238487,150,0,1.00e-09
base,1e-09,0,25,9.6468472,0.1998,0.0774827,0.00165272,0.000892857,4,4480,33,1,1,2,33,1.0000,0,0,0,0.67996,0.237883,152,0.237883,152,0,1.00e-09
base,1e-09,0,26,9.6446435,0.1998,0.0855243,0.00158083,0.00133929,6,4480,33,1,1,2,33,1.0000,0,0,0,0.67996,0.237652,156,0.237652,156,0,1.00e-09
base,1e-09,0,27,9.6425834,0.1998,0.102215,0.00159153,0.00178571,8,4480,32,1,1,2,32,1.0000,0,0,0,0.67996,0.237498,156,0.237498,156,0,1.00e-09
base,1e-09,0,28,9.6402214,0.1998,0.105866,0.00150197,0.000892857,4,4480,32,1,1,2,32,1.0000,0,0,0,0.67996,0.237731,160,0.237731,160,0,1.00e-09
base,1e-09,0,29,9.6376726,0.1998,0.106523,0.00157151,0.000446429,2,4480,32,1,1,2,32,1.0000,0,0,0,0.67996,0.237997,162,0.237997,162,0,1.00e-09
base,1e-09,0,30,9.6348292,0.1998,0.107489,0.00143009,0.000446429,2,4480,32,1,1,2,32,1.0000,0,0,0,0.67996,0.238374,164,0.238374,164,0,1.00e-09
base,1e-09,0,31,9.6319688,0.1998,0.108072,0.00141166,0.00267857,12,4480,32,1,1,2,32,1.0000,0,0,0,0.67996,0.238797,168,0.238797,168,0,1.00e-09
base,1e-09,0,32,9.6290752,0.1998,0.108676,0.00141088,0.00178571,8,4480,33,1,1,2,33,1.0000,0,0,0,0.67995,0.239078,182,0.239078,182,0,1.00e-09
base,1e-09,0,33,9.625961,0.1998,0.109538,0.00126374,0.00133929,6,4480,32,1,1,2,32,1.0000,0,0,0,0.67996,0.23931,182,0.23931,182,0,1.00e-09
base,1e-09,0,34,9.6231033,0.1998,0.105756,0.00113104,0.000446429,2,4480,34,1,1,2,34,1.0000,0,0,0,0.67997,0.23969,184,0.23969,184,0,1.00e-09
base,1e-09,0,35,9.6204853,0.1998,0.103262,0.00102877,0.000892857,4,4480,34,1,1,2,34,1.0000,0,0,0,0.67997,0.240226,182,0.240226,182,0,1.00e-09
base,1e-09,0,36,9.6184617,0.1998,0.103005,0.00109755,0.000446429,2,4480,34,1,1,2,34,1.0000,0,0,0,0.67997,0.240758,184,0.240758,184,0,1.00e-09
base,1e-09,0,37,9.6165293,0.1998,0.107297,0.00124333,0.000892857,4,4480,35,1,1,2,35,1.0000,0,0,0,0.67996,0.241299,184,0.241299,184,0,1.00e-09
base,1e-09,0,38,9.6144144,0.1998,0.104995,0.00135613,0.00178571,8,4480,35,1,1,2,35,1.0000,0,0,0,0.67996,0.24175,188,0.24175,188,0,1.00e-09
base,1e-09,0,39,9.6119322,0.1998,0.0977047,0.0014062,0.00133929,6,4480,36,1,1,2,36,1.0000,0,0,0,0.67996,0.242279,186,0.242279,186,0,1.00e-09
base,1e-09,0,40,9.6093246,0.1998,0.0946599,0.00161202,0.00133929,6,4480,35,1,1,2,35,1.0000,0,0,0,0.67996,0.242852,186,0.242852,186,0,1.00e-09
base,1e-09,0,41,9.6063054,0.1998,0.10059,0.00162643,0.00133929,6,4480,37,1,1,2,37,1.0000,0,0,0,0.67996,0.243635,186,0.243635,186,0,1.00e-09
base,1e-09,0,42,9.60338,0.1998,0.0973407,0.0017195,0.00223214,10,4480,37,1,1,2,37,1.0000,0,0,0,0.67995,0.244647,188,0.244647,188,0,1.00e-09
base,1e-09,0,43,9.6004216,0.1998,0.10427,0.00190542,0.00178571,8,4480,37,1,1,2,37,1.0000,0,0,0,0.67995,0.245727,190,0.245727,190,0,1.00e-09
base,1e-09,0,44,9.5968607,0.1998,0.110781,0.0017821,0.000892857,4,4480,38,1,1,2,38,1.0000,0,0,0,0.67995,0.246698,194,0.246698,194,0,1.00e-09
base,1e-09,0,45,9.5931311,0.1998,0.112697,0.00162243,0.00267857,12,4480,38,1,1,2,38,1.0000,0,0,0,0.67996,0.247435,200,0.247435,200,0,1.00e-09
base,1e-09,0,46,9.5893778,0.1998,0.113216,0.00151776,0.00133929,6,4480,38,1,1,2,38,1.0000,0,0,0,0.67996,0.247952,202,0.247952,202,0,1.00e-09
base,1e-09,0,47,9.5860264,0.1998,0.0873139,0.00146308,0.000446429,2,4480,39,1,1,2,39,1.0000,0,0,0,0.67997,0.248379,202,0.248379,202,0,1.00e-09
base,1e-09,0,48,9.5832601,0.1998,0.089923,0.00133682,0.00178571,8,4480,39,1,1,2,39,1.0000,0,0,0,0.67997,0.248637,202,0.248637,202,0,1.00e-09
base,1e-09,0,49,9.5813553,0.1998,0.0975004,0.00139361,0.00133929,6,4480,39,1,1,2,39,1.0000,0,0,0,0.67997,0.248934,202,0.248934,202,0,1.00e-09
base,1e-09,0,50,9.5792831,0.1998,0.100505,0.00161459,0.000892857,4,4480,39,1,1,2,39,1.0000,0,0,0,0.67996,0.249327,202,0.249327,202,0,1.00e-09
base,1e-09,0,51,9.5766519,0.1998,0.0903347,0.00184482,0.00133929,6,4480,39,1,1,2,39,1.0000,0,0,0,0.67996,0.249848,196,0.249848,196,0,1.00e-09
base,1e-09,0,52,9.5736943,0.1998,0.0903347,0.00187603,0.00267857,12,4480,39,1,1,2,39,1.0000,0,0,0,0.67995,0.250186,194,0.250186,194,0,1.00e-09
base,1e-09,0,53,9.570517,0.1998,0.0903347,0.00163493,0.00267857,12,4480,40,1,1,2,40,1.0000,0,0,0,0.67996,0.250199,186,0.250199,186,0,1.00e-09
base,1e-09,0,54,9.5671932,0.1998,0.088413,0.0011498,0.000892857,4,4480,40,1,1,2,40,1.0000,0,0,0,0.67998,0.249917,188,0.249917,188,0,1.00e-09
base,1e-09,0,55,9.5646635,0.1998,0.0711083,0.000850794,0,0,4480,40,1,1,2,40,1.0000,0,0,0,0.67999,0.249541,188,0.249541,188,0,1.00e-09
base,1e-09,0,56,9.5631427,0.1998,0.0608773,0.000620492,0.000892857,4,4480,40,1,1,2,40,1.0000,0,0,0,0.67999,0.249461,188,0.249461,188,0,1.00e-09
base,1e-09,0,57,9.5625289,0.1998,0.0672246,0.000596106,0.000446429,2,4480,40,1,1,2,40,1.0000,0,0,0,0.67999,0.249345,188,0.249345,188,0,1.00e-09
base,1e-09,0,58,9.5621068,0.1998,0.0722678,0.000563841,0,0,4480,40,1,1,2,40,1.0000,0,0,0,0.67999,0.249217,188,0.249217,188,0,1.00e-09
base,1e-09,0,59,9.5616182,0.1998,0.0697894,0.000532732,0.00133929,6,4480,40,1,1,2,40,1.0000,0,0,0,0.67999,0.249026,186,0.249026,186,0,1.00e-09
base,1e-09,0,60,9.5611498,0.187778,0.0679193,0.0004553,0.000446429,2,4480,40,1,1,2,40,1.0000,0,0,0,0.67999,0.248847,186,0.248847,186,0,1.00e-09
base,1e-09,0,61,9.560671,0.1998,0.0722678,0.000466804,0,0,4480,41,1,1,2,41,1.0000,0,0,0,0.67999,0.248691,186,0.248691,186,0,1.00e-09
base,1e-09,0,62,9.5601462,0.1998,0.089811,0.00051692,0.000892857,4,4480,41,1,1,2,41,1.0000,0,0,0,0.67999,0.248469,186,0.248469,186,0,1.00e-09
base,1e-09,0,63,9.5594136,0.1998,0.0934345,0.000468507,0,0,4480,40,1,1,2,40,1.0000,0,0,0,0.67999,0.248327,186,0.248327,186,0,1.00e-09
base,1e-09,0,64,9.5587638,0.1998,0.0893892,0.000415632,0,0,4480,40,1,1,2,40,1.0000,0,1,0,0.67999,0.248145,186,0.248145,186,0,1.00e-09
base,1e-09,0,65,10.588342,0.1998,0.274246,0.0454588,0.0129464,58,4480,32,1,1,2,32,1.0000,1,0,0,0.66983,0.351382,160,0.334571,160,0,1.00e-09
base,1e-09,0,66,10.014514,0.116875,0.0747123,0.0160814,0.00133929,6,4480,39,1,1,2,39,1.0000,1,0,0,0.67551,0.309504,154,0.29365,154,0,1.00e-09
base,1e-09,0,67,9.745725,0.128591,0.0631444,0.010204,0.00178571,8,4480,39,1,1,2,39,1.0000,1,0,0,0.67746,0.289468,152,0.273828,152,0,1.00e-09
base,1e-09,0,68,9.645566,0.124275,0.0617121,0.00774288,0.00178571,8,4480,39,1,1,2,39,1.0000,1,0,0,0.67828,0.274994,150,0.259584,150,0,1.00e-09
base,1e-09,0,69,9.5863688,0.115702,0.0584366,0.00486802,0.00133929,6,4480,39,1,1,2,39,1.0000,1,0,0,0.67870,0.266562,150,0.251234,150,0,1.00e-09
base,1e-09,0,70,9.555491,0.11221,0.0531662,0.00319329,0.00133929,6,4480,39,1,1,2,39,1.0000,1,0,0,0.67901,0.262157,154,0.246829,154,0,1.00e-09
base,1e-09,0,71,9.538903,0.121008,0.0503282,0.00257782,0.000892857,4,4480,40,1,1,2,40,1.0000,1,0,0,0.67911,0.258988,154,0.243655,154,0,1.00e-09
base,1e-09,0,72,9.5288258,0.107885,0.0387603,0.00198435,0.000892857,4,4480,40,1,1,2,40,1.0000,1,0,0,0.67920,0.256677,156,0.241336,156,0,1.00e-09
base,1e-09,0,73,9.5217081,0.135612,0.0574928,0.00174173,0.000446429,2,4480,42,1,1,2,42,1.0000,1,0,0,0.67926,0.25469,158,0.239353,158,0,1.00e-09
base,1e-09,0,74,9.516583,0.0906143,0.0363483,0.00117123,0,0,4480,42,1,1,2,42,1.0000,1,0,0,0.67932,0.253465,158,0.238132,158,0,1.00e-09
base,1e-09,0,75,9.5137415,0.122225,0.0386668,0.0010726,0.00133929,6,4480,42,1,1,2,42,1.0000,1,0,0,0.67934,0.25245,158,0.237117,158,0,1.00e-09
base,1e-09,0,76,9.5116837,0.0850818,0.0307741,0.000998491,0.00178571,8,4480,42,1,1,2,42,1.0000,1,0,0,0.67936,0.25153,162,0.236193,162,0,1.00e-09
base,1e-09,0,77,9.5098405,0.123466,0.0442339,0.00107025,0,0,4480,42,1,1,2,42,1.0000,1,0,0,0.67936,0.250513,162,0.235173,162,0,1.00e-09
base,1e-09,0,78,9.5079536,0.151085,0.0546476,0.00113455,0.000892857,4,4480,40,1,1,2,40,1.0000,1,0,0,0.67938,0.24952,164,0.234177,164,0,1.00e-09
base,1e-09,0,79,9.5059695,0.131938,0.0598118,0.00101324,0,0,4480,40,1,1,2,40,1.0000,1,0,0,0.67940,0.248636,164,0.233297,164,0,1.00e-09
base,1e-09,0,80,9.5042483,0.1998,0.0892229,0.000920878,0,0,4480,40,1,1,2,40,1.0000,1,0,0,0.67941,0.247921,164,0.232583,164,0,1.00e-09
base,1e-09,0,81,9.5027078,0.108753,0.0333346,0.00066934,0.00133929,6,4480,40,1,1,2,40,1.0000,1,0,0,0.67943,0.247597,166,0.232261,166,0,1.00e-09
base,1e-09,0,82,9.501676,0.092099,0.026495,0.000570138,0.00178571,8,4480,41,1,1,2,41,1.0000,1,0,0,0.67943,0.247478,166,0.232137,166,0,1.00e-09
base,1e-09,0,83,9.5010253,0.0898992,0.0260323,0.000487374,0,0,4480,41,1,1,2,41,1.0000,1,0,0,0.67944,0.247458,166,0.232112,166,0,1.00e-09
base,1e-09,0,84,9.5005871,0.0835091,0.0298305,0.000505377,0.000446429,2,4480,40,1,1,2,40,1.0000,1,0,0,0.67944,0.247428,166,0.232076,166,0,1.00e-09
base,1e-09,0,85,9.5002327,0.0960481,0.0300918,0.000469256,0,0,4480,40,1,1,2,40,1.0000,1,0,0,0.67944,0.247414,166,0.232058,166,0,1.00e-09
base,1e-09,0,86,9.4999191,0.107497,0.039893,0.00034538,0.00178571,8,4480,40,1,1,2,40,1.0000,1,0,0,0.67945,0.247423,170,0.232058,170,0,1.00e-09
base,1e-09,0,87,9.4996849,0.149038,0.0549532,0.000416891,0,0,4480,40,1,1,2,40,1.0000,1,0,0,0.67945,0.247405,170,0.23203,170,0,1.00e-09
base,1e-09,0,88,9.4994429,0.113484,0.0424888,0.00043841,0.000892857,4,4480,40,1,1,2,40,1.0000,1,1,0,0.67945,0.247429,170,0.232046,170,0,1.00e-09
base,1e-09,0,89,9.353399,0.0612429,0.0242411,0.00136277,0.000892857,4,4480,42,1,1,2,42,1.0000,2,0,0,0.67804,0.249607,170,0.194912,170,0,1.00e-09
base,1e-09,0,90,9.366425,0.0400829,0.0105707,0.000329495,0.000892857,4,4480,42,1,1,2,42,1.0000,2,0,0,0.67815,0.249191,170,0.19459,170,0,1.00e-09
base,1e-09,0,91,9.3653039,0.0456818,0.012262,0.000242838,0,0,4480,42,1,1,2,42,1.0000,2,0,0,0.67817,0.249039,170,0.194448,170,0,1.00e-09
base,1e-09,0,92,9.3649913,0.0541746,0.0146022,0.000241505,0,0,4480,42,1,1,2,42,1.0000,2,0,0,0.67819,0.248906,170,0.194313,170,0,1.00e-09
base,1e-09,0,93,9.3647218,0.0656942,0.0177657,0.000260923,0,0,4480,42,1,1,2,42,1.0000,2,0,0,0.67821,0.248763,170,0.194166,170,0,1.00e-09
base,1e-09,0,94,9.3644386,0.0791739,0.0213729,0.000265031,0,0,4480,42,1,1,2,42,1.0000,2,0,0,0.67822,0.248611,170,0.194009,170,0,1.00e-09
base,1e-09,0,95,9.3641381,0.066266,0.0222991,0.000247506,0.000892857,4,4480,42,1,1,2,42,1.0000,2,0,0,0.67824,0.248488,172,0.193869,172,0,1.00e-09
base,1e-09,0,96,9.3638463,0.0842903,0.0283538,0.000258815,0.000892857,4,4480,42,1,1,2,42,1.0000,2,0,0,0.67825,0.248371,172,0.19373,172,0,1.00e-09
base,1e-09,0,97,9.3635867,0.0756265,0.0255028,0.000266974,0,0,4480,42,1,1,2,42,1.0000,2,0,0,0.67826,0.24825,172,0.193584,172,0,1.00e-09
base,1e-09,0,98,9.3633158,0.0957906,0.0259856,0.000277038,0,0,4480,42,1,1,2,42,1.0000,2,0,0,0.67827,0.248115,172,0.193427,172,0,1.00e-09
base,1e-09,0,99,9.3630669,0.119789,0.0324957,0.000274485,0,0,4480,42,1,1,2,42,1.0000,2,1,0,0.67828,0.248021,172,0.193302,172,0,1.00e-09
base,1e-09,0,100,9.063186,0.100638,0.0454194,0.0029148,0.00133929,6,4480,45,1,1,2,45,1.0000,4,0,0,0.67526,0.253365,174,0.106246,174,0,1.00e-09
base,1e-09,0,101,9.0810233,0.070645,0.0170104,0.000919395,0,0,4480,45,1,1,2,45,1.0000,4,0,0,0.67579,0.251792,174,0.105504,174,0,1.00e-09
base,1e-09,0,102,9.078176,0.0633452,0.0198853,0.000482988,0,0,4480,45,1,1,2,45,1.0000,4,0,0,0.67595,0.251213,174,0.105154,174,0,1.00e-09
base,1e-09,0,103,9.0774216,0.0769207,0.0240875,0.000448023,0,0,4480,45,1,1,2,45,1.0000,4,0,0,0.67606,0.250765,174,0.104878,174,0,1.00e-09
base,1e-09,0,104,9.0768817,0.0551642,0.0184739,0.000424614,0,0,4480,45,1,1,2,45,1.0000,4,0,0,0.67617,0.250362,174,0.104639,174,0,1.00e-09
base,1e-09,0,105,9.0764118,0.0549693,0.0193925,0.000383228,0.00178571,8,4480,45,1,1,2,45,1.0000,4,0,0,0.67626,0.249992,182,0.10442,182,0,1.00e-09
base,1e-09,0,106,9.0760241,0.0616238,0.0222894,0.000392315,0,0,4480,45,1,1,2,45,1.0000,4,0,0,0.67638,0.249526,182,0.104173,182,0,1.00e-09
base,1e-09,0,107,9.075696,0.0587498,0.0186629,0.000408352,0,0,4480,45,1,1,2,45,1.0000,4,0,0,0.67650,0.249018,182,0.103901,182,0,1.00e-09
base,1e-09,0,108,9.0753982,0.068067,0.0243292,0.000386645,0,0,4480,45,1,1,2,45,1.0000,4,0,0,0.67661,0.248583,182,0.103644,182,0,1.00e-09
base,1e-09,0,109,9.0751287,0.0895377,0.0320669,0.000377291,0,0,4480,45,1,1,2,45,1.0000,4,0,0,0.67671,0.248221,182,0.103404,182,0,1.00e-09
base,1e-09,0,110,9.0748527,0.0865515,0.0277134,0.000337127,0.000446429,2,4480,45,1,1,2,45,1.0000,4,1,0,0.67681,0.247901,184,0.103204,184,0,1.00e-09
base,1e-09,0,111,8.8597268,0.13601,0.0615216,0.00319178,0.000446429,2,4480,46,1,1,2,46,1.0000,8,0,0,0.67786,0.2544,182,0.0233416,182,0,1.00e-09
base,1e-09,0,112,8.8568578,0.0979885,0.0428029,0.00144243,0.000446429,2,4480,46,1,1,2,46,1.0000,8,0,0,0.67800,0.256801,182,0.022885,182,0,1.00e-09
base,1e-09,0,113,8.8555337,0.108291,0.0457604,0.00108549,0,0,4480,47,1,1,2,47,1.0000,8,0,0,0.67802,0.258556,182,0.0224792,182,0,1.00e-09
base,1e-09,0,114,8.8545857,0.0799404,0.0335609,0.000726186,0,0,4480,52,1,1,2,52,1.0000,8,0,0,0.67775,0.259455,182,0.0222306,182,0,1.00e-09
base,1e-09,0,115,8.8541663,0.0822307,0.0335761,0.000604083,0,0,4480,51,1,1,2,51,1.0000,8,0,0,0.67753,0.260032,182,0.0220299,182,0,1.00e-09
base,1e-09,0,116,8.8538585,0.0811696,0.0298412,0.000475964,0,0,4480,56,1,1,2,56,1.0000,8,0,0,0.67738,0.260368,182,0.021865,182,0,1.00e-09
base,1e-09,0,117,8.8536343,0.0778026,0.0233564,0.000371984,0,0,4480,57,1,1,2,57,1.0000,8,0,0,0.67724,0.260622,182,0.0217392,182,0,1.00e-09
base,1e-09,0,118,8.8534811,0.0747375,0.020094,0.000300408,0,0,4480,56,1,1,2,56,1.0000,8,0,0,0.67713,0.260771,182,0.0216481,182,0,1.00e-09
base,1e-09,0,119,8.8533859,0.0717058,0.0160462,0.000235803,0,0,4480,58,1,1,2,58,1.0000,8,0,0,0.67704,0.260851,182,0.0215757,182,0,1.00e-09
base,1e-09,0,120,8.8533183,0.0733523,0.0159661,0.000208696,0,0,4480,56,1,1,2,56,1.0000,8,0,0,0.67698,0.260891,182,0.0215144,182,0,1.00e-09
base,1e-09,0,121,8.8532684,0.0752127,0.0171404,0.00018642,0,0,4480,54,1,1,2,54,1.0000,8,1,0,0.67692,0.260934,182,0.0214657,182,0,1.00e-09
base,1e-09,0,122,8.8191335,0.0999,0.0921505,0.0230317,0.000446429,2,4480,47,1,1,2,47,1.0000,16,0,0,0.70080,0.289032,180,0.00727419,180,0,1.00e-09
base,1e-09,0,123,8.8167117,0.0999,0.0932257,0.0190257,0.000446429,2,4480,56,1,1,2,56,1.0000,16,0,0,0.68381,0.285886,180,0.00493436,180,0,1.00e-09
base,1e-09,0,124,8.8137695,0.0999,0.0931427,0.0142837,0.000892857,4,4480,65,1,1,2,65,1.0000,16,0,0,0.67103,0.289076,168,0.00295503,168,0,1.00e-09
base,1e-09,0,125,8.8131928,0.0999,0.0703007,0.00641298,0.000446429,2,4480,46,1,1,2,46,1.0000,16,0,0,0.67156,0.287843,174,0.00240601,174,0,1.00e-09
base,1e-09,0,126,8.8140394,0.0999,0.0846842,0.00344804,0,0,4480,56,1,1,2,56,1.0000,16,0,0,0.67101,0.28716,174,0.00206827,174,0,1.00e-09
base,1e-09,0,127,8.8137734,0.0999,0.0484837,0.00201892,0.000446429,2,4480,46,1,1,2,46,1.0000,16,0,0,0.67202,0.285266,180,0.00186936,180,0,1.00e-09
base,1e-09,0,128,8.8136434,0.0998248,0.0495579,0.00232484,0.000446429,2,4480,47,1,1,2,47,1.0000,16,0,0,0.67377,0.283624,174,0.00147264,174,0,1.00e-09
base,1e-09,0,129,8.8128615,0.0999,0.083268,0.00164447,0,0,4480,47,1,1,2,47,1.0000,16,0,0,0.67410,0.283479,174,0.00128812,174,0,1.00e-09
base,1e-09,0,130,8.8126182,0.0999,0.0718529,0.00235468,0,0,4480,47,1,1,2,47,1.0000,16,0,0,0.67247,0.284221,174,0.00131787,174,0,1.00e-09
base,1e-09,0,131,8.8128365,0.0999,0.0685343,0.00197335,0,0,4480,47,1,1,2,47,1.0000,16,0,0,0.67364,0.282764,174,0.0013329,174,0,1.00e-09
base,1e-09,0,132,8.8127457,0.0999,0.0516035,0.00124067,0,0,4480,48,1,1,2,48,1.0000,16,1,0,0.67316,0.283599,174,0.00129398,174,0,1.00e-09
base,1e-09,0,133,8.8108071,0.04995,0.0482463,0.00429448,0,0,4480,47,1,1,2,47,1.0000,32,1,0,0.66928,0.29085,174,0.000494943,174,0,1.00e-09
base,1e-09,0,134,8.8117839,0.04995,0.0445763,0.00340742,0,0,4480,47,1,1,2,47,1.0000,32,1,0,0.67258,0.288765,174,0.000391214,174,0,1.00e-09
base,1e-09,0,135,8.8112964,0.04995,0.0397094,0.00246217,0,0,4480,48,1,1,2,48,1.0000,32,1,0,0.67047,0.292002,174,0.000326511,174,0,1.00e-09
base,1e-09,0,136,8.8111606,0.04995,0.0300306,0.00222828,0,0,4480,48,1,1,2,48,1.0000,32,1,0,0.67237,0.291313,174,0.000322728,174,0,1.00e-09
base,1e-09,0,137,8.8111473,0.04995,0.0301573,0.00167555,0,0,4480,48,1,1,2,48,1.0000,32,1,0,0.67091,0.292953,174,0.000320343,174,0,1.00e-09
base,1e-09,0,138,8.8111455,0.04995,0.0293315,0.00135527,0,0,4480,48,1,1,2,48,1.0000,32,1,0,0.67199,0.293015,174,0.000321546,174,0,1.00e-09
base,1e-09,0,139,8.8111458,0.04995,0.0223224,0.000819548,0,0,4480,48,1,1,2,48,1.0000,32,1,0,0.67146,0.293672,174,0.000320656,174,0,1.00e-09
base,1e-09,0,140,8.8111449,0.04995,0.0199378,0.000639796,0,0,4480,48,1,1,2,48,1.0000,32,1,0,0.67185,0.294079,174,0.000320863,174,0,1.00e-09
base,1e-09,0,141,8.8111448,0.04995,0.0180977,0.000476293,0,0,4480,48,1,1,2,48,1.0000,32,1,0,0.67167,0.294521,174,0.000320793,174,0,1.00e-09
base,1e-09,0,142,8.8111448,0.0317853,0.0111535,0.000340736,0,0,4480,48,1,1,2,48,1.0000,32,1,0,0.67182,0.294808,174,0.000320809,174,0,1.00e-09
base,1e-09,0,143,8.8111447,0.0487008,0.0145465,0.000285199,0,0,4480,48,1,1,2,48,1.0000,32,1,0,0.67178,0.295092,174,0.000320779,174,0,1.00e-09
base,1e-09,1,1,55.714001,0.1998,-1,-1,-1,-1,4480,27,1,1,2,27,1.0000,0,0,0,0.48549,0.905728,180,0.905728,180,0,1.00e-09
base,1e-09,1,2,37.880191,0.1998,0.192657,0.0752305,0.103125,462,4480,25,1,1,2,25,1.0000,0,0,0,0.49770,0.817727,232,0.817727,232,0,1.00e-09
base,1e-09,1,3,25.805433,0.1998,0.174463,0.0634188,0.0200893,90,4480,28,1,1,2,28,1.0000,0,0,0,0.50491,0.701722,222,0.701722,222,0,1.00e-09
base,1e-09,1,4,19.43302,0.1998,0.145742,0.0387761,0.0196429,88,4480,32,1,1,2,32,1.0000,0,0,0,0.51233,0.638516,204,0.638516,204,0,1.00e-09
base,1e-09,1,5,16.899157,0.1998,0.125135,0.0229423,0.0116071,52,4480,29,1,1,2,29,1.0000,0,0,0,0.51603,0.598764,210,0.598764,210,0,1.00e-09
base,1e-09,1,6,15.805227,0.175892,0.10826,0.0162889,0.00848214,38,4480,29,1,1,2,29,1.0000,0,0,0,0.51807,0.570409,220,0.570409,220,0,1.00e-09
base,1e-09,1,7,15.1815,0.186202,0.100854,0.0109446,0.0133929,60,4480,29,1,1,2,29,1.0000,0,0,0,0.51915,0.557684,234,0.557684,234,0,1.00e-09
base,1e-09,1,8,14.921215,0.172468,0.0951295,0.0119232,0.0205357,92,4480,29,1,1,2,29,1.0000,0,0,0,0.51905,0.544387,292,0.544387,292,0,1.00e-09
base,1e-09,1,9,14.705219,0.167278,0.115567,0.0149188,0.0272321,122,4480,29,1,1,2,29,1.0000,0,0,0,0.51868,0.525468,292,0.525468,292,0,1.00e-09
base,1e-09,1,10,14.426822,0.191655,0.153938,0.0191095,0.0191964,86,4480,29,1,1,2,29,1.0000,0,0,0,0.51813,0.496233,300,0.496233,300,0,1.00e-09
base,1e-09,1,11,14.052466,0.1998,0.173567,0.0209196,0.0209821,94,4480,29,1,1,2,29,1.0000,0,0,0,0.51778,0.45918,290,0.45918,290,0,1.00e-09
base,1e-09,1,12,13.626662,0.1998,0.165234,0.019331,0.0200893,90,4480,30,1,1,2,30,1.0000,0,0,0,0.51792,0.424395,278,0.424395,278,0,1.00e-09
base,1e-09,1,13,13.25369,0.1998,0.136486,0.0159752,0.0151786,68,4480,30,1,1,2,30,1.0000,0,0,0,0.51836,0.396398,262,0.396398,262,0,1.00e-09
base,1e-09,1,14,12.963895,0.1998,0.118957,0.0128318,0.0178571,80,4480,30,1,1,2,30,1.0000,0,0,0,0.51876,0.375433,262,0.375433,262,0,1.00e-09
base,1e-09,1,15,12.758722,0.1998,0.118836,0.0102088,0.00625,28,4480,30,1,1,2,30,1.0000,0,0,0,0.51898,0.359492,254,0.359492,254,0,1.00e-09
base,1e-09,1,16,12.612177,0.1998,0.12026,0.00823626,0.00848214,38,4480,30,1,1,2,30,1.0000,0,0,0,0.51920,0.347159,284,0.347159,284,0,1.00e-09
base,1e-09,1,17,12.502566,0.1998,0.105263,0.00696144,0.00401786,18,4480,30,1,1,2,30,1.0000,0,0,0,0.51938,0.336527,282,0.336527,282,0,1.00e-09
base,1e-09,1,18,12.421323,0.1998,0.0880974,0.00540216,0.00580357,26,4480,29,1,1,2,29,1.0000,0,0,0,0.51959,0.329273,298,0.329273,298,0,1.00e-09
base,1e-09,1,19,12.363665,0.1998,0.0884845,0.00451053,0.00267857,12,4480,29,1,1,2,29,1.0000,0,0,0,0.51970,0.324076,302,0.324076,302,0,1.00e-09
base,1e-09,1,20,12.324623,0.1998,0.0741476,0.00404011,0.00357143,16,4480,29,1,1,2,29,1.0000,0,0,0,0.51977,0.320727,308,0.320727,308,0,1.00e-09
base,1e-09,1,21,12.295768,0.1998,0.0820562,0.00370145,0.003125,14,4480,30,1,1,2,30,1.0000,0,0,0,0.51981,0.317983,306,0.317983,306,0,1.00e-09
base,1e-09,1,22,12.272362,0.1998,0.0764358,0.00333141,0.00357143,16,4480,30,1,1,2,30,1.0000,0,0,0,0.51985,0.315664,322,0.315664,322,0,1.00e-09
base,1e-09,1,23,12.253811,0.1998,0.0869543,0.00245364,0.00178571,8,4480,32,1,1,2,32,1.0000,0,0,0,0.51991,0.314161,316,0.314161,316,0,1.00e-09
base,1e-09,1,24,12.240823,0.1998,0.0870555,0.00213019,0.00223214,10,4480,33,1,1,2,33,1.0000,0,0,0,0.51992,0.312871,322,0.312871,322,0,1.00e-09
base,1e-09,1,25,12.231806,0.1998,0.0811518,0.00187643,0.00223214,10,4480,33,1,1,2,33,1.0000,0,0,0,0.51994,0.311743,324,0.311743,324,0,1.00e-09
base,1e-09,1,26,12.224498,0.1998,0.0705791,0.00171077,0.00178571,8,4480,34,1,1,2,34,1.0000,0,0,0,0.51995,0.310873,326,0.310873,326,0,1.00e-09
base,1e-09,1,27,12.218935,0.1998,0.0718627,0.00156168,0.000892857,4,4480,34,1,1,2,34,1.0000,0,0,0,0.51997,0.310088,332,0.310088,332,0,1.00e-09
base,1e-09,1,28,12.214505,0.192518,0.0691705,0.00133626,0.000446429,2,4480,35,1,1,2,35,1.0000,0,0,0,0.51997,0.309677,332,0.309677,332,0,1.00e-09
base,1e-09,1,29,12.211224,0.138431,0.0471988,0.00119993,0.003125,14,4480,34,1,1,2,34,1.0000,0,0,0,0.51997,0.309459,338,0.309459,338,0,1.00e-09
base,1e-09,1,30,12.208587,0.173834,0.0491979,0.00123874,0.00223214,10,4480,34,1,1,2,34,1.0000,0,0,0,0.51997,0.309321,336,0.309321,336,0,1.00e-09
base,1e-09,1,31,12.205785,0.153258,0.0577009,0.00116422,0.000892857,4,4480,35,1,1,2,35,1.0000,0,0,0,0.51998,0.308977,336,0.308977,336,0,1.00e-09
base,1e-09,1,32,12.203307,0.1998,0.075744,0.00108677,0.000892857,4,4480,35,1,1,2,35,1.0000,0,0,0,0.51998,0.308693,332,0.308693,332,0,1.00e-09
base,1e-09,1,33,12.20084,0.1998,0.0803851,0.00119612,0.000446429,2,4480,36,1,1,2,36,1.0000,0,0,0,0.51997,0.308159,334,0.308159,334,0,1.00e-09
base,1e-09,1,34,12.197932,0.1998,0.0778867,0.001096,0.000892857,4,4480,38,1,1,2,38,1.0000,0,0,0,0.51998,0.307576,334,0.307576,334,0,1.00e-09
base,1e-09,1,35,12.194974,0.195409,0.073893,0.000934366,0.000892857,4,4480,39,1,1,2,39,1.0000,0,0,0,0.51998,0.307194,330,0.307194,330,0,1.00e-09
base,1e-09,1,36,12.192744,0.1998,0.0639525,0.000854495,0.000892857,4,4480,39,1,1,2,39,1.0000,0,0,0,0.51998,0.30687,328,0.30687,328,0,1.00e-09
base,1e-09,1,37,12.190933,0.1998,0.0585775,0.000859447,0.000892857,4,4480,38,1,1,2,38,1.0000,0,0,0,0.51998,0.306667,332,0.306667,332,0,1.00e-09
base,1e-09,1,38,12.18933,0.1998,0.06761,0.000948412,0,0,4480,37,1,1,2,37,1.0000,0,0,0,0.51998,0.306328,332,0.306328,332,0,1.00e-09
base,1e-09,1,39,12.187521,0.1998,0.06761,0.00101295,0.000892857,4,4480,36,1,1,2,36,1.0000,0,0,0,0.51998,0.305854,330,0.305854,330,0,1.00e-09
base,1e-09,1,40,12.185332,0.1998,0.0681098,0.00097839,0.00223214,10,4480,35,1,1,2,35,1.0000,0,0,0,0.51998,0.305377,332,0.305377,332,0,1.00e-09
base,1e-09,1,41,12.183105,0.180934,0.0636662,0.000916329,0.000446429,2,4480,33,1,1,2,33,1.0000,0,0,0,0.51998,0.305088,338,0.305088,338,0,1.00e-09
base,1e-09,1,42,12.181149,0.1998,0.0610819,0.000905872,0.000446429,2,4480,33,1,1,2,33,1.0000,0,0,0,0.51999,0.305001,344,0.305001,344,0,1.00e-09
base,1e-09,1,43,12.1797,0.1998,0.0623954,0.000928706,0.000446429,2,4480,32,1,1,2,32,1.0000,0,0,0,0.51999,0.304881,350,0.304881,350,0,1.00e-09
base,1e-09,1,44,12.178153,0.1998,0.0718779,0.000985986,0.000892857,4,4480,30,1,1,2,30,1.0000,0,0,0,0.51999,0.30468,346,0.30468,346,0,1.00e-09
base,1e-09,1,45,12.176394,0.1998,0.0719355,0.000927737,0,0,4480,32,1,1,2,32,1.0000,0,0,0,0.51999,0.304438,346,0.304438,346,0,1.00e-09
base,1e-09,1,46,12.17508,0.165395,0.0596798,0.000758996,0,0,4480,31,1,1,2,31,1.0000,0,0,0,0.51999,0.304447,346,0.304447,346,0,1.00e-09
base,1e-09,1,47,12.174197,0.130292,0.0439585,0.000708874,0.000892857,4,4480,31,1,1,2,31,1.0000,0,0,0,0.51999,0.304547,344,0.304547,344,0,1.00e-09
base,1e-09,1,48,12.173491,0.136983,0.0480932,0.000701136,0.000892857,4,4480,31,1,1,2,31,1.0000,0,0,0,0.51999,0.304585,340,0.304585,340,0,1.00e-09
base,1e-09,1,49,12.172756,0.188325,0.067719,0.000670428,0.000892857,4,4480,31,1,1,2,31,1.0000,0,0,0,0.51999,0.304512,340,0.304512,340,0,1.00e-09
base,1e-09,1,50,12.171969,0.1998,0.0760402,0.000753788,0.00133929,6,4480,31,1,1,2,31,1.0000,0,0,0,0.51999,0.304354,338,0.304354,338,0,1.00e-09
base,1e-09,1,51,12.170985,0.1998,0.0841091,0.000774864,0.000446429,2,4480,31,1,1,2,31,1.0000,0,1,0,0.51999,0.304209,340,0.304209,340,0,1.00e-09
base,1e-09,1,52,15.256526,0.1998,0.284491,0.058813,0.0191964,86,4480,34,1,1,2,34,1.0000,1,0,0,0.50940,0.442018,300,0.421745,300,0,1.00e-09
base,1e-09,1,53,13.755914,0.142266,0.0880629,0.0220506,0.00401786,18,4480,32,1,1,2,32,1.0000,1,0,0,0.51296,0.386083,302,0.36673,302,0,1.00e-09
base,1e-09,1,54,12.833726,0.133233,0.0661174,0.0135296,0.00357143,16,4480,32,1,1,2,32,1.0000,1,0,0,0.51663,0.357259,306,0.338292,306,0,1.00e-09
base,1e-09,1,55,12.422499,0.131655,0.0727671,0.00822143,0.00133929,6,4480,33,1,1,2,33,1.0000,1,0,0,0.51789,0.34031,302,0.32154,302,0,1.00e-09
base,1e-09,1,56,12.246121,0.113542,0.0514059,0.00538461,0,0,4480,33,1,1,2,33,1.0000,1,0,0,0.51833,0.32999,302,0.311237,302,0,1.00e-09
base,1e-09,1,57,12.162582,0.127407,0.0471089,0.00451819,0.000892857,4,4480,33,1,1,2,33,1.0000,1,0,0,0.51858,0.321773,304,0.303061,304,0,1.00e-09
base,1e-09,1,58,12.10804,0.141726,0.0514663,0.00319149,0.00178571,8,4480,33,1,1,2,33,1.0000,1,0,0,0.51881,0.316565,306,0.29789,306,0,1.00e-09
base,1e-09,1,59,12.07601,0.124952,0.0598767,0.00256799,0.00223214,10,4480,33,1,1,2,33,1.0000,1,0,0,0.51895,0.312954,314,0.294312,314,0,1.00e-09
base,1e-09,1,60,12.055187,0.118844,0.0476058,0.00218957,0.00223214,10,4480,33,1,1,2,33,1.0000,1,0,0,0.51904,0.310399,312,0.291772,312,0,1.00e-09
base,1e-09,1,61,12.04012,0.160758,0.0701563,0.00200805,0.000446429,2,4480,33,1,1,2,33,1.0000,1,0,0,0.51908,0.308557,310,0.289914,310,0,1.00e-09
base,1e-09,1,62,12.028119,0.174938,0.0740873,0.00170343,0.00178571,8,4480,33,1,1,2,33,1.0000,1,0,0,0.51913,0.307142,306,0.288477,306,0,1.00e-09
base,1e-09,1,63,12.01863,0.107571,0.0389611,0.00134872,0.00178571,8,4480,32,1,1,2,32,1.0000,1,0,0,0.51918,0.306212,304,0.287537,304,0,1.00e-09
base,1e-09,1,64,12.01211,0.123753,0.0448519,0.00116117,0.000892857,4,4480,32,1,1,2,32,1.0000,1,0,0,0.51920,0.305603,300,0.28692,300,0,1.00e-09
base,1e-09,1,65,12.008155,0.14549,0.0421827,0.00129753,0.000892857,4,4480,32,1,1,2,32,1.0000,1,0,0,0.51920,0.304887,298,0.286203,298,0,1.00e-09
base,1e-09,1,66,12.004373,0.138825,0.0400443,0.00125957,0,0,4480,32,1,1,2,32,1.0000,1,0,0,0.51922,0.304201,298,0.285519,298,0,1.00e-09
base,1e-09,1,67,12.000998,0.120812,0.0522669,0.00127134,0,0,4480,32,1,1,2,32,1.0000,1,0,0,0.51923,0.303525,298,0.284844,298,0,1.00e-09
base,1e-09,1,68,11.997768,0.144503,0.0584515,0.00120525,0,0,4480,32,1,1,2,32,1.0000,1,0,0,0.51924,0.302948,298,0.284266,298,0,1.00e-09
base,1e-09,1,69,11.994597,0.151909,0.0648222,0.000860121,0.000446429,2,4480,32,1,1,2,32,1.0000,1,0,0,0.51925,0.302637,304,0.283954,304,0,1.00e-09
base,1e-09,1,70,11.992253,0.154115,0.0496771,0.000628742,0,0,4480,31,1,1,2,31,1.0000,1,0,0,0.51926,0.302447,304,0.283765,304,0,1.00e-09
base,1e-09,1,71,11.990886,0.107929,0.0562774,0.000581435,0,0,4480,31,1,1,2,31,1.0000,1,0,0,0.51927,0.302205,304,0.283534,304,0,1.00e-09
base,1e-09,1,72,11.989923,0.153531,0.079954,0.00059552,0,0,4480,31,1,1,2,31,1.0000,1,0,0,0.51927,0.301945,304,0.283284,304,0,1.00e-09
base,1e-09,1,73,11.988883,0.1998,0.110432,0.00069304,0.000892857,4,4480,31,1,1,2,31,1.0000,1,0,0,0.51928,0.301611,304,0.28295,304,0,1.00e-09
base,1e-09,1,74,11.987371,0.1998,0.103349,0.000724602,0.000446429,2,4480,31,1,1,2,31,1.0000,1,0,0,0.51929,0.301191,304,0.282524,304,0,1.00e-09
base,1e-09,1,75,11.985335,0.1998,0.0713921,0.000590055,0.000892857,4,4480,31,1,1,2,31,1.0000,1,0,0,0.51931,0.300877,298,0.282204,298,0,1.00e-09
base,1e-09,1,76,11.984061,0.0923997,0.0309888,0.000455947,0.000892857,4,4480,31,1,1,2,31,1.0000,1,0,0,0.51931,0.300669,300,0.281999,300,0,1.00e-09
base,1e-09,1,77,11.983592,0.112846,0.0350112,0.000461285,0,0,4480,31,1,1,2,31,1.0000,1,0,0,0.51932,0.300429,300,0.281763,300,0,1.00e-09
base,1e-09,1,78,11.983223,0.135514,0.0367616,0.00046339,0,0,4480,30,1,1,2,30,1.0000,1,0,0,0.51933,0.300238,300,0.281573,300,0,1.00e-09
base,1e-09,1,79,11.982827,0.0955478,0.0294397,0.000321598,0,0,4480,31,1,1,2,31,1.0000,1,1,0,0.51933,0.300135,300,0.281473,300,0,1.00e-09
base,1e-09,1,80,11.566961,0.0480785,0.0256775,0.00163679,0.000892857,4,4480,30,1,1,2,30,1.0000,2,0,0,0.51764,0.302601,316,0.236214,316,0,1.00e-09
base,1e-09,1,81,11.603044,0.0208347,0.00878062,0.000483355,0.000446429,2,4480,31,1,1,2,31,1.0000,2,0,0,0.51775,0.302178,316,0.23587,316,0,1.00e-09
base,1e-09,1,82,11.599622,0.0169036,0.00680087,0.000276367,0,0,4480,31,1,1,2,31,1.0000,2,0,0,0.51778,0.301995,316,0.235724,316,0,1.00e-09
base,1e-09,1,83,11.598849,0.0166524,0.00641501,0.000219354,0,0,4480,31,1,1,2,31,1.0000,2,0,0,0.51779,0.301868,316,0.235621,316,0,1.00e-09
base,1e-09,1,84,11.598383,0.0160034,0.00593565,0.000181027,0,0,4480,31,1,1,2,31,1.0000,2,0,0,0.51780,0.301756,316,0.235531,316,0,1.00e-09
base,1e-09,1,85,11.598075,0.0162138,0.00589811,0.00016497,0,0,4480,31,1,1,2,31,1.0000,2,0,0,0.51781,0.301644,316,0.23544,316,0,1.00e-09
base,1e-09,1,86,11.597847,0.0163221,0.00634798,0.000151846,0,0,4480,31,1,1,2,31,1.0000,2,0,0,0.51782,0.301517,316,0.235336,316,0,1.00e-09
base,1e-09,1,87,11.597663,0.0174066,0.00677062,0.000133936,0.000446429,2,4480,31,1,1,2,31,1.0000,2,0,0,0.51783,0.301396,314,0.235231,314,0,1.00e-09
base,1e-09,1,88,11.597522,0.0197195,0.00742157,0.000109716,0,0,4480,31,1,1,2,31,1.0000,2,0,0,0.51783,0.301296,314,0.235143,314,0,1.00e-09
base,1e-09,1,89,11.597422,0.0228312,0.00861875,0.000105987,0,0,4480,30,1,1,2,30,1.0000,2,0,0,0.51784,0.301192,314,0.235051,314,0,1.00e-09
base,1e-09,1,90,11.59734,0.0267931,0.0105495,0.000105549,0.000446429,2,4480,31,1,1,2,31,1.0000,2,1,0,0.51785,0.301077,320,0.234951,320,0,1.00e-09
base,1e-09,1,91,10.789868,0.0738537,0.0449836,0.00328301,0.000446429,2,4480,31,1,1,2,31,1.0000,4,0,0,0.51444,0.306379,326,0.129238,326,0,1.00e-09
base,1e-09,1,92,10.837271,0.0468253,0.0167393,0.000881275,0,0,4480,31,1,1,2,31,1.0000,4,0,0,0.51487,0.305428,326,0.128607,326,0,1.00e-09
base,1e-09,1,93,10.829687,0.0545785,0.0187795,0.000483988,0,0,4480,31,1,1,2,31,1.0000,4,0,0,0.51496,0.305052,326,0.128338,326,0,1.00e-09
base,1e-09,1,94,10.827941,0.068835,0.0233769,0.000446933,0,0,4480,32,1,1,2,32,1.0000,4,0,0,0.51502,0.304675,326,0.128044,326,0,1.00e-09
base,1e-09,1,95,10.82669,0.0868667,0.0296288,0.00043513,0,0,4480,31,1,1,2,31,1.0000,4,0,0,0.51509,0.30423,326,0.127696,326,0,1.00e-09
base,1e-09,1,96,10.825532,0.110186,0.0363185,0.000411852,0,0,4480,31,1,1,2,31,1.0000,4,0,0,0.51515,0.30379,326,0.127362,326,0,1.00e-09
base,1e-09,1,97,10.824547,0.131147,0.03544,0.000349041,0,0,4480,31,1,1,2,31,1.0000,4,0,0,0.51518,0.303465,326,0.12711,326,0,1.00e-09
base,1e-09,1,98,10.823857,0.0588533,0.0151652,0.000248985,0,0,4480,31,1,1,2,31,1.0000,4,0,0,0.51520,0.303328,326,0.126989,326,0,1.00e-09
base,1e-09,1,99,10.823482,0.0699428,0.017913,0.000248328,0,0,4480,31,1,1,2,31,1.0000,4,0,0,0.51522,0.303182,326,0.126854,326,0,1.00e-09
base,1e-09,1,100,10.823177,0.0799527,0.0202595,0.00025387,0,0,4480,31,1,1,2,31,1.0000,4,0,0,0.51524,0.303029,326,0.126703,326,0,1.00e-09
base,1e-09,1,101,10.822868,0.0408595,0.0140541,0.000199382,0,0,4480,31,1,1,2,31,1.0000,4,1,0,0.51525,0.302978,326,0.12663,326,0,1.00e-09
base,1e-09,1,102,10.273817,0.136011,0.0799763,0.00398262,0,0,4480,32,1,1,2,32,1.0000,8,0,0,0.51450,0.31157,326,0.0283784,326,0,1.00e-09
base,1e-09,1,103,10.273588,0.078372,0.0342637,0.00134131,0,0,4480,33,1,1,2,33,1.0000,8,0,0,0.51438,0.31309,326,0.0279596,326,0,1.00e-09
base,1e-09,1,104,10.271638,0.079089,0.0345759,0.000954072,0,0,4480,33,1,1,2,33,1.0000,8,0,0,0.51417,0.314604,326,0.0276462,326,0,1.00e-09
base,1e-09,1,105,10.27062,0.0708463,0.0224991,0.000725246,0,0,4480,34,1,1,2,34,1.0000,8,0,0,0.51393,0.315426,326,0.0273972,326,0,1.00e-09
base,1e-09,1,106,10.269931,0.0765038,0.0201687,0.000549303,0,0,4480,34,1,1,2,34,1.0000,8,0,0,0.51374,0.315896,326,0.0272107,326,0,1.00e-09
base,1e-09,1,107,10.269439,0.0575607,0.0140974,0.000440418,0,0,4480,34,1,1,2,34,1.0000,8,0,0,0.51359,0.316173,326,0.0270679,326,0,1.00e-09
base,1e-09,1,108,10.269089,0.049269,0.0157701,0.000359334,0,0,4480,35,1,1,2,35,1.0000,8,0,0,0.51349,0.316395,326,0.0269681,326,0,1.00e-09
base,1e-09,1,109,10.268892,0.0665903,0.0213144,0.000301562,0,0,4480,34,1,1,2,34,1.0000,8,0,0,0.51337,0.316451,326,0.0268726,326,0,1.00e-09
base,1e-09,1,110,10.268762,0.0835971,0.026758,0.000251414,0,0,4480,35,1,1,2,35,1.0000,8,0,0,0.51329,0.316465,326,0.0267903,326,0,1.00e-09
base,1e-09,1,111,10.268656,0.0946387,0.0302922,0.00021987,0,0,4480,35,1,1,2,35,1.0000,8,0,0,0.51324,0.316413,326,0.0267241,326,0,1.00e-09
base,1e-09,1,112,10.268564,0.0913368,0.0287823,0.00018211,0,0,4480,35,1,1,2,35,1.0000,8,1,0,0.51324,0.316366,326,0.0266852,326,0,1.00e-09
base,1e-09,1,113,10.182688,0.0999,0.0862168,0.0240596,0,0,4480,36,1,1,2,36,1.0000,16,0,0,0.53817,0.343613,326,0.00629926,326,0,1.00e-09
base,1e-09,1,114,10.180526,0.0999,0.0747847,0.00912152,0,0,4480,37,1,1,2,37,1.0000,16,0,0,0.53793,0.352457,326,0.00493571,326,0,1.00e-09
base,1e-09,1,115,10.18035,0.0999,0.0778572,0.0157135,0.000892857,4,4480,37,1,1,2,37,1.0000,16,0,0,0.52767,0.334129,322,0.00385585,322,0,1.00e-09
base,1e-09,1,116,10.17725,0.0999,0.0883224,0.015917,0,0,4480,36,1,1,2,36,1.0000,16,0,0,0.51372,0.348603,322,0.00200997,322,0,1.00e-09
base,1e-09,1,117,10.176211,0.0999,0.0783339,0.0103042,0,0,4480,36,1,1,2,36,1.0000,16,0,0,0.51388,0.334942,322,0.00171901,322,0,1.00e-09
base,1e-09,1,118,10.175186,0.0999,0.0713105,0.00697526,0,0,4480,36,1,1,2,36,1.0000,16,0,0,0.51041,0.340405,322,0.00142186,322,0,1.00e-09
base,1e-09,1,119,10.17546,0.0999,0.0622346,0.00363007,0,0,4480,36,1,1,2,36,1.0000,16,0,0,0.51209,0.337355,322,0.00135501,322,0,1.00e-09
base,1e-09,1,120,10.175005,0.0999,0.0611335,0.00206301,0,0,4480,36,1,1,2,36,1.0000,16,0,0,0.51126,0.336689,322,0.00129955,322,0,1.00e-09
base,1e-09,1,121,10.174948,0.0999,0.065832,0.00174801,0,0,4480,36,1,1,2,36,1.0000,16,0,0,0.51203,0.336146,322,0.00130786,322,0,1.00e-09
base,1e-09,1,122,10.174885,0.0999,0.0636278,0.00130284,0,0,4480,36,1,1,2,36,1.0000,16,0,0,0.51140,0.336091,322,0.0012689,322,0,1.00e-09
base,1e-09,1,123,10.174882,0.0999,0.0478282,0.00081878,0,0,4480,36,1,1,2,36,1.0000,16,1,0,0.51180,0.335617,322,0.00126616,322,0,1.00e-09
base,1e-09,1,124,10.172129,0.04995,0.0489138,0.0150783,0,0,4480,37,1,1,2,37,1.0000,32,1,0,0.52744,0.346581,322,7.29849e-05,322,0,1.00e-09
base,1e-09,1,125,10.172121,0.04995,0.0489674,0.0161745,0,0,4480,37,1,1,2,37,1.0000,32,1,0,0.54421,0.360908,322,0.000947416,322,0,1.00e-09
base,1e-09,1,126,10.172117,0.04995,0.04995,0.0135035,0,0,4480,37,1,1,2,37,1.0000,32,1,0,0.53244,0.367216,322,0.00191382,322,0,1.00e-09
base,1e-09,1,127,10.17089,0.04995,0.04995,0.0165655,0,0,4480,36,1,1,2,36,1.0000,32,1,0,0.51527,0.372114,322,0.00110578,322,0,1.00e-09
base,1e-09,1,128,10.171244,0.04995,0.04995,0.00894186,0.000446429,2,4480,37,1,1,2,37,1.0000,32,1,0,0.52016,0.369483,322,0.00041371,322,0,1.00e-09
base,1e-09,1,129,10.169926,0.04995,0.04995,0.0104735,0.000446429,2,4480,37,1,1,2,37,1.0000,32,1,0,0.50971,0.375496,322,0.000271728,322,0,1.00e-09
base,1e-09,1,130,10.172124,0.04995,0.04995,0.0141988,0,0,4480,37,1,1,2,37,1.0000,32,1,0,0.52368,0.369016,322,0.00030745,322,0,1.00e-09
base,1e-09,1,131,10.172067,0.04995,0.04995,0.0112793,0,0,4480,37,1,1,2,37,1.0000,32,1,0,0.51321,0.370538,322,0.000336401,322,0,1.00e-09
base,1e-09,1,132,10.172026,0.04995,0.0482602,0.00844332,0,0,4480,37,1,1,2,37,1.0000,32,1,0,0.52015,0.365912,322,0.000300262,322,0,1.00e-09
base,1e-09,1,133,10.172058,0.04995,0.0482602,0.00585513,0,0,4480,37,1,1,2,37,1.0000,32,1,0,0.51564,0.366326,322,0.000302582,322,0,1.00e-09
base,1e-09,1,134,10.172049,0.04995,0.0479029,0.00421188,0,0,4480,37,1,1,2,37,1.0000,32,1,0,0.51808,0.363128,322,0.000293565,322,0,1.00e-09
base,1e-09,2,1,142.3055,0.1998,-1,-1,-1,-1,4480,27,1,1,2,27,1.0000,0,0,0,0.34549,0.814454,458,0.814454,458,0,1.00e-09
base,1e-09,2,2,94.977598,0.1998,0.191156,0.0775048,0.0566964,254,4480,26,1,1,2,26,1.0000,0,0,0,0.35739,0.777456,596,0.777456,596,0,1.00e-09
base,1e-09,2,3,58.825921,0.1998,0.160292,0.0514842,0.0544643,244,4480,32,1,1,2,32,1.0000,0,0,0,0.36709,0.704372,592,0.704372,592,0,1.00e-09
base,1e-09,2,4,42.018933,0.1998,0.138115,0.0346913,0.021875,98,4480,27,1,1,2,27,1.0000,0,0,0,0.37271,0.650863,656,0.650863,656,0,1.00e-09
base,1e-09,2,5,33.989735,0.154251,0.108368,0.0202551,0.0553571,248,4480,28,1,1,2,28,1.0000,0,0,0,0.37699,0.624288,884,0.624288,884,0,1.00e-09
base,1e-09,2,6,30.339276,0.168076,0.122655,0.0213554,0.0205357,92,4480,28,1,1,2,28,1.0000,0,0,0,0.37716,0.608198,948,0.608198,948,0,1.00e-09
base,1e-09,2,7,28.402741,0.160718,0.100382,0.0209507,0.0138393,62,4480,29,1,1,2,29,1.0000,0,0,0,0.37758,0.591144,968,0.591144,968,0,1.00e-09
base,1e-09,2,8,27.08245,0.154877,0.106142,0.0182333,0.0178571,80,4480,29,1,1,2,29,1.0000,0,0,0,0.37814,0.571297,994,0.571297,994,0,1.00e-09
base,1e-09,2,9,26.108928,0.167989,0.125082,0.0153926,0.0116071,52,4480,30,1,1,2,30,1.0000,0,0,0,0.37855,0.553493,994,0.553493,994,0,1.00e-09
base,1e-09,2,10,25.358665,0.175611,0.135249,0.0150522,0.0178571,80,4480,29,1,1,2,29,1.0000,0,0,0,0.37848,0.534762,984,0.534762,984,0,1.00e-09
base,1e-09,2,11,24.673185,0.1998,0.11997,0.0160852,0.0205357,92,4480,30,1,1,2,30,1.0000,0,0,0,0.37837,0.51435,954,0.51435,954,0,1.00e-09
base,1e-09,2,12,23.973103,0.1998,0.107643,0.017165,0.0276786,124,4480,30,1,1,2,30,1.0000,0,0,0,0.37814,0.492699,862,0.492699,862,0,1.00e-09
base,1e-09,2,13,23.255806,0.1998,0.141013,0.0196376,0.0241071,108,4480,31,1,1,2,31,1.0000,0,0,0,0.37756,0.465064,790,0.465064,790,0,1.00e-09
base,1e-09,2,14,22.437161,0.1998,0.143098,0.0194919,0.0102679,46,4480,32,1,1,2,32,1.0000,0,0,0,0.37762,0.436847,760,0.436847,760,0,1.00e-09
base,1e-09,2,15,21.601055,0.1998,0.154823,0.017379,0.0120536,54,4480,33,1,1,2,33,1.0000,0,0,0,0.37807,0.412875,748,0.412875,748,0,1.00e-09
base,1e-09,2,16,20.862741,0.1998,0.127572,0.0138959,0.0147321,66,4480,33,1,1,2,33,1.0000,0,0,0,0.37872,0.397886,770,0.397886,770,0,1.00e-09
base,1e-09,2,17,20.320974,0.1998,0.131184,0.0115261,0.0138393,62,4480,33,1,1,2,33,1.0000,0,0,0,0.37902,0.388279,794,0.388279,794,0,1.00e-09
base,1e-09,2,18,19.92313,0.1998,0.132411,0.0107912,0.0133929,60,4480,34,1,1,2,34,1.0000,0,0,0,0.37914,0.380256,768,0.380256,768,0,1.00e-09
base,1e-09,2,19,19.598048,0.1998,0.134679,0.00974711,0.0107143,48,4480,34,1,1,2,34,1.0000,0,0,0,0.37932,0.373379,752,0.373379,752,0,1.00e-09
base,1e-09,2,20,19.316075,0.1998,0.135106,0.00892799,0.00803571,36,4480,34,1,1,2,34,1.0000,0,0,0,0.37945,0.366333,734,0.366333,734,0,1.00e-09
base,1e-09,2,21,19.082678,0.1998,0.13522,0.00757247,0.00625,28,4480,33,1,1,2,33,1.0000,0,0,0,0.37958,0.360084,716,0.360084,716,0,1.00e-09
base,1e-09,2,22,18.900327,0.1998,0.109773,0.00584276,0.00357143,16,4480,33,1,1,2,33,1.0000,0,0,0,0.37972,0.355346,720,0.355346,720,0,1.00e-09
base,1e-09,2,23,18.772944,0.1998,0.106587,0.00455731,0.00491071,22,4480,33,1,1,2,33,1.0000,0,0,0,0.37981,0.352467,726,0.352467,726,0,1.00e-09
base,1e-09,2,24,18.689197,0.1998,0.102983,0.0036153,0.00446429,20,4480,33,1,1,2,33,1.0000,0,0,0,0.37986,0.350519,718,0.350519,718,0,1.00e-09
base,1e-09,2,25,18.637106,0.1998,0.0878454,0.00300766,0.00223214,10,4480,33,1,1,2,33,1.0000,0,0,0,0.37989,0.349012,704,0.349012,704,0,1.00e-09
base,1e-09,2,26,18.59815,0.1998,0.0980099,0.00244657,0.000892857,4,4480,34,1,1,2,34,1.0000,0,0,0,0.37993,0.347735,704,0.347735,704,0,1.00e-09
base,1e-09,2,27,18.571228,0.1998,0.08527,0.00201799,0.00223214,10,4480,36,1,1,2,36,1.0000,0,0,0,0.37995,0.346927,698,0.346927,698,0,1.00e-09
base,1e-09,2,28,18.552758,0.1998,0.08527,0.00163939,0.00178571,8,4480,37,1,1,2,37,1.0000,0,0,0,0.37997,0.346201,712,0.346201,712,0,1.00e-09
base,1e-09,2,29,18.539429,0.1998,0.0845785,0.00144679,0.00223214,10,4480,37,1,1,2,37,1.0000,0,0,0,0.37997,0.345607,706,0.345607,706,0,1.00e-09
base,1e-09,2,30,18.527638,0.1998,0.0844538,0.00116846,0.00133929,6,4480,36,1,1,2,36,1.0000,0,0,0,0.37998,0.345417,700,0.345417,700,0,1.00e-09
base,1e-09,2,31,18.519559,0.177143,0.0685616,0.00123482,0,0,4480,37,1,1,2,37,1.0000,0,0,0,0.37997,0.345163,700,0.345163,700,0,1.00e-09
base,1e-09,2,32,18.510953,0.1998,0.0715871,0.00129294,0.00223214,10,4480,37,1,1,2,37,1.0000,0,0,0,0.37997,0.344928,702,0.344928,702,0,1.00e-09
base,1e-09,2,33,18.502285,0.1998,0.0823891,0.00143997,0,0,4480,37,1,1,2,37,1.0000,0,0,0,0.37997,0.344631,702,0.344631,702,0,1.00e-09
base,1e-09,2,34,18.492127,0.1998,0.086806,0.0013146,0.00133929,6,4480,37,1,1,2,37,1.0000,0,0,0,0.37997,0.344342,700,0.344342,700,0,1.00e-09
base,1e-09,2,35,18.481905,0.1998,0.0805656,0.00119753,0.000446429,2,4480,37,1,1,2,37,1.0000,0,0,0,0.37998,0.344356,702,0.344356,702,0,1.00e-09
base,1e-09,2,36,18.473913,0.1998,0.0639525,0.0010439,0.000892857,4,4480,37,1,1,2,37,1.0000,0,0,0,0.37998,0.344294,702,0.344294,702,0,1.00e-09
base,1e-09,2,37,18.467761,0.1998,0.0639525,0.000878227,0.00178571,8,4480,37,1,1,2,37,1.0000,0,0,0,0.37998,0.344336,700,0.344336,700,0,1.00e-09
base,1e-09,2,38,18.462713,0.1998,0.0639525,0.00084989,0,0,4480,37,1,1,2,37,1.0000,0,0,0,0.37999,0.34427,700,0.34427,700,0,1.00e-09
base,1e-09,2,39,18.458711,0.198782,0.0636267,0.000821942,0.00133929,6,4480,37,1,1,2,37,1.0000,0,0,0,0.37999,0.344131,696,0.344131,696,0,1.00e-09
base,1e-09,2,40,18.454867,0.19388,0.0525949,0.000738678,0.000892857,4,4480,37,1,1,2,37,1.0000,0,0,0,0.37999,0.343892,704,0.343892,704,0,1.00e-09
base,1e-09,2,41,18.451661,0.172674,0.0481854,0.000699017,0.000446429,2,4480,37,1,1,2,37,1.0000,0,0,0,0.37999,0.343717,706,0.343717,706,0,1.00e-09
base,1e-09,2,42,18.448496,0.144865,0.0553068,0.000611796,0,0,4480,37,1,1,2,37,1.0000,0,0,0,0.37999,0.343642,706,0.343642,706,0,1.00e-09
base,1e-09,2,43,18.44596,0.150991,0.0576456,0.000578154,0.000446429,2,4480,37,1,1,2,37,1.0000,0,0,0,0.37999,0.343715,704,0.343715,704,0,1.00e-09
base,1e-09,2,44,18.443769,0.146118,0.0557853,0.000563418,0,0,4480,37,1,1,2,37,1.0000,0,0,0,0.37999,0.343722,704,0.343722,704,0,1.00e-09
base,1e-09,2,45,18.441627,0.16688,0.0534861,0.000569204,0.000446429,2,4480,37,1,1,2,37,1.0000,0,0,0,0.37999,0.343712,706,0.343712,706,0,1.00e-09
base,1e-09,2,46,18.439485,0.179356,0.0555235,0.000560406,0.000892857,4,4480,37,1,1,2,37,1.0000,0,0,0,0.37999,0.343665,702,0.343665,702,0,1.00e-09
base,1e-09,2,47,18.437337,0.164355,0.0701428,0.000550467,0.000446429,2,4480,37,1,1,2,37,1.0000,0,0,0,0.37999,0.343707,700,0.343707,700,0,1.00e-09
base,1e-09,2,48,18.435356,0.1998,0.08527,0.00051464,0.000892857,4,4480,37,1,1,2,37,1.0000,0,0,0,0.37999,0.343684,702,0.343684,702,0,1.00e-09
base,1e-09,2,49,18.433443,0.139411,0.0378187,0.000409516,0,0,4480,37,1,1,2,37,1.0000,0,0,0,0.38000,0.343721,702,0.343721,702,0,1.00e-09
base,1e-09,2,50,18.431993,0.125304,0.0339918,0.000345302,0,0,4480,37,1,1,2,37,1.0000,0,0,0,0.38000,0.343785,702,0.343785,702,0,1.00e-09
base,1e-09,2,51,18.431216,0.115464,0.0293571,0.000319085,0.000892857,4,4480,37,1,1,2,37,1.0000,0,0,0,0.38000,0.343824,702,0.343824,702,0,1.00e-09
base,1e-09,2,52,18.43047,0.13065,0.0324284,0.000300645,0.000446429,2,4480,37,1,1,2,37,1.0000,0,1,0,0.38000,0.343871,704,0.343871,704,0,1.00e-09
base,1e-09,2,53,27.545428,0.1998,0.256358,0.0654196,0.021875,98,4480,33,1,1,2,33,1.0000,1,0,0,0.37148,0.481348,636,0.463116,636,0,1.00e-09
base,1e-09,2,54,23.139908,0.132796,0.0851273,0.0201262,0.00267857,12,4480,34,1,1,2,34,1.0000,1,0,0,0.37533,0.436561,644,0.418151,644,0,1.00e-09
base,1e-09,2,55,20.815163,0.133903,0.0724182,0.0162242,0.00357143,16,4480,35,1,1,2,35,1.0000,1,0,0,0.37685,0.401351,652,0.382747,652,0,1.00e-09
base,1e-09,2,56,19.495208,0.121021,0.0663291,0.0112212,0.00580357,26,4480,34,1,1,2,34,1.0000,1,0,0,0.37849,0.380871,672,0.362088,672,0,1.00e-09
base,1e-09,2,57,18.838551,0.146858,0.0690994,0.00759708,0.000892857,4,4480,35,1,1,2,35,1.0000,1,0,0,0.37913,0.369148,676,0.350191,676,0,1.00e-09
base,1e-09,2,58,18.508006,0.134726,0.0613477,0.0053865,0.00223214,10,4480,35,1,1,2,35,1.0000,1,0,0,0.37944,0.36168,676,0.342594,676,0,1.00e-09
base,1e-09,2,59,18.311021,0.128245,0.0539776,0.00391565,0.000892857,4,4480,36,1,1,2,36,1.0000,1,0,0,0.37964,0.356558,680,0.337393,680,0,1.00e-09
base,1e-09,2,60,18.187046,0.105552,0.0471625,0.0031324,0.000892857,4,4480,36,1,1,2,36,1.0000,1,0,0,0.37974,0.353041,682,0.333816,682,0,1.00e-09
base,1e-09,2,61,18.111056,0.13172,0.0618545,0.00251655,0.000892857,4,4480,37,1,1,2,37,1.0000,1,0,0,0.37980,0.35047,686,0.331198,686,0,1.00e-09
base,1e-09,2,62,18.060045,0.11981,0.0399364,0.00237672,0.000892857,4,4480,37,1,1,2,37,1.0000,1,0,0,0.37983,0.348316,688,0.329014,688,0,1.00e-09
base,1e-09,2,63,18.024083,0.108749,0.037478,0.00200277,0.00133929,6,4480,37,1,1,2,37,1.0000,1,0,0,0.37987,0.346646,682,0.327323,682,0,1.00e-09
base,1e-09,2,64,17.999837,0.107049,0.0344117,0.00147677,0.000892857,4,4480,37,1,1,2,37,1.0000,1,0,0,0.37990,0.345489,680,0.326154,680,0,1.00e-09
base,1e-09,2,65,17.985053,0.142601,0.0423665,0.00126234,0.00133929,6,4480,38,1,1,2,38,1.0000,1,0,0,0.37992,0.344632,674,0.325279,674,0,1.00e-09
base,1e-09,2,66,17.974153,0.158515,0.0513918,0.00118287,0.00178571,8,4480,38,1,1,2,38,1.0000,1,0,0,0.37993,0.343911,680,0.324551,680,0,1.00e-09
base,1e-09,2,67,17.96464,0.0902492,0.0307322,0.0010789,0.000892857,4,4480,38,1,1,2,38,1.0000,1,0,0,0.37993,0.343439,680,0.324079,680,0,1.00e-09
base,1e-09,2,68,17.957178,0.102119,0.0356454,0.00100791,0.00133929,6,4480,38,1,1,2,38,1.0000,1,0,0,0.37994,0.343158,684,0.323801,684,0,1.00e-09
base,1e-09,2,69,17.951441,0.1188,0.0413578,0.000989512,0.00133929,6,4480,38,1,1,2,38,1.0000,1,0,0,0.37994,0.342851,672,0.323496,672,0,1.00e-09
base,1e-09,2,70,17.946026,0.141883,0.049571,0.000899485,0.00133929,6,4480,38,1,1,2,38,1.0000,1,0,0,0.37994,0.342597,684,0.323239,684,0,1.00e-09
base,1e-09,2,71,17.941508,0.167341,0.0429999,0.000811502,0,0,4480,38,1,1,2,38,1.0000,1,0,0,0.37994,0.342347,684,0.322999,684,0,1.00e-09
base,1e-09,2,72,17.937802,0.151694,0.0431076,0.000809807,0,0,4480,38,1,1,2,38,1.0000,1,0,0,0.37994,0.342055,684,0.322713,684,0,1.00e-09
base,1e-09,2,73,17.933996,0.115876,0.0394432,0.000711726,0.000446429,2,4480,38,1,1,2,38,1.0000,1,0,0,0.37994,0.341965,682,0.322625,682,0,1.00e-09
base,1e-09,2,74,17.931011,0.159063,0.041477,0.00065368,0.000446429,2,4480,38,1,1,2,38,1.0000,1,0,0,0.37994,0.341851,684,0.32251,684,0,1.00e-09
base,1e-09,2,75,17.92909,0.111319,0.0349757,0.000625234,0.000446429,2,4480,38,1,1,2,38,1.0000,1,0,0,0.37994,0.341838,684,0.322503,684,0,1.00e-09
base,1e-09,2,76,17.9274,0.137622,0.0363487,0.00064908,0.000446429,2,4480,38,1,1,2,38,1.0000,1,0,0,0.37994,0.341639,682,0.322299,682,0,1.00e-09
base,1e-09,2,77,17.925931,0.101866,0.0368448,0.000585936,0.000446429,2,4480,38,1,1,2,38,1.0000,1,0,0,0.37994,0.341694,684,0.32236,684,0,1.00e-09
base,1e-09,2,78,17.924794,0.0992643,0.035904,0.00050555,0.000446429,2,4480,38,1,1,2,38,1.0000,1,0,0,0.37994,0.341649,690,0.322314,690,0,1.00e-09
base,1e-09,2,79,17.923802,0.0602509,0.0195735,0.000347381,0.00133929,6,4480,38,1,1,2,38,1.0000,1,0,0,0.37994,0.341703,692,0.322373,692,0,1.00e-09
base,1e-09,2,80,17.923157,0.0617511,0.0235755,0.000313454,0.00133929,6,4480,38,1,1,2,38,1.0000,1,0,0,0.37994,0.341724,698,0.322395,698,0,1.00e-09
base,1e-09,2,81,17.922631,0.0639794,0.0244262,0.00030408,0,0,4480,38,1,1,2,38,1.0000,1,0,0,0.37994,0.341766,698,0.322439,698,0,1.00e-09
base,1e-09,2,82,17.92213,0.0641252,0.0244819,0.000321117,0,0,4480,39,1,1,2,39,1.0000,1,1,0,0.37994,0.34176,698,0.322434,698,0,1.00e-09
base,1e-09,2,83,16.819812,0.0168673,0.0069604,0.000240346,0,0,4480,42,1,1,2,42,1.0000,2,0,0,0.37973,0.34195,698,0.273056,698,0,1.00e-09
base,1e-09,2,84,16.831496,0.013479,0.00455651,0.000114745,0,0,4480,41,1,1,2,41,1.0000,2,0,0,0.37973,0.341979,698,0.27308,698,0,1.00e-09
base,1e-09,2,85,16.8309,0.0149799,0.00511088,0.000115396,0,0,4480,41,1,1,2,41,1.0000,2,0,0,0.37972,0.342015,698,0.27311,698,0,1.00e-09
base,1e-09,2,86,16.830469,0.0177596,0.00673481,0.000122442,0.000892857,4,4480,41,1,1,2,41,1.0000,2,0,0,0.37972,0.342055,702,0.273141,702,0,1.00e-09
base,1e-09,2,87,16.830034,0.0209112,0.00891694,0.00013192,0,0,4480,41,1,1,2,41,1.0000,2,0,0,0.37971,0.342093,702,0.273171,702,0,1.00e-09
base,1e-09,2,88,16.82958,0.0278389,0.011881,0.000142424,0,0,4480,42,1,1,2,42,1.0000,2,0,0,0.37971,0.342129,702,0.273195,702,0,1.00e-09
base,1e-09,2,89,16.829091,0.0372638,0.0159033,0.000153232,0,0,4480,42,1,1,2,42,1.0000,2,0,0,0.37970,0.34216,702,0.273214,702,0,1.00e-09
base,1e-09,2,90,16.828549,0.049771,0.0212411,0.000161883,0.000446429,2,4480,42,1,1,2,42,1.0000,2,0,0,0.37970,0.342185,704,0.273226,704,0,1.00e-09
base,1e-09,2,91,16.827944,0.0653793,0.0279024,0.000177071,0,0,4480,42,1,1,2,42,1.0000,2,0,0,0.37969,0.342204,704,0.273231,704,0,1.00e-09
base,1e-09,2,92,16.827251,0.084563,0.0360895,0.000183976,0.000446429,2,4480,42,1,1,2,42,1.0000,2,0,0,0.37968,0.342208,706,0.273216,706,0,1.00e-09
base,1e-09,2,93,16.826488,0.100057,0.0427019,0.000210036,0,0,4480,42,1,1,2,42,1.0000,2,1,0,0.37968,0.342197,706,0.273183,706,0,1.00e-09
base,1e-09,2,94,14.718834,0.0557799,0.0203537,0.00106107,0.000446429,2,4480,51,1,1,2,51,1.0000,4,0,0,0.37861,0.343105,704,0.156525,704,0,1.00e-09
base,1e-09,2,95,14.760831,0.0424918,0.0190697,0.000372452,0,0,4480,51,1,1,2,51,1.0000,4,0,0,0.37863,0.343069,704,0.156369,704,0,1.00e-09
base,1e-09,2,96,14.756194,0.0511617,0.0241111,0.000307091,0,0,4480,50,1,1,2,50,1.0000,4,0,0,0.37862,0.343055,704,0.156244,704,0,1.00e-09
base,1e-09,2,97,14.753993,0.0583505,0.0268561,0.000284444,0,0,4480,50,1,1,2,50,1.0000,4,0,0,0.37862,0.343078,704,0.156156,704,0,1.00e-09
base,1e-09,2,98,14.752085,0.0635063,0.0283239,0.000271976,0.000446429,2,4480,50,1,1,2,50,1.0000,4,0,0,0.37861,0.343144,706,0.156114,706,0,1.00e-09
base,1e-09,2,99,14.750568,0.0680512,0.0294271,0.000296522,0,0,4480,50,1,1,2,50,1.0000,4,0,0,0.37861,0.343212,706,0.156061,706,0,1.00e-09
base,1e-09,2,100,14.749118,0.0634509,0.0172127,0.000312475,0,0,4480,50,1,1,2,50,1.0000,4,0,0,0.37861,0.343271,706,0.156001,706,0,1.00e-09
base,1e-09,2,101,14.747695,0.0589016,0.0184675,0.000316894,0.000892857,4,4480,45,1,1,2,45,1.0000,4,0,0,0.37862,0.343337,710,0.155948,710,0,1.00e-09
base,1e-09,2,102,14.746495,0.0743295,0.0237916,0.000337393,0,0,4480,49,1,1,2,49,1.0000,4,0,0,0.37862,0.343404,710,0.155884,710,0,1.00e-09
base,1e-09,2,103,14.745387,0.10388,0.0332502,0.000381661,0.000446429,2,4480,50,1,1,2,50,1.0000,4,0,0,0.37863,0.343451,710,0.155779,710,0,1.00e-09
base,1e-09,2,104,14.744058,0.146297,0.046827,0.000435899,0,0,4480,50,1,1,2,50,1.0000,4,1,0,0.37864,0.343477,710,0.155621,710,0,1.00e-09
base,1e-09,2,105,13.247508,0.125375,0.0572485,0.00424315,0,0,4480,55,1,1,2,55,1.0000,8,0,0,0.37600,0.350403,710,0.0438257,710,0,1.00e-09
base,1e-09,2,106,13.296979,0.0970114,0.039443,0.00193597,0.000446429,2,4480,55,1,1,2,55,1.0000,8,0,0,0.37706,0.353539,712,0.0433713,712,0,1.00e-09
base,1e-09,2,107,13.282341,0.0940653,0.0336391,0.00151892,0,0,4480,56,1,1,2,56,1.0000,8,0,0,0.37782,0.356151,712,0.0432076,712,0,1.00e-09
base,1e-09,2,108,13.276724,0.125626,0.0463755,0.00118276,0,0,4480,57,1,1,2,57,1.0000,8,0,0,0.37829,0.357931,712,0.0429394,712,0,1.00e-09
base,1e-09,2,109,13.272019,0.1998,0.0647909,0.00103066,0,0,4480,57,1,1,2,57,1.0000,8,0,0,0.37865,0.359195,712,0.0426264,712,0,1.00e-09
base,1e-09,2,110,13.267919,0.147747,0.0394087,0.000764828,0,0,4480,58,1,1,2,58,1.0000,8,0,0,0.37894,0.35967,712,0.0424354,712,0,1.00e-09
base,1e-09,2,111,13.265256,0.0812923,0.019434,0.000548551,0,0,4480,58,1,1,2,58,1.0000,8,0,0,0.37914,0.360165,712,0.042326,712,0,1.00e-09
base,1e-09,2,112,13.263667,0.0658653,0.0187567,0.000435235,0.000446429,2,4480,58,1,1,2,58,1.0000,8,0,0,0.37928,0.360467,714,0.0422945,714,0,1.00e-09
base,1e-09,2,113,13.262782,0.0789636,0.0229104,0.000373246,0,0,4480,59,1,1,2,59,1.0000,8,0,0,0.37941,0.360724,714,0.0423036,714,0,1.00e-09
base,1e-09,2,114,13.262043,0.102662,0.0304011,0.000411113,0.000446429,2,4480,60,1,1,2,60,1.0000,8,0,0,0.37959,0.360931,712,0.0423123,712,0,1.00e-09
base,1e-09,2,115,13.261305,0.162826,0.0496716,0.000515073,0.000446429,2,4480,60,1,1,2,60,1.0000,8,1,0,0.37983,0.361162,714,0.0422583,714,0,1.00e-09
base,1e-09,2,116,12.941285,0.0999,0.0710375,0.00769701,0.000892857,4,4480,67,1,1,2,67,1.0000,16,0,0,0.37622,0.375851,714,0.00807724,714,0,1.00e-09
base,1e-09,2,117,12.9677,0.0999,0.092347,0.00581709,0.000446429,2,4480,68,1,1,2,68,1.0000,16,0,0,0.38051,0.378432,712,0.00679566,712,0,1.00e-09
base,1e-09,2,118,12.95515,0.0999,0.0530132,0.00375848,0,0,4480,72,1,1,2,72,1.0000,16,0,0,0.38180,0.382007,712,0.00572571,712,0,1.00e-09
base,1e-09,2,119,12.950178,0.0999,0.0670957,0.00286969,0,0,4480,73,1,1,2,73,1.0000,16,0,0,0.38247,0.381351,712,0.00510727,712,0,1.00e-09
base,1e-09,2,120,12.946258,0.0999,0.0360989,0.00187109,0,0,4480,73,1,1,2,73,1.0000,16,0,0,0.38273,0.382057,712,0.00486647,712,0,1.00e-09
base,1e-09,2,121,12.945456,0.0999,0.0255465,0.00131018,0,0,4480,74,1,1,2,74,1.0000,16,0,0,0.38230,0.381667,712,0.00484785,712,0,1.00e-09
base,1e-09,2,122,12.945172,0.0920189,0.0181291,0.000885845,0,0,4480,75,1,1,2,75,1.0000,16,0,0,0.38263,0.381612,712,0.00480246,712,0,1.00e-09
base,1e-09,2,123,12.944926,0.0999,0.0340519,0.000666928,0,0,4480,75,1,1,2,75,1.0000,16,0,0,0.38262,0.381899,712,0.00477718,712,0,1.00e-09
base,1e-09,2,124,12.9448,0.0999,0.0427172,0.000549521,0,0,4480,75,1,1,2,75,1.0000,16,0,0,0.38263,0.381615,712,0.00478853,712,0,1.00e-09
base,1e-09,2,125,12.944731,0.0999,0.0407528,0.000521522,0,0,4480,75,1,1,2,75,1.0000,16,0,0,0.38265,0.382013,712,0.00475237,712,0,1.00e-09
base,1e-09,2,126,12.944627,0.0712802,0.0260049,0.000440836,0,0,4480,75,1,1,2,75,1.0000,16,1,0,0.38258,0.381691,712,0.00476378,712,0,1.00e-09
base,1e-09,2,127,12.917393,0.04995,0.04995,0.0143761,0,0,4480,87,1,1,2,87,1.0000,32,0,0,0.36767,0.396992,712,0.00282528,712,0,1.00e-09
base,1e-09,2,128,12.940792,0.04995,0.04995,0.014261,0,0,4480,83,1,1,2,83,1.0000,32,0,0,0.38216,0.392076,712,0.00246649,712,0,1.00e-09
base,1e-09,2,129,12.936572,0.04995,0.04995,0.00915059,0,0,4480,85,1,1,2,85,1.0000,32,0,0,0.37461,0.39293,712,0.00186514,712,0,1.00e-09
base,1e-09,2,130,12.928699,0.04995,0.0486839,0.00734097,0,0,4480,86,1,1,2,86,1.0000,32,0,0,0.38138,0.393365,712,0.00173285,712,0,1.00e-09
base,1e-09,2,131,12.927371,0.04995,0.0489099,0.00569035,0,0,4480,89,1,1,2,89,1.0000,32,0,0,0.37659,0.393373,712,0.00167649,712,0,1.00e-09
base,1e-09,2,132,12.927123,0.04995,0.0272482,0.00296774,0,0,4480,89,1,1,2,89,1.0000,32,0,0,0.37923,0.394097,712,0.00166531,712,0,1.00e-09
base,1e-09,2,133,12.927134,0.04995,0.0173593,0.00107063,0,0,4480,89,1,1,2,89,1.0000,32,0,0,0.37886,0.393935,712,0.00162742,712,0,1.00e-09
base,1e-09,2,134,12.927081,0.04995,0.0166656,0.000906707,0,0,4480,90,1,1,2,90,1.0000,32,0,0,0.37947,0.394337,712,0.00156625,712,0,1.00e-09
base,1e-09,2,135,12.927029,0.04995,0.0175878,0.000905184,0.000446429,2,4480,94,1,1,2,94,1.0000,32,0,0,0.37990,0.394956,714,0.00133375,714,0,1.00e-09
base,1e-09,2,136,12.926617,0.04995,0.0444603,0.00179205,0,0,4480,100,1,1,2,100,1.0000,32,0,0,0.38146,0.396243,714,0.000690929,714,0,1.00e-09
base,1e-09,2,137,12.924473,0.04995,0.0361534,0.0015044,0,0,4480,85,1,1,2,85,1.0000,32,1,0,0.38144,0.396997,714,0.000456681,714,0,1.00e-09
base,1e-09,3,1,443.60304,0.1998,-1,-1,-1,-1,4480,27,1,1,2,27,1.0000,0,0,0,0.22548,0.615864,160,0.615864,160,0,1.00e-09
base,1e-09,3,2,539.96879,0.1998,0.1998,0.09977,0.000892857,4,4480,29,1,1,2,29,1.0000,0,0,0,0.21963,0.608939,164,0.608939,164,0,1.00e-09
base,1e-09,3,3,267.54111,0.1998,0.198847,0.0771847,0.065625,294,4480,32,1,1,2,32,1.0000,0,0,0,0.23122,0.58201,458,0.58201,458,0,1.00e-09
base,1e-09,3,4,161.21217,0.138433,0.13447,0.0322678,0.0549107,246,4480,31,1,1,2,31,1.0000,0,0,0,0.24781,0.60946,704,0.60946,704,0,1.00e-09
base,1e-09,3,5,111.68812,0.195871,0.121915,0.0159493,0.0272321,122,4480,30,1,1,2,30,1.0000,0,0,0,0.25669,0.599104,826,0.599104,826,0,1.00e-09
base,1e-09,3,6,92.201602,0.152017,0.0840221,0.0122554,0.0102679,46,4480,30,1,1,2,30,1.0000,0,0,0,0.25795,0.583804,844,0.583804,844,0,1.00e-09
base,1e-09,3,7,83.861935,0.149743,0.0871145,0.0133122,0.00401786,18,4480,30,1,1,2,30,1.0000,0,0,0,0.25782,0.566005,858,0.566005,858,0,1.00e-09
base,1e-09,3,8,76.901774,0.139884,0.0982857,0.0164013,0.00446429,20,4480,31,1,1,2,31,1.0000,0,0,0,0.25720,0.543818,850,0.543818,850,0,1.00e-09
base,1e-09,3,9,69.431264,0.171099,0.130484,0.0205786,0.00982143,44,4480,31,1,1,2,31,1.0000,0,0,0,0.25635,0.513802,850,0.513802,850,0,1.00e-09
base,1e-09,3,10,61.105366,0.1998,0.150117,0.0236701,0.0102679,46,4480,31,1,1,2,31,1.0000,0,0,0,0.25605,0.477177,872,0.477177,872,0,1.00e-09
base,1e-09,3,11,52.91771,0.1998,0.167752,0.0222188,0.0142857,64,4480,32,1,1,2,32,1.0000,0,0,0,0.25651,0.444761,904,0.444761,904,0,1.00e-09
base,1e-09,3,12,46.598361,0.1998,0.158676,0.0180274,0.0178571,80,4480,33,1,1,2,33,1.0000,0,0,0,0.25695,0.418247,916,0.418247,916,0,1.00e-09
base,1e-09,3,13,42.232362,0.1998,0.10947,0.0141518,0.0151786,68,4480,34,1,1,2,34,1.0000,0,0,0,0.25753,0.396929,916,0.396929,916,0,1.00e-09
base,1e-09,3,14,39.257153,0.1998,0.140778,0.0121463,0.00982143,44,4480,34,1,1,2,34,1.0000,0,0,0,0.25782,0.377363,916,0.377363,916,0,1.00e-09
base,1e-09,3,15,37.056189,0.1998,0.103555,0.0101249,0.0133929,60,4480,35,1,1,2,35,1.0000,0,0,0,0.25819,0.361147,952,0.361147,952,0,1.00e-09
base,1e-09,3,16,35.410121,0.1998,0.117311,0.00888181,0.00758929,34,4480,36,1,1,2,36,1.0000,0,0,0,0.25853,0.347063,958,0.347063,958,0,1.00e-09
base,1e-09,3,17,34.110424,0.1998,0.113462,0.00734522,0.00669643,30,4480,43,1,1,2,43,1.0000,0,0,0,0.25893,0.336007,968,0.336007,968,0,1.00e-09
base,1e-09,3,18,33.14562,0.1998,0.107874,0.00703892,0.00758929,34,4480,45,1,1,2,45,1.0000,0,0,0,0.25899,0.324937,984,0.324937,984,0,1.00e-09
base,1e-09,3,19,32.384291,0.1998,0.0849654,0.00652901,0.009375,42,4480,44,1,1,2,44,1.0000,0,0,0,0.25911,0.314646,970,0.314646,970,0,1.00e-09
base,1e-09,3,20,31.745174,0.1998,0.0956931,0.00579467,0.00446429,20,4480,36,1,1,2,36,1.0000,0,0,0,0.25929,0.306538,972,0.306538,972,0,1.00e-09
base,1e-09,3,21,31.257546,0.1998,0.0973143,0.00485114,0.00357143,16,4480,37,1,1,2,37,1.0000,0,0,0,0.25952,0.300725,956,0.300725,956,0,1.00e-09
base,1e-09,3,22,30.891433,0.1998,0.0928555,0.00440092,0.00357143,16,4480,37,1,1,2,37,1.0000,0,0,0,0.25961,0.296282,964,0.296282,964,0,1.00e-09
base,1e-09,3,23,30.621258,0.1998,0.101641,0.00405159,0.00401786,18,4480,36,1,1,2,36,1.0000,0,0,0,0.25969,0.292816,946,0.292816,946,0,1.00e-09
base,1e-09,3,24,30.403544,0.1998,0.106587,0.00397733,0.00535714,24,4480,36,1,1,2,36,1.0000,0,0,0,0.25974,0.289776,938,0.289776,938,0,1.00e-09
base,1e-09,3,25,30.218039,0.1998,0.106587,0.003849,0.00357143,16,4480,36,1,1,2,36,1.0000,0,0,0,0.25977,0.287119,938,0.287119,938,0,1.00e-09
base,1e-09,3,26,30.051519,0.1998,0.100383,0.00358166,0.00357143,16,4480,37,1,1,2,37,1.0000,0,0,0,0.25980,0.284805,922,0.284805,922,0,1.00e-09
base,1e-09,3,27,29.903123,0.1998,0.0927831,0.00308169,0.00178571,8,4480,42,1,1,2,42,1.0000,0,0,0,0.25985,0.283226,926,0.283226,926,0,1.00e-09
base,1e-09,3,28,29.781999,0.1998,0.0837038,0.00251948,0.00401786,18,4480,38,1,1,2,38,1.0000,0,0,0,0.25989,0.282627,932,0.282627,932,0,1.00e-09
base,1e-09,3,29,29.698239,0.1998,0.0969686,0.00235306,0.00178571,8,4480,38,1,1,2,38,1.0000,0,0,0,0.25991,0.281994,932,0.281994,932,0,1.00e-09
base,1e-09,3,30,29.631936,0.1998,0.10651,0.00210789,0.000892857,4,4480,36,1,1,2,36,1.0000,0,0,0,0.25992,0.28155,936,0.28155,936,0,1.00e-09
base,1e-09,3,31,29.577448,0.1998,0.0896123,0.00197061,0.00223214,10,4480,36,1,1,2,36,1.0000,0,0,0,0.25993,0.28108,938,0.28108,938,0,1.00e-09
base,1e-09,3,32,29.526539,0.1998,0.073955,0.00188545,0.000446429,2,4480,35,1,1,2,35,1.0000,0,0,0,0.25994,0.280919,940,0.280919,940,0,1.00e-09
base,1e-09,3,33,29.486497,0.18135,0.0791219,0.00189741,0.00223214,10,4480,35,1,1,2,35,1.0000,0,0,0,0.25994,0.280948,938,0.280948,938,0,1.00e-09
base,1e-09,3,34,29.446132,0.1998,0.0970482,0.002119,0.00223214,10,4480,36,1,1,2,36,1.0000,0,0,0,0.25993,0.281168,936,0.281168,936,0,1.00e-09
base,1e-09,3,35,29.404729,0.1998,0.0922898,0.00264427,0.00133929,6,4480,35,1,1,2,35,1.0000,0,0,0,0.25991,0.281719,942,0.281719,942,0,1.00e-09
base,1e-09,3,36,29.354105,0.1998,0.106587,0.00308112,0.00401786,18,4480,36,1,1,2,36,1.0000,0,0,0,0.25988,0.282017,940,0.282017,940,0,1.00e-09
base,1e-09,3,37,29.282849,0.1998,0.106587,0.00313688,0.00401786,18,4480,35,1,1,2,35,1.0000,0,0,0,0.25989,0.281879,950,0.281879,950,0,1.00e-09
base,1e-09,3,38,29.18754,0.1998,0.106587,0.00240265,0.00267857,12,4480,36,1,1,2,36,1.0000,0,0,0,0.25993,0.281156,956,0.281156,956,0,1.00e-09
base,1e-09,3,39,29.092575,0.1998,0.0984141,0.00151439,0.00267857,12,4480,36,1,1,2,36,1.0000,0,0,0,0.25996,0.280628,958,0.280628,958,0,1.00e-09
base,1e-09,3,40,29.032727,0.1998,0.0872654,0.000898971,0,0,4480,36,1,1,2,36,1.0000,0,0,0,0.25998,0.280083,958,0.280083,958,0,1.00e-09
base,1e-09,3,41,29.010497,0.1998,0.0877109,0.000753572,0,0,4480,37,1,1,2,37,1.0000,0,0,0,0.25999,0.27966,958,0.27966,958,0,1.00e-09
base,1e-09,3,42,28.996289,0.162783,0.0549332,0.00061638,0,0,4480,37,1,1,2,37,1.0000,0,0,0,0.25999,0.279459,958,0.279459,958,0,1.00e-09
base,1e-09,3,43,28.988576,0.170412,0.0591726,0.00057776,0.00133929,6,4480,37,1,1,2,37,1.0000,0,0,0,0.25999,0.279308,948,0.279308,948,0,1.00e-09
base,1e-09,3,44,28.98355,0.142468,0.0457339,0.000538509,0.00133929,6,4480,37,1,1,2,37,1.0000,0,0,0,0.25999,0.279159,946,0.279159,946,0,1.00e-09
base,1e-09,3,45,28.979104,0.130178,0.03865,0.000543868,0.000446429,2,4480,37,1,1,2,37,1.0000,0,0,0,0.25999,0.27901,948,0.27901,948,0,1.00e-09
base,1e-09,3,46,28.974853,0.179149,0.0528366,0.000649986,0.000446429,2,4480,37,1,1,2,37,1.0000,0,0,0,0.25999,0.278746,946,0.278746,946,0,1.00e-09
base,1e-09,3,47,28.969373,0.182131,0.0567047,0.000652595,0.00133929,6,4480,37,1,1,2,37,1.0000,0,0,0,0.25999,0.278447,948,0.278447,948,0,1.00e-09
base,1e-09,3,48,28.963439,0.164122,0.0510367,0.000613733,0.000892857,4,4480,37,1,1,2,37,1.0000,0,0,0,0.25999,0.278261,948,0.278261,948,0,1.00e-09
base,1e-09,3,49,28.958763,0.137863,0.0404025,0.000592459,0.000892857,4,4480,37,1,1,2,37,1.0000,0,0,0,0.25999,0.278102,940,0.278102,940,0,1.00e-09
base,1e-09,3,50,28.953618,0.190819,0.0490409,0.000670413,0.00133929,6,4480,37,1,1,2,37,1.0000,0,0,0,0.25999,0.277898,946,0.277898,946,0,1.00e-09
base,1e-09,3,51,28.947201,0.1998,0.0757612,0.000706255,0.000446429,2,4480,37,1,1,2,37,1.0000,0,0,0,0.25999,0.277761,944,0.277761,944,0,1.00e-09
base,1e-09,3,52,28.940056,0.172685,0.0600597,0.000746231,0.00133929,6,4480,37,1,1,2,37,1.0000,0,0,0,0.25999,0.277515,946,0.277515,946,0,1.00e-09
base,1e-09,3,53,28.932945,0.158602,0.0510569,0.000591177,0.000446429,2,4480,37,1,1,2,37,1.0000,0,0,0,0.25999,0.277577,944,0.277577,944,0,1.00e-09
base,1e-09,3,54,28.928353,0.169377,0.054738,0.000527039,0.000446429,2,4480,37,1,1,2,37,1.0000,0,0,0,0.25999,0.277597,946,0.277597,946,0,1.00e-09
base,1e-09,3,55,28.924473,0.133491,0.0435819,0.000468024,0.000446429,2,4480,37,1,1,2,37,1.0000,0,0,0,0.25999,0.277684,944,0.277684,944,0,1.00e-09
base,1e-09,3,56,28.920664,0.113105,0.0374784,0.000380983,0.000446429,2,4480,37,1,1,2,37,1.0000,0,0,0,0.26000,0.277704,942,0.277704,942,0,1.00e-09
base,1e-09,3,57,28.917487,0.0921416,0.0304304,0.000371731,0.000446429,2,4480,37,1,1,2,37,1.0000,0,0,0,0.25999,0.277764,940,0.277764,940,0,1.00e-09
base,1e-09,3,58,28.913895,0.116756,0.0381103,0.000398271,0.000446429,2,4480,37,1,1,2,37,1.0000,0,0,0,0.25999,0.277795,946,0.277795,946,0,1.00e-09
base,1e-09,3,59,28.909526,0.141713,0.0460061,0.000438961,0,0,4480,37,1,1,2,37,1.0000,0,0,0,0.25999,0.277812,946,0.277812,946,0,1.00e-09
base,1e-09,3,60,28.90436,0.161956,0.0524965,0.000455568,0,0,4480,37,1,1,2,37,1.0000,0,0,0,0.25999,0.277854,946,0.277854,946,0,1.00e-09
base,1e-09,3,61,28.898979,0.171008,0.0552418,0.000437845,0.00133929,6,4480,37,1,1,2,37,1.0000,0,0,0,0.25999,0.277913,948,0.277913,948,0,1.00e-09
base,1e-09,3,62,28.894246,0.145454,0.0465572,0.000395567,0.000446429,2,4480,37,1,1,2,37,1.0000,0,0,0,0.25999,0.277946,950,0.277946,950,0,1.00e-09
base,1e-09,3,63,28.890563,0.0764293,0.0203595,0.000332884,0.000446429,2,4480,37,1,1,2,37,1.0000,0,0,0,0.26000,0.277936,948,0.277936,948,0,1.00e-09
base,1e-09,3,64,28.888998,0.0802876,0.02178,0.000315058,0.000446429,2,4480,37,1,1,2,37,1.0000,0,0,0,0.26000,0.277854,950,0.277854,950,0,1.00e-09
base,1e-09,3,65,28.888017,0.059323,0.0168054,0.000316666,0.00178571,8,4480,37,1,1,2,37,1.0000,0,0,0,0.26000,0.277786,942,0.277786,942,0,1.00e-09
base,1e-09,3,66,28.88711,0.0619316,0.0196446,0.000277087,0.000892857,4,4480,37,1,1,2,37,1.0000,0,0,0,0.26000,0.277697,938,0.277697,938,0,1.00e-09
base,1e-09,3,67,28.886307,0.0670426,0.0228433,0.00029712,0.000446429,2,4480,36,1,1,2,36,1.0000,0,0,0,0.26000,0.277623,932,0.277623,932,0,1.00e-09
base,1e-09,3,68,28.88543,0.0633631,0.0242561,0.000288413,0,0,4480,36,1,1,2,36,1.0000,0,1,0,0.26000,0.277511,932,0.277511,932,0,1.00e-09
base,1e-09,3,69,50.499983,0.1998,0.260865,0.0518158,0.0169643,76,4480,34,1,1,2,34,1.0000,1,0,0,0.25212,0.381011,876,0.366021,876,0,1.00e-09
base,1e-09,3,70,38.362784,0.131308,0.101877,0.0180122,0.00892857,40,4480,46,1,1,2,46,1.0000,1,0,0,0.25627,0.342288,900,0.327249,900,0,1.00e-09
base,1e-09,3,71,33.046171,0.138533,0.0803011,0.0130384,0.00357143,16,4480,39,1,1,2,39,1.0000,1,0,0,0.25814,0.315572,916,0.300431,916,0,1.00e-09
base,1e-09,3,72,30.430181,0.125105,0.0632288,0.00965161,0.00178571,8,4480,38,1,1,2,38,1.0000,1,0,0,0.25910,0.300371,912,0.285076,912,0,1.00e-09
base,1e-09,3,73,29.258533,0.125562,0.0484095,0.00548724,0.000892857,4,4480,36,1,1,2,36,1.0000,1,0,0,0.25979,0.292115,916,0.276776,916,0,1.00e-09
base,1e-09,3,74,28.684994,0.12109,0.0496912,0.00347267,0,0,4480,36,1,1,2,36,1.0000,1,0,0,0.26006,0.287862,916,0.272534,916,0,1.00e-09
base,1e-09,3,75,28.414884,0.119827,0.0485907,0.00255264,0.000892857,4,4480,37,1,1,2,37,1.0000,1,0,0,0.26017,0.285121,920,0.269792,920,0,1.00e-09
base,1e-09,3,76,28.255896,0.126539,0.0433524,0.00192303,0,0,4480,37,1,1,2,37,1.0000,1,0,0,0.26025,0.2833,920,0.267939,920,0,1.00e-09
base,1e-09,3,77,28.167823,0.0926788,0.035455,0.00154771,0.000892857,4,4480,37,1,1,2,37,1.0000,1,0,0,0.26028,0.282039,920,0.266654,920,0,1.00e-09
base,1e-09,3,78,28.118727,0.11868,0.0486395,0.00147295,0.00178571,8,4480,37,1,1,2,37,1.0000,1,0,0,0.26029,0.280886,916,0.265483,916,0,1.00e-09
base,1e-09,3,79,28.082382,0.131517,0.0569988,0.00143401,0.000892857,4,4480,37,1,1,2,37,1.0000,1,0,0,0.26029,0.279832,916,0.264408,916,0,1.00e-09
base,1e-09,3,80,28.051639,0.182082,0.0767299,0.00146783,0.000892857,4,4480,38,1,1,2,38,1.0000,1,0,0,0.26029,0.278776,920,0.263329,920,0,1.00e-09
base,1e-09,3,81,28.021396,0.118434,0.0423634,0.0014658,0.00178571,8,4480,38,1,1,2,38,1.0000,1,0,0,0.26029,0.277624,928,0.26215,928,0,1.00e-09
base,1e-09,3,82,27.991859,0.145546,0.0730671,0.00144086,0.000446429,2,4480,38,1,1,2,38,1.0000,1,0,0,0.26027,0.276478,930,0.260991,930,0,1.00e-09
base,1e-09,3,83,27.964588,0.1998,0.104821,0.00139465,0.000892857,4,4480,43,1,1,2,43,1.0000,1,0,0,0.26024,0.275271,934,0.25981,934,0,1.00e-09
base,1e-09,3,84,27.925363,0.118748,0.0439953,0.00111693,0,0,4480,41,1,1,2,41,1.0000,1,0,0,0.26025,0.274615,934,0.259157,934,0,1.00e-09
base,1e-09,3,85,27.898591,0.1595,0.0456146,0.000863845,0.000446429,2,4480,36,1,1,2,36,1.0000,1,0,0,0.26025,0.274293,936,0.258827,936,0,1.00e-09
base,1e-09,3,86,27.883844,0.162106,0.0456379,0.000767299,0.000446429,2,4480,36,1,1,2,36,1.0000,1,0,0,0.26026,0.274186,938,0.258718,938,0,1.00e-09
base,1e-09,3,87,27.872591,0.112485,0.0360046,0.00066905,0.000446429,2,4480,36,1,1,2,36,1.0000,1,0,0,0.26026,0.274159,940,0.258687,940,0,1.00e-09
base,1e-09,3,88,27.863286,0.12127,0.0388165,0.000676745,0.000892857,4,4480,36,1,1,2,36,1.0000,1,0,0,0.26027,0.274177,944,0.258699,944,0,1.00e-09
base,1e-09,3,89,27.85619,0.118327,0.0415524,0.000697066,0.000892857,4,4480,36,1,1,2,36,1.0000,1,0,0,0.26027,0.274154,944,0.258663,944,0,1.00e-09
base,1e-09,3,90,27.84906,0.119943,0.042189,0.000593438,0.000446429,2,4480,36,1,1,2,36,1.0000,1,0,0,0.26028,0.274058,946,0.258547,946,0,1.00e-09
base,1e-09,3,91,27.843584,0.142984,0.0410031,0.000537456,0.000446429,2,4480,36,1,1,2,36,1.0000,1,0,0,0.26028,0.274009,952,0.258484,952,0,1.00e-09
base,1e-09,3,92,27.839592,0.156451,0.0500772,0.000502107,0.000892857,4,4480,36,1,1,2,36,1.0000,1,0,0,0.26028,0.273987,952,0.258441,952,0,1.00e-09
base,1e-09,3,93,27.836622,0.16015,0.0512613,0.000580228,0.00223214,10,4480,36,1,1,2,36,1.0000,1,0,0,0.26029,0.273994,958,0.25844,958,0,1.00e-09
base,1e-09,3,94,27.833918,0.165365,0.0458857,0.000636059,0.00133929,6,4480,37,1,1,2,37,1.0000,1,0,0,0.26028,0.273877,964,0.258296,964,0,1.00e-09
base,1e-09,3,95,27.831808,0.157445,0.0478395,0.000932652,0.00133929,6,4480,37,1,1,2,37,1.0000,1,0,0,0.26029,0.273902,958,0.258339,958,0,1.00e-09
base,1e-09,3,96,27.830831,0.127354,0.0617605,0.000987177,0.00133929,6,4480,37,1,1,2,37,1.0000,1,0,0,0.26027,0.273851,964,0.258253,964,0,1.00e-09
base,1e-09,3,97,27.830448,0.104144,0.0548417,0.000811352,0.00133929,6,4480,36,1,1,2,36,1.0000,1,0,0,0.26028,0.273955,958,0.258374,958,0,1.00e-09
base,1e-09,3,98,27.827878,0.141628,0.0448205,0.000446694,0.000892857,4,4480,37,1,1,2,37,1.0000,1,0,0,0.26028,0.274044,962,0.258446,962,0,1.00e-09
base,1e-09,3,99,27.825118,0.0890816,0.0242391,0.000243671,0.000446429,2,4480,37,1,1,2,37,1.0000,1,0,0,0.26029,0.274089,964,0.258489,964,0,1.00e-09
base,1e-09,3,100,27.823678,0.0919115,0.0241678,0.000177702,0,0,4480,37,1,1,2,37,1.0000,1,1,0,0.26029,0.27417,964,0.258566,964,0,1.00e-09
base,1e-09,3,101,25.755763,0.0336184,0.0154908,0.000390013,0.000446429,2,4480,37,1,1,2,37,1.0000,2,0,0,0.26067,0.274083,966,0.218435,966,0,1.00e-09
base,1e-09,3,102,25.701976,0.0253897,0.00812681,0.000139929,0,0,4480,37,1,1,2,37,1.0000,2,0,0,0.26068,0.274097,966,0.218432,966,0,1.00e-09
base,1e-09,3,103,25.698998,0.0295544,0.00945986,0.00013978,0,0,4480,37,1,1,2,37,1.0000,2,0,0,0.26068,0.274121,966,0.218444,966,0,1.00e-09
base,1e-09,3,104,25.69739,0.0354359,0.0113424,0.00016152,0,0,4480,37,1,1,2,37,1.0000,2,0,0,0.26067,0.274146,966,0.218455,966,0,1.00e-09
base,1e-09,3,105,25.695588,0.0425645,0.0136241,0.000182447,0,0,4480,37,1,1,2,37,1.0000,2,0,0,0.26067,0.274174,966,0.218467,966,0,1.00e-09
base,1e-09,3,106,25.693573,0.0505827,0.0161906,0.000209191,0.000446429,2,4480,37,1,1,2,37,1.0000,2,0,0,0.26067,0.274203,968,0.218478,968,0,1.00e-09
base,1e-09,3,107,25.691318,0.0594169,0.0190183,0.000239857,0,0,4480,37,1,1,2,37,1.0000,2,0,0,0.26066,0.274231,968,0.218486,968,0,1.00e-09
base,1e-09,3,108,25.688798,0.0686659,0.0219788,0.000274532,0,0,4480,37,1,1,2,37,1.0000,2,0,0,0.26066,0.274257,968,0.218489,968,0,1.00e-09
base,1e-09,3,109,25.686002,0.0776537,0.0248556,0.000313187,0.00133929,6,4480,37,1,1,2,37,1.0000,2,0,0,0.26066,0.274278,954,0.218487,954,0,1.00e-09
base,1e-09,3,110,25.682917,0.085114,0.0272435,0.000340206,0.000446429,2,4480,37,1,1,2,37,1.0000,2,0,0,0.26065,0.274322,956,0.218505,956,0,1.00e-09
base,1e-09,3,111,25.679599,0.090604,0.0381217,0.000353533,0.000892857,4,4480,37,1,1,2,37,1.0000,2,0,0,0.26064,0.274403,964,0.218553,964,0,1.00e-09
base,1e-09,3,112,25.676218,0.126995,0.0541986,0.000368789,0,0,4480,37,1,1,2,37,1.0000,2,0,0,0.26063,0.274484,964,0.218596,964,0,1.00e-09
base,1e-09,3,113,25.672734,0.16814,0.0717582,0.000395098,0.000446429,2,4480,37,1,1,2,37,1.0000,2,0,0,0.26062,0.274547,966,0.218611,966,0,1.00e-09
base,1e-09,3,114,25.66903,0.188265,0.0803471,0.000405511,0,0,4480,37,1,1,2,37,1.0000,2,0,0,0.26061,0.274558,966,0.218564,966,0,1.00e-09
base,1e-09,3,115,25.665934,0.157147,0.0670665,0.000397792,0,0,4480,37,1,1,2,37,1.0000,2,0,0,0.26060,0.274543,966,0.218492,966,0,1.00e-09
base,1e-09,3,116,25.663657,0.061141,0.0239502,0.000352541,0,0,4480,37,1,1,2,37,1.0000,2,0,0,0.26059,0.27454,966,0.21844,966,0,1.00e-09
base,1e-09,3,117,25.662064,0.0551906,0.0177689,0.000290794,0.000446429,2,4480,37,1,1,2,37,1.0000,2,0,0,0.26059,0.274594,972,0.218477,972,0,1.00e-09
base,1e-09,3,118,25.661188,0.0564298,0.0179469,0.000281722,0,0,4480,37,1,1,2,37,1.0000,2,0,0,0.26058,0.274667,972,0.218516,972,0,1.00e-09
base,1e-09,3,119,25.660542,0.0817405,0.0291127,0.000389347,0,0,4480,37,1,1,2,37,1.0000,2,1,0,0.26060,0.274796,972,0.218683,972,0,1.00e-09
base,1e-09,3,120,21.728159,0.0616971,0.0308546,0.0011222,0.000446429,2,4480,39,1,1,2,39,1.0000,4,0,0,0.25962,0.275762,970,0.124679,970,0,1.00e-09
base,1e-09,3,121,21.810324,0.0477652,0.0197263,0.000661347,0.000446429,2,4480,39,1,1,2,39,1.0000,4,0,0,0.25969,0.276202,976,0.124674,976,0,1.00e-09
base,1e-09,3,122,21.795155,0.0531069,0.0214972,0.000602519,0,0,4480,39,1,1,2,39,1.0000,4,0,0,0.25973,0.276665,976,0.124756,976,0,1.00e-09
base,1e-09,3,123,21.785228,0.0614082,0.0252293,0.000629418,0.000446429,2,4480,39,1,1,2,39,1.0000,4,0,0,0.25976,0.277098,974,0.124826,974,0,1.00e-09
base,1e-09,3,124,21.775379,0.0743138,0.0300177,0.000662089,0,0,4480,38,1,1,2,38,1.0000,4,0,0,0.25978,0.277509,974,0.124888,974,0,1.00e-09
base,1e-09,3,125,21.764928,0.0952296,0.0355593,0.000716116,0.000892857,4,4480,38,1,1,2,38,1.0000,4,0,0,0.25980,0.277882,978,0.124923,978,0,1.00e-09
base,1e-09,3,126,21.753503,0.12792,0.0409518,0.000757717,0.000892857,4,4480,38,1,1,2,38,1.0000,4,0,0,0.25982,0.278195,978,0.12491,978,0,1.00e-09
base,1e-09,3,127,21.740961,0.162835,0.0449324,0.000785205,0.000446429,2,4480,38,1,1,2,38,1.0000,4,0,0,0.25983,0.278481,980,0.124874,980,0,1.00e-09
base,1e-09,3,128,21.727716,0.15495,0.0521726,0.000834739,0.000446429,2,4480,38,1,1,2,38,1.0000,4,0,0,0.25987,0.278754,978,0.124803,978,0,1.00e-09
base,1e-09,3,129,21.714027,0.14146,0.0587566,0.000855031,0,0,4480,38,1,1,2,38,1.0000,4,0,0,0.25993,0.279052,978,0.124723,978,0,1.00e-09
base,1e-09,3,130,21.702083,0.182391,0.0682631,0.000884772,0.00133929,6,4480,38,1,1,2,38,1.0000,4,0,0,0.25997,0.279263,984,0.124575,984,0,1.00e-09
base,1e-09,3,131,21.690483,0.190279,0.0753087,0.000864079,0,0,4480,37,1,1,2,37,1.0000,4,0,0,0.25999,0.279469,984,0.124488,984,0,1.00e-09
base,1e-09,3,132,21.679671,0.1998,0.0814549,0.000882527,0.00133929,6,4480,37,1,1,2,37,1.0000,4,0,0,0.26004,0.279675,990,0.124473,990,0,1.00e-09
base,1e-09,3,133,21.669216,0.1998,0.0818813,0.000901502,0.000446429,2,4480,37,1,1,2,37,1.0000,4,0,0,0.26004,0.279835,988,0.124489,988,0,1.00e-09
base,1e-09,3,134,21.657804,0.1998,0.0876448,0.000933186,0.000446429,2,4480,38,1,1,2,38,1.0000,4,0,0,0.26004,0.280051,990,0.124569,990,0,1.00e-09
base,1e-09,3,135,21.643259,0.1998,0.089741,0.00109333,0.00223214,10,4480,38,1,1,2,38,1.0000,4,0,0,0.26002,0.280254,988,0.124544,988,0,1.00e-09
base,1e-09,3,136,21.625645,0.1998,0.0904164,0.00110328,0.000892857,4,4480,38,1,1,2,38,1.0000,4,0,0,0.26001,0.280438,988,0.124452,988,0,1.00e-09
base,1e-09,3,137,21.611587,0.1998,0.0639525,0.00101747,0.00133929,6,4480,38,1,1,2,38,1.0000,4,0,0,0.25998,0.280545,990,0.124472,990,0,1.00e-09
base,1e-09,3,138,21.6026,0.1998,0.0639525,0.001019,0.000446429,2,4480,38,1,1,2,38,1.0000,4,0,0,0.26008,0.280966,988,0.124481,988,0,1.00e-09
base,1e-09,3,139,21.593761,0.1998,0.104504,0.00120201,0.000892857,4,4480,38,1,1,2,38,1.0000,4,0,0,0.26017,0.28123,1000,0.124749,1000,0,1.00e-09
base,1e-09,3,140,21.583458,0.1998,0.107231,0.00126255,0.000446429,2,4480,38,1,1,2,38,1.0000,4,0,0,0.26020,0.281164,998,0.12397,998,0,1.00e-09
base,1e-09,3,141,21.574712,0.1998,0.0913743,0.00116166,0.000892857,4,4480,38,1,1,2,38,1.0000,4,0,0,0.26035,0.281907,1002,0.124967,1002,0,1.00e-09
base,1e-09,3,142,21.571366,0.193015,0.0621415,0.00101033,0,0,4480,38,1,1,2,38,1.0000,4,0,0,0.26020,0.281361,1002,0.123943,1002,0,1.00e-09
base,1e-09,3,143,21.568649,0.188742,0.0604227,0.000766259,0,0,4480,38,1,1,2,38,1.0000,4,0,0,0.26029,0.281737,1002,0.124772,1002,0,1.00e-09
base,1e-09,3,144,21.566622,0.137608,0.0499311,0.000491191,0,0,4480,38,1,1,2,38,1.0000,4,0,0,0.26026,0.281601,1002,0.124409,1002,0,1.00e-09
base,1e-09,3,145,21.563368,0.1998,0.0578787,0.000338811,0,0,4480,38,1,1,2,38,1.0000,4,0,0,0.26026,0.281779,1002,0.12474,1002,0,1.00e-09
base,1e-09,3,146,21.560299,0.1998,0.0632852,0.000292394,0.000446429,2,4480,38,1,1,2,38,1.0000,4,0,0,0.26023,0.281923,1004,0.124938,1004,0,1.00e-09
base,1e-09,3,147,21.555227,0.143773,0.044879,0.000264701,0,0,4480,38,1,1,2,38,1.0000,4,0,0,0.26021,0.282077,1004,0.125134,1004,0,1.00e-09
base,1e-09,3,148,21.551038,0.1998,0.0544976,0.000240889,0,0,4480,38,1,1,2,38,1.0000,4,0,0,0.26019,0.282244,1004,0.12534,1004,0,1.00e-09
base,1e-09,3,149,21.547426,0.1998,0.0610846,0.000302624,0,0,4480,38,1,1,2,38,1.0000,4,0,0,0.26016,0.282436,1004,0.12557,1004,0,1.00e-09
base,1e-09,3,150,21.54218,0.1998,0.0635303,0.000335419,0.000446429,2,4480,38,1,1,2,38,1.0000,4,0,0,0.26013,0.282633,1006,0.125767,1006,0,1.00e-09
base,1e-09,3,151,21.536818,0.140823,0.0382018,0.000248216,0.000446429,2,4480,38,1,1,2,38,1.0000,4,0,0,0.26013,0.282759,1008,0.125833,1008,0,1.00e-09
base,1e-09,3,152,21.534292,0.156362,0.042417,0.000197208,0,0,4480,38,1,1,2,38,1.0000,4,0,0,0.26013,0.282814,1008,0.125842,1008,0,1.00e-09
base,1e-09,3,153,21.53296,0.194071,0.0526468,0.000210908,0.000446429,2,4480,38,1,1,2,38,1.0000,4,0,0,0.26013,0.282819,1000,0.125803,1000,0,1.00e-09
base,1e-09,3,154,21.53136,0.147778,0.0400885,0.000197916,0,0,4480,38,1,1,2,38,1.0000,4,0,0,0.26011,0.282786,1000,0.125763,1000,0,1.00e-09
base,1e-09,3,155,21.529955,0.0866571,0.02314,0.000182175,0,0,4480,38,1,1,2,38,1.0000,4,0,0,0.26010,0.28282,1000,0.125807,1000,0,1.00e-09
base,1e-09,3,156,21.529054,0.113496,0.030551,0.000171827,0.000446429,2,4480,38,1,1,2,38,1.0000,4,0,0,0.26008,0.282789,1000,0.125783,1000,0,1.00e-09
base,1e-09,3,157,21.527912,0.145462,0.0387797,0.000178461,0,0,4480,38,1,1,2,38,1.0000,4,0,0,0.26007,0.282827,1000,0.125807,1000,0,1.00e-09
base,1e-09,3,158,21.526692,0.164759,0.0423852,0.000161155,0,0,4480,38,1,1,2,38,1.0000,4,0,0,0.26006,0.282795,1000,0.125757,1000,0,1.00e-09
base,1e-09,3,159,21.525562,0.147075,0.0354512,0.000135982,0,0,4480,38,1,1,2,38,1.0000,4,0,0,0.26006,0.282793,1000,0.125738,1000,0,1.00e-09
base,1e-09,3,160,21.524631,0.0596694,0.0160922,0.00012564,0,0,4480,38,1,1,2,38,1.0000,4,1,0,0.26007,0.282787,1000,0.125672,1000,0,1.00e-09
base,1e-09,3,161,18.552621,0.1998,0.113094,0.00817787,0.00133929,6,4480,42,1,1,2,42,1.0000,8,0,0,0.25161,0.290709,994,0.0411752,994,0,1.00e-09
base,1e-09,3,162,19.026844,0.0792843,0.0425379,0.00386257,0.000446429,2,4480,41,1,1,2,41,1.0000,8,0,0,0.25538,0.29295,996,0.0381487,996,0,1.00e-09
base,1e-09,3,163,18.825056,0.0785627,0.0396529,0.00152393,0.000892857,4,4480,41,1,1,2,41,1.0000,8,0,0,0.25649,0.294385,996,0.0377499,996,0,1.00e-09
base,1e-09,3,164,18.792359,0.0873688,0.0378134,0.00110156,0.000446429,2,4480,40,1,1,2,40,1.0000,8,0,0,0.25706,0.295516,1002,0.0375434,1002,0,1.00e-09
base,1e-09,3,165,18.780867,0.15982,0.0688296,0.00113965,0.000446429,2,4480,40,1,1,2,40,1.0000,8,0,0,0.25762,0.296659,1008,0.037027,1008,0,1.00e-09
base,1e-09,3,166,18.767141,0.12109,0.0688644,0.00109904,0,0,4480,41,1,1,2,41,1.0000,8,0,0,0.25815,0.29767,1008,0.0364646,1008,0,1.00e-09
base,1e-09,3,167,18.755561,0.106861,0.0326565,0.000773166,0.000892857,4,4480,40,1,1,2,40,1.0000,8,0,0,0.25850,0.298148,1016,0.0361053,1016,0,1.00e-09
base,1e-09,3,168,18.749761,0.164844,0.0565982,0.000981024,0,0,4480,41,1,1,2,41,1.0000,8,0,0,0.25896,0.298774,1016,0.0353964,1016,0,1.00e-09
base,1e-09,3,169,18.739084,0.1998,0.0779449,0.00123549,0,0,4480,43,1,1,2,43,1.0000,8,0,0,0.25946,0.299425,1016,0.034423,1016,0,1.00e-09
base,1e-09,3,170,18.724614,0.1998,0.0603805,0.000767608,0,0,4480,54,1,1,2,54,1.0000,8,0,0,0.25955,0.299215,1016,0.033915,1016,0,1.00e-09
base,1e-09,3,171,18.719635,0.14894,0.0403682,0.000474703,0,0,4480,55,1,1,2,55,1.0000,8,1,0,0.25954,0.298943,1016,0.0339245,1016,0,1.00e-09
base,1e-09,3,172,18.053045,0.0999,0.0999,0.0289785,0.003125,14,4480,50,1,1,2,50,1.0000,16,0,0,0.22949,0.324938,1002,0.0207847,1002,0,1.00e-09
base,1e-09,3,173,18.757194,0.0999,0.0999,0.0259539,0.00223214,10,4480,52,1,1,2,52,1.0000,16,0,0,0.25572,0.333548,1012,0.0156116,1012,0,1.00e-09
base,1e-09,3,174,18.412759,0.0999,0.0694339,0.0160332,0,0,4480,54,1,1,2,54,1.0000,16,0,0,0.25879,0.323241,1012,0.011204,1012,0,1.00e-09
base,1e-09,3,175,18.268948,0.0999,0.0631001,0.00787764,0.000892857,4,4480,57,1,1,2,57,1.0000,16,0,0,0.26233,0.325276,1016,0.00856213,1016,0,1.00e-09
base,1e-09,3,176,18.211308,0.0999,0.0676789,0.00462369,0,0,4480,56,1,1,2,56,1.0000,16,0,0,0.26486,0.324675,1016,0.00744047,1016,0,1.00e-09
base,1e-09,3,177,18.191295,0.0999,0.0631875,0.00262425,0,0,4480,56,1,1,2,56,1.0000,16,0,0,0.26523,0.323765,1016,0.00652332,1016,0,1.00e-09
base,1e-09,3,178,18.179186,0.0999,0.0450838,0.00179841,0,0,4480,57,1,1,2,57,1.0000,16,0,0,0.26602,0.323859,1016,0.00614229,1016,0,1.00e-09
base,1e-09,3,179,18.173333,0.0999,0.0500159,0.00156009,0,0,4480,57,1,1,2,57,1.0000,16,0,0,0.26566,0.323414,1016,0.00571391,1016,0,1.00e-09
base,1e-09,3,180,18.168271,0.0999,0.0559452,0.00145322,0,0,4480,55,1,1,2,55,1.0000,16,0,0,0.26614,0.323965,1016,0.00580471,1016,0,1.00e-09
base,1e-09,3,181,18.166621,0.0999,0.0793739,0.00152935,0,0,4480,57,1,1,2,57,1.0000,16,0,0,0.26565,0.323765,1016,0.00543623,1016,0,1.00e-09
base,1e-09,3,182,18.1656,0.0999,0.0653691,0.00142466,0,0,4480,57,1,1,2,57,1.0000,16,1,0,0.26599,0.324046,1016,0.0056396,1016,0,1.00e-09
base,1e-09,3,183,18.087698,0.04995,0.04995,0.0133252,0.00133929,6,4480,59,1,1,2,59,1.0000,32,1,0,0.25217,0.328276,1010,0.00543787,1010,0,1.00e-09
base,1e-09,3,184,18.236818,0.04995,0.04995,0.0102775,0.00133929,6,4480,76,1,1,2,76,1.0000,32,1,0,0.26253,0.329384,1012,0.00410388,1012,0,1.00e-09
base,1e-09,3,185,18.173629,0.04995,0.0463393,0.00609701,0,0,4480,63,1,1,2,63,1.0000,32,1,0,0.26297,0.329503,1012,0.00245527,1012,0,1.00e-09
base,1e-09,3,186,18.147197,0.04995,0.0474313,0.00574602,0,0,4480,64,1,1,2,64,1.0000,32,1,0,0.26828,0.333052,1012,0.00185498,1012,0,1.00e-09
base,1e-09,3,187,18.133786,0.04995,0.0459999,0.00485347,0,0,4480,63,1,1,2,63,1.0000,32,1,0,0.26675,0.333628,1012,0.00118041,1012,0,1.00e-09
base,1e-09,3,188,18.126467,0.04995,0.0422267,0.0042337,0,0,4480,63,1,1,2,63,1.0000,32,1,0,0.27015,0.336135,1012,0.00107229,1012,0,1.00e-09
base,1e-09,3,189,18.123225,0.04995,0.0405269,0.00314813,0,0,4480,64,1,1,2,64,1.0000,32,1,0,0.26938,0.335891,1012,0.000968882,1012,0,1.00e-09
base,1e-09,3,190,18.121288,0.04995,0.0420172,0.00306718,0,0,4480,57,1,1,2,57,1.0000,32,1,0,0.27169,0.337779,1012,0.00087947,1012,0,1.00e-09
base,1e-09,3,191,18.120634,0.04995,0.0407515,0.00274344,0,0,4480,64,1,1,2,64,1.0000,32,1,0,0.27021,0.336445,1012,0.000869697,1012,0,1.00e-09
base,1e-09,3,192,18.12032,0.04995,0.0458244,0.00249382,0,0,4480,63,1,1,2,63,1.0000,32,1,0,0.27166,0.337974,1012,0.000800912,1012,0,1.00e-09
base,1e-09,3,193,18.119528,0.04995,0.0400448,0.00173004,0,0,4480,63,1,1,2,63,1.0000,32,1,0,0.27128,0.337645,1012,0.000788752,1012,0,1.00e-09
