rung,iter,wall_ms,compliance,achieved_vf,plateau,cg_iters,cg_multigrid,beta,hier_built,mg_cycles_attempted,infeasible,recycle_dim,active_fraction,total_ms,tail_prev_ms,filter_ms,project_ms,solve_ms,fea_ms,sens_ms,update_ms,analysis_ms,observe_ms,residual_ms,solver_build_ms,mg_build_ms,mg_ms,cg_ms,geneo_setup_ms,geneo_apply_ms,recycle_ms,fea_solves,matvecs,geneo_dim,geneo_action,geneo_burn,geneo_threshold,rss_mb,peak_rss_mb,compressed_mb,available_mb,major_faults,swapins
0,1,1785740542624,0.0001166524199,0.547878,0,184,1,0,1,184,0,0,1.000000,1031.677,0.000,0.288,0.017,1027.373,1026.158,1.214,3.764,0.105,0.067,0.063,1.773,58.119,965.969,0.000,0.000,0.000,0.000,1,736,0,0,0,0,44.88,64.62,0.00,4499.67,410,0
0,2,1785740543187,5.523305127e-05,0.566316,0,157,1,0,1,157,0,0,1.000000,563.043,0.028,0.254,0.014,560.280,559.139,1.141,2.323,0.097,0.040,0.036,1.448,55.543,501.967,0.000,0.000,0.000,0.000,1,628,0,0,0,0,48.80,68.56,0.00,4475.94,410,0
0,3,1785740543588,3.167910338e-05,0.590479,0,122,1,0,1,122,0,0,1.000000,400.726,0.002,0.248,0.014,397.641,396.495,1.145,2.633,0.103,0.052,0.036,1.235,52.477,342.534,0.000,0.000,0.000,0.000,1,488,0,0,0,0,48.92,68.69,0.00,4481.66,410,0
0,4,1785740544028,3.049191929e-05,0.594986,0,124,1,0,1,124,0,0,1.000000,439.917,0.002,0.260,0.017,436.936,435.768,1.168,2.520,0.102,0.042,0.040,1.007,53.576,380.994,0.000,0.000,0.000,0.000,1,496,0,0,0,0,49.00,68.77,0.00,4463.89,410,0
0,5,1785740544599,3.071920508e-05,0.595717,0,128,1,0,1,128,0,0,1.000000,571.200,0.003,0.261,0.014,568.089,566.613,1.474,2.613,0.130,0.046,0.048,1.427,55.164,509.770,0.000,0.000,0.000,0.000,1,512,0,0,0,0,52.42,72.19,0.00,4478.52,410,0
0,6,1785740545191,2.980725242e-05,0.594249,0,133,1,0,1,133,0,0,1.000000,591.716,0.002,0.230,0.014,588.632,587.436,1.193,2.640,0.098,0.052,0.049,1.087,56.542,529.627,0.000,0.000,0.000,0.000,1,532,0,0,0,0,52.77,72.53,0.00,4391.62,410,0
0,7,1785740545848,2.913853547e-05,0.595390,0,137,1,0,1,137,0,0,1.000000,657.113,0.003,0.242,0.014,653.646,652.476,1.169,2.981,0.113,0.066,0.052,1.221,57.808,593.260,0.000,0.000,0.000,0.000,1,548,0,0,0,0,52.77,72.53,0.00,4445.67,410,0
0,8,1785740546458,2.896787205e-05,0.597487,0,137,1,0,1,137,0,0,1.000000,609.756,0.002,0.264,0.063,606.795,605.273,1.519,2.437,0.102,0.048,0.049,1.345,59.724,544.039,0.000,0.000,0.000,0.000,1,548,0,0,0,0,58.27,78.03,0.00,4448.02,410,0
0,9,1785740547055,2.876240698e-05,0.597890,0,138,1,0,1,138,0,0,1.000000,596.727,0.002,0.247,0.013,593.610,592.504,1.106,2.687,0.096,0.043,0.032,0.993,55.691,535.659,0.000,0.000,0.000,0.000,1,552,0,0,0,0,58.27,78.03,0.00,4458.31,410,0
0,10,1785740547696,2.863925748e-05,0.598585,0,144,1,0,1,144,0,0,1.000000,641.581,0.001,0.207,0.013,637.974,636.810,1.164,3.189,0.098,0.063,0.037,1.390,56.532,578.727,0.000,0.000,0.000,0.000,1,576,0,0,0,0,58.27,78.03,0.00,4425.11,410,0
0,11,1785740548352,2.851530169e-05,0.598886,0,147,1,0,1,147,0,0,1.000000,656.225,0.002,0.220,0.014,653.392,652.213,1.178,2.414,0.096,0.046,0.043,1.194,58.495,592.349,0.000,0.000,0.000,0.000,1,588,0,0,0,0,58.30,78.06,0.00,4425.11,410,0
0,12,1785740549009,2.843367031e-05,0.598120,0,152,1,0,1,152,0,0,1.000000,656.848,0.004,0.279,0.019,653.921,652.748,1.172,2.435,0.097,0.051,0.047,1.028,59.089,592.454,0.000,0.000,0.000,0.000,1,608,0,0,0,0,58.30,78.06,0.00,4411.09,410,0
0,13,1785740549685,2.838611203e-05,0.598502,0,151,1,0,1,151,0,0,1.000000,675.963,0.002,0.264,0.015,672.980,671.680,1.299,2.511,0.100,0.053,0.040,0.983,56.775,613.750,0.000,0.000,0.000,0.000,1,604,0,0,0,0,58.30,78.06,0.00,4364.81,410,0
0,14,1785740550464,2.827101523e-05,0.598728,0,158,1,0,1,158,0,0,1.000000,779.037,0.002,0.209,0.013,776.187,775.056,1.130,2.420,0.111,0.050,0.047,1.077,56.013,717.799,0.000,0.000,0.000,0.000,1,632,0,0,0,0,58.30,78.06,0.00,4475.22,410,0
0,15,1785740551164,2.832314191e-05,0.598985,0,159,1,0,1,159,0,0,1.000000,699.996,0.002,0.252,0.016,696.734,695.575,1.159,2.793,0.116,0.047,0.038,1.003,56.590,637.814,0.000,0.000,0.000,0.000,1,636,0,0,0,0,58.30,78.06,0.00,4472.56,410,0
0,16,1785740552738,2.871134845e-05,0.598951,0,144,1,1,1,144,0,0,1.000000,671.126,0.000,0.473,0.079,667.650,666.511,1.139,2.548,0.290,0.052,0.034,1.237,56.546,608.550,0.000,0.000,0.000,0.000,1,576,0,0,0,0,60.41,80.17,0.00,4345.98,410,0
0,17,1785740553434,2.841665787e-05,0.600510,0,160,1,1,1,160,0,0,1.000000,695.699,0.001,0.535,0.080,692.146,690.965,1.180,2.721,0.118,0.057,0.042,1.928,57.838,631.001,0.000,0.000,0.000,0.000,1,640,0,0,0,0,61.89,81.66,0.00,4296.28,410,0
0,18,1785740554104,2.829079821e-05,0.600711,0,155,1,1,1,155,0,0,1.000000,670.374,0.002,0.637,0.075,666.967,665.532,1.434,2.512,0.100,0.045,0.038,1.079,56.146,608.149,0.000,0.000,0.000,0.000,1,620,0,0,0,0,64.19,83.95,0.00,4343.20,410,0
0,19,1785740554847,2.819945281e-05,0.601259,0,170,1,1,1,170,0,0,1.000000,742.438,0.002,0.426,0.081,739.322,738.159,1.162,2.415,0.101,0.048,0.045,1.133,55.017,681.833,0.000,0.000,0.000,0.000,1,680,0,0,0,0,65.17,84.94,0.00,4393.22,410,0
0,20,1785740555599,2.812727658e-05,0.601394,0,177,1,1,1,177,0,0,1.000000,751.957,0.002,0.426,0.078,748.950,747.782,1.167,2.319,0.098,0.049,0.038,1.040,53.894,692.663,0.000,0.000,0.000,0.000,1,708,0,0,0,0,65.17,84.94,0.00,4336.86,410,0
0,21,1785740556315,2.807421401e-05,0.601601,0,167,1,1,1,167,0,0,1.000000,716.007,0.002,0.369,0.076,713.081,711.925,1.155,2.287,0.097,0.060,0.038,1.031,54.527,656.211,0.000,0.000,0.000,0.000,1,668,0,0,0,0,65.17,84.94,0.00,4341.20,410,0
0,22,1785740557068,2.801989095e-05,0.601686,0,174,1,1,1,174,0,0,1.000000,753.167,0.002,0.444,0.079,749.388,748.017,1.369,3.067,0.099,0.044,0.046,1.067,59.546,687.241,0.000,0.000,0.000,0.000,1,696,0,0,0,0,65.17,84.94,0.00,4390.97,410,0
0,23,1785740557801,2.797534561e-05,0.601755,0,172,1,1,1,172,0,0,1.000000,732.925,0.002,0.410,0.076,729.991,728.841,1.149,2.269,0.096,0.039,0.044,1.051,56.086,671.538,0.000,0.000,0.000,0.000,1,688,0,0,0,0,65.17,84.94,0.00,4356.11,410,0
0,24,1785740558357,2.793423954e-05,0.601597,0,183,1,1,1,183,0,0,1.000000,555.802,0.002,0.380,0.077,552.496,551.380,1.116,2.680,0.097,0.038,0.034,0.971,54.210,496.035,0.000,0.000,0.000,0.000,1,732,0,0,0,0,65.17,84.94,0.00,4369.95,410,0
0,25,1785740558932,2.790087498e-05,0.601594,0,179,1,1,1,179,0,0,1.000000,574.913,0.001,0.430,0.078,571.896,570.760,1.135,2.336,0.097,0.040,0.036,0.989,52.287,517.324,0.000,0.000,0.000,0.000,1,716,0,0,0,0,65.17,84.94,0.00,4383.59,410,0
0,26,1785740559753,2.784198002e-05,0.601724,0,186,1,1,1,186,0,0,1.000000,820.913,0.002,0.412,0.076,817.727,816.579,1.146,2.500,0.109,0.051,0.038,1.058,54.101,761.260,0.000,0.000,0.000,0.000,1,744,0,0,0,0,65.17,84.94,0.00,4383.61,410,0
0,27,1785740560641,2.77828778e-05,0.601818,0,189,1,1,1,189,0,0,1.000000,888.178,0.002,0.502,0.077,884.891,883.536,1.353,2.482,0.103,0.049,0.073,1.286,59.798,822.249,0.000,0.000,0.000,0.000,1,756,0,0,0,0,65.89,85.66,0.00,4383.39,410,0
0,28,1785740561472,2.772866018e-05,0.601941,0,197,1,1,1,197,0,0,1.000000,830.703,0.002,0.619,0.077,827.193,825.905,1.285,2.621,0.104,0.044,0.044,1.071,55.132,769.522,0.000,0.000,0.000,0.000,1,788,0,0,0,0,63.81,85.66,0.00,4338.34,410,0
0,29,1785740562400,2.768292273e-05,0.602009,0,209,1,1,1,209,0,0,1.000000,928.617,0.002,0.474,0.077,925.428,924.272,1.155,2.453,0.096,0.053,0.035,1.096,55.005,867.991,0.000,0.000,0.000,0.000,1,836,0,0,0,0,63.81,85.66,0.00,4334.59,410,0
0,30,1785740563320,2.764811835e-05,0.602071,0,214,1,1,1,214,0,0,1.000000,919.506,0.002,0.449,0.076,916.114,914.948,1.165,2.673,0.101,0.044,0.049,1.102,57.696,855.978,0.000,0.000,0.000,0.000,1,856,0,0,0,0,63.81,85.66,0.00,4340.30,410,0
1,1,1785740591576,0.0002765094398,0.397878,0,184,1,0,1,184,0,0,1.000000,853.834,0.000,0.524,0.014,850.616,849.427,1.188,2.488,0.097,0.047,0.048,1.165,57.310,790.765,0.000,0.000,0.000,0.000,1,736,0,0,0,0,137.14,152.30,42.14,3985.50,410,0
1,2,1785740592230,0.0001110562632,0.421299,0,141,1,0,1,141,0,0,1.000000,654.756,0.005,0.265,0.013,651.880,650.677,1.202,2.411,0.101,0.049,0.037,1.093,56.022,593.368,0.000,0.000,0.000,0.000,1,564,0,0,0,0,137.14,152.30,42.14,3986.48,410,0
1,3,1785740592802,6.524628761e-05,0.429502,0,116,1,0,1,116,0,0,1.000000,571.297,0.002,0.256,0.014,568.238,567.031,1.205,2.594,0.101,0.047,0.047,1.046,56.871,508.935,0.000,0.000,0.000,0.000,1,464,0,0,0,0,137.14,152.30,40.52,4018.03,410,0
1,4,1785740593449,5.100577853e-05,0.436146,0,132,1,0,1,132,0,0,1.000000,646.870,0.002,0.270,0.014,643.576,642.389,1.186,2.809,0.101,0.045,0.055,1.136,56.482,584.566,0.000,0.000,0.000,0.000,1,528,0,0,0,0,137.14,152.30,40.52,3968.19,410,0
1,5,1785740593976,4.283481137e-05,0.435717,0,109,1,0,1,109,0,0,1.000000,527.282,0.002,0.224,0.014,524.414,523.278,1.136,2.434,0.097,0.061,0.038,1.226,56.746,465.125,0.000,0.000,0.000,0.000,1,436,0,0,0,0,137.14,152.30,39.91,3968.19,410,0
1,6,1785740594563,4.143037007e-05,0.439298,0,125,1,0,1,125,0,0,1.000000,587.216,0.003,0.253,0.014,584.157,582.948,1.206,2.544,0.099,0.095,0.053,1.093,56.193,525.468,0.000,0.000,0.000,0.000,1,500,0,0,0,0,137.14,152.30,39.91,4006.91,410,0
1,7,1785740595152,3.93732076e-05,0.446730,0,126,1,0,1,126,0,0,1.000000,588.690,0.002,0.245,0.014,585.705,584.503,1.201,2.539,0.100,0.043,0.043,1.103,56.706,526.519,0.000,0.000,0.000,0.000,1,504,0,0,0,0,137.14,152.30,39.91,3992.81,410,0
1,8,1785740595807,3.78483924e-05,0.448118,0,132,1,0,1,132,0,0,1.000000,655.322,0.003,0.288,0.014,651.389,650.240,1.149,3.426,0.112,0.051,0.042,1.043,56.073,592.947,0.000,0.000,0.000,0.000,1,528,0,0,0,0,137.14,152.30,39.89,4018.59,410,0
1,9,1785740596424,3.736400172e-05,0.448430,0,130,1,0,1,130,0,0,1.000000,616.595,0.002,0.223,0.014,613.201,612.035,1.165,2.970,0.101,0.046,0.042,1.024,55.535,555.297,0.000,0.000,0.000,0.000,1,520,0,0,0,0,137.14,152.30,39.89,4030.61,410,0
1,10,1785740597041,3.706382754e-05,0.448436,0,132,1,0,1,132,0,0,1.000000,616.829,0.002,0.243,0.014,613.091,611.920,1.170,3.268,0.112,0.055,0.046,1.026,55.327,555.389,0.000,0.000,0.000,0.000,1,528,0,0,0,0,137.14,152.30,38.06,4043.16,410,0
1,11,1785740597694,3.680909024e-05,0.448767,0,144,1,0,1,144,0,0,1.000000,653.082,0.002,0.283,0.014,650.045,648.857,1.187,2.521,0.102,0.067,0.048,1.219,56.140,591.311,0.000,0.000,0.000,0.000,1,576,0,0,0,0,137.14,152.30,38.06,4008.16,410,0
1,12,1785740598382,3.658475464e-05,0.448629,0,149,1,0,1,149,0,0,1.000000,687.798,0.003,0.297,0.017,684.758,683.571,1.187,2.532,0.100,0.052,0.041,1.729,55.623,626.021,0.000,0.000,0.000,0.000,1,596,0,0,0,0,137.14,152.30,38.06,4026.03,410,0
1,13,1785740599093,3.633166609e-05,0.448531,0,151,1,0,1,151,0,0,1.000000,711.177,0.002,0.239,0.013,708.251,707.079,1.171,2.463,0.099,0.059,0.052,0.972,55.889,650.038,0.000,0.000,0.000,0.000,1,604,0,0,0,0,137.14,152.30,38.06,4036.77,410,0
1,14,1785740599805,3.600098603e-05,0.448638,0,154,1,0,1,154,0,0,1.000000,711.688,0.002,0.256,0.013,708.174,706.915,1.258,2.891,0.102,0.052,0.199,1.111,55.369,650.150,0.000,0.000,0.000,0.000,1,616,0,0,0,0,137.14,152.30,38.06,3957.09,410,0
1,15,1785740600561,3.564156987e-05,0.448698,0,154,1,0,1,154,0,0,1.000000,756.600,0.002,0.257,0.014,753.545,752.373,1.172,2.590,0.099,0.046,0.049,1.293,56.901,694.006,0.000,0.000,0.000,0.000,1,616,0,0,0,0,137.14,152.30,38.06,4065.86,410,0
1,16,1785740601879,3.738291544e-05,0.451275,0,123,1,1,1,123,0,0,1.000000,457.797,0.000,0.390,0.082,455.003,453.862,1.141,2.152,0.096,0.041,0.033,1.088,52.498,400.095,0.000,0.000,0.000,0.000,1,492,0,0,0,0,137.14,152.30,38.06,4038.16,410,0
1,17,1785740602360,3.62326808e-05,0.451684,0,119,1,1,1,119,0,0,1.000000,481.232,0.001,0.390,0.077,478.415,477.236,1.179,2.179,0.096,0.040,0.036,0.913,52.963,423.203,0.000,0.000,0.000,0.000,1,476,0,0,0,0,137.14,152.30,38.06,4056.02,410,0
1,18,1785740602985,3.589887399e-05,0.452003,0,132,1,1,1,132,0,0,1.000000,624.675,0.002,0.382,0.077,621.634,620.300,1.332,2.380,0.106,0.051,0.045,1.005,55.068,564.062,0.000,0.000,0.000,0.000,1,528,0,0,0,0,137.14,152.30,38.06,4086.09,410,0
1,19,1785740603653,3.549623859e-05,0.451817,0,140,1,1,1,140,0,0,1.000000,668.023,0.003,0.500,0.080,664.731,663.329,1.400,2.538,0.096,0.041,0.038,1.070,55.016,607.035,0.000,0.000,0.000,0.000,1,560,0,0,0,0,137.14,152.30,38.06,4053.86,410,0
1,20,1785740604329,3.518094924e-05,0.451855,0,148,1,1,1,148,0,0,1.000000,675.615,0.002,0.398,0.076,672.657,671.520,1.136,2.301,0.096,0.050,0.037,1.040,54.989,615.323,0.000,0.000,0.000,0.000,1,592,0,0,0,0,137.14,152.30,38.06,4057.36,410,0
1,21,1785740605034,3.482721704e-05,0.453311,0,155,1,1,1,155,0,0,1.000000,705.122,0.002,0.486,0.077,701.789,700.614,1.174,2.562,0.106,0.049,0.053,1.025,55.371,644.059,0.000,0.000,0.000,0.000,1,620,0,0,0,0,137.14,152.30,38.06,4082.77,410,0
1,22,1785740605852,3.441142713e-05,0.453661,0,170,1,1,1,170,0,0,1.000000,818.179,0.003,0.406,0.083,815.120,813.885,1.234,2.341,0.124,0.060,0.045,1.085,55.682,756.939,0.000,0.000,0.000,0.000,1,680,0,0,0,0,137.14,152.30,38.06,4050.23,410,0
1,23,1785740606706,3.41794232e-05,0.453747,0,188,1,1,1,188,0,0,1.000000,853.899,0.004,0.493,0.077,850.555,849.441,1.112,2.553,0.103,0.066,0.053,1.173,56.189,791.909,0.000,0.000,0.000,0.000,1,752,0,0,0,0,137.14,152.30,38.06,4089.03,410,0
1,24,1785740607633,3.396239208e-05,0.454040,0,205,1,1,1,205,0,0,1.000000,927.616,0.002,0.345,0.085,924.611,923.420,1.190,2.375,0.097,0.062,0.042,1.118,57.004,865.128,0.000,0.000,0.000,0.000,1,820,0,0,0,0,137.14,152.30,38.06,4049.38,410,0
1,25,1785740608556,3.375722809e-05,0.454164,0,201,1,1,1,201,0,0,1.000000,922.176,0.004,0.406,0.078,919.083,917.923,1.159,2.417,0.101,0.047,0.045,1.126,55.913,860.713,0.000,0.000,0.000,0.000,1,804,0,0,0,0,137.14,152.30,38.06,4060.64,410,0
1,26,1785740609676,3.359096707e-05,0.454261,0,251,1,1,1,251,0,0,1.000000,1120.240,0.002,0.420,0.084,1117.051,1115.863,1.188,2.451,0.105,0.072,0.057,1.034,55.995,1058.628,0.000,0.000,0.000,0.000,1,1004,0,0,0,0,137.14,152.30,38.06,4000.50,410,0
1,27,1785740610943,3.345225605e-05,0.454327,0,250,1,1,1,250,0,0,1.000000,1266.842,0.003,1.036,0.080,1262.241,1260.634,1.605,3.007,0.143,0.076,0.259,1.172,56.090,1203.092,0.000,0.000,0.000,0.000,1,1000,0,0,0,0,137.14,152.30,61.48,3908.09,410,0
1,28,1785740612069,3.333885289e-05,0.454367,0,247,1,1,1,247,0,0,1.000000,1126.591,0.004,0.433,0.079,1123.463,1122.256,1.206,2.412,0.109,0.052,0.043,1.356,58.026,1062.715,0.000,0.000,0.000,0.000,1,988,0,0,0,0,137.14,152.30,52.55,3868.86,410,0
1,29,1785740613279,3.324623201e-05,0.454392,0,267,1,1,1,267,0,0,1.000000,1209.805,0.003,0.399,0.079,1206.887,1205.694,1.192,2.232,0.110,0.057,0.041,1.505,56.692,1147.283,0.000,0.000,0.000,0.000,1,1068,0,0,0,0,137.14,152.30,52.50,3930.03,410,0
1,30,1785740614483,3.316408197e-05,0.454372,0,297,1,1,1,297,0,0,1.000000,1203.418,0.003,0.348,0.077,1200.555,1199.425,1.129,2.235,0.107,0.060,0.036,1.038,55.218,1143.003,0.000,0.000,0.000,0.000,1,1188,0,0,0,0,137.14,152.30,52.14,3937.69,410,0
