rung,iter,boundary,threshold,band_k,domain_elems,elem_frac,node_frac
0,1,0,0.0015,0,39672,0.078821,0.091060
0,1,0,0.0015,2,39672,0.161928,0.176507
0,1,0,0.0015,4,39672,0.275711,0.291407
0,1,0,0.0015,8,39672,0.582249,0.594779
0,1,0,0.01,0,39672,0.061681,0.072650
0,1,0,0.01,2,39672,0.134024,0.147609
0,1,0,0.01,4,39672,0.235405,0.250543
0,1,0,0.01,8,39672,0.535063,0.548487
0,1,0,0.05,0,39672,0.043960,0.053569
0,1,0,0.05,2,39672,0.105011,0.117579
0,1,0,0.05,4,39672,0.193411,0.208016
0,1,0,0.05,8,39672,0.470206,0.484708
0,1,0,0.1,0,39672,0.031206,0.039293
0,1,0,0.1,2,39672,0.080384,0.091384
0,1,0,0.1,4,39672,0.153282,0.166597
0,1,0,0.1,8,39672,0.390855,0.405475
0,1,0,0.3,0,39672,0.000302,0.001386
0,1,0,0.3,2,39672,0.008066,0.011781
0,1,0,0.3,4,39672,0.026921,0.033472
0,1,0,0.3,8,39672,0.117463,0.129845
0,1,0,0.5,0,39672,0.000302,0.001386
0,1,0,0.5,2,39672,0.008066,0.011781
0,1,0,0.5,4,39672,0.026921,0.033472
0,1,0,0.5,8,39672,0.117463,0.129845
0,2,0,0.0015,0,39672,0.194848,0.233102
0,2,0,0.0015,2,39672,0.394586,0.412636
0,2,0,0.0015,4,39672,0.599945,0.614507
0,2,0,0.0015,8,39672,0.857557,0.862301
0,2,0,0.01,0,39672,0.130924,0.167082
0,2,0,0.01,2,39672,0.332426,0.353939
0,2,0,0.01,4,39672,0.526568,0.541927
0,2,0,0.01,8,39672,0.826603,0.832317
0,2,0,0.05,0,39672,0.062966,0.091892
0,2,0,0.05,2,39672,0.230792,0.259598
0,2,0,0.05,4,39672,0.431236,0.449734
0,2,0,0.05,8,39672,0.764469,0.772049
0,2,0,0.1,0,39672,0.015351,0.032894
0,2,0,0.1,2,39672,0.121421,0.146108
0,2,0,0.1,4,39672,0.287205,0.309540
0,2,0,0.1,8,39672,0.678942,0.689120
0,2,0,0.3,0,39672,0.000302,0.001386
0,2,0,0.3,2,39672,0.008066,0.011781
0,2,0,0.3,4,39672,0.026921,0.033472
0,2,0,0.3,8,39672,0.117463,0.129845
0,2,0,0.5,0,39672,0.000302,0.001386
0,2,0,0.5,2,39672,0.008066,0.011781
0,2,0,0.5,4,39672,0.026921,0.033472
0,2,0,0.5,8,39672,0.117463,0.129845
0,3,0,0.0015,0,39672,0.185748,0.243844
0,3,0,0.0015,2,39672,0.502722,0.533911
0,3,0,0.0015,4,39672,0.761368,0.773389
0,3,0,0.0015,8,39672,0.964786,0.965997
0,3,0,0.01,0,39672,0.111439,0.161238
0,3,0,0.01,2,39672,0.387830,0.425757
0,3,0,0.01,4,39672,0.661071,0.676831
0,3,0,0.01,8,39672,0.935017,0.937099
0,3,0,0.05,0,39672,0.041415,0.067706
0,3,0,0.05,2,39672,0.185294,0.216563
0,3,0,0.05,4,39672,0.392367,0.419312
0,3,0,0.05,8,39672,0.843945,0.849526
0,3,0,0.1,0,39672,0.017493,0.032109
0,3,0,0.1,2,39672,0.091601,0.108986
0,3,0,0.1,4,39672,0.180606,0.195773
0,3,0,0.1,8,39672,0.449561,0.465165
0,3,0,0.3,0,39672,0.000302,0.001386
0,3,0,0.3,2,39672,0.008066,0.011781
0,3,0,0.3,4,39672,0.026921,0.033472
0,3,0,0.3,8,39672,0.117463,0.129845
0,3,0,0.5,0,39672,0.000302,0.001386
0,3,0,0.5,2,39672,0.008066,0.011781
0,3,0,0.5,4,39672,0.026921,0.033472
0,3,0,0.5,8,39672,0.117463,0.129845
0,4,0,0.0015,0,39672,0.195629,0.232571
0,4,0,0.0015,2,39672,0.406584,0.429961
0,4,0,0.0015,4,39672,0.609246,0.622892
0,4,0,0.0015,8,39672,0.812563,0.818249
0,4,0,0.01,0,39672,0.139872,0.175699
0,4,0,0.01,2,39672,0.340946,0.368445
0,4,0,0.01,4,39672,0.545952,0.560961
0,4,0,0.01,8,39672,0.781937,0.788542
0,4,0,0.05,0,39672,0.061277,0.092146
0,4,0,0.05,2,39672,0.231498,0.261954
0,4,0,0.05,4,39672,0.423069,0.441996
0,4,0,0.05,8,39672,0.698629,0.707461
0,4,0,0.1,0,39672,0.000454,0.002264
0,4,0,0.1,2,39672,0.016914,0.026080
0,4,0,0.1,4,39672,0.066596,0.081312
0,4,0,0.1,8,39672,0.244026,0.265142
0,4,0,0.3,0,39672,0.000302,0.001386
0,4,0,0.3,2,39672,0.008066,0.011781
0,4,0,0.3,4,39672,0.026921,0.033472
0,4,0,0.3,8,39672,0.117463,0.129845
0,4,0,0.5,0,39672,0.000302,0.001386
0,4,0,0.5,2,39672,0.008066,0.011781
0,4,0,0.5,4,39672,0.026921,0.033472
0,4,0,0.5,8,39672,0.117463,0.129845
0,5,0,0.0015,0,39672,0.073629,0.086325
0,5,0,0.0015,2,39672,0.148669,0.163687
0,5,0,0.0015,4,39672,0.254739,0.271333
0,5,0,0.0015,8,39672,0.542599,0.556595
0,5,0,0.01,0,39672,0.057522,0.069138
0,5,0,0.01,2,39672,0.123412,0.137607
0,5,0,0.01,4,39672,0.218240,0.234442
0,5,0,0.01,8,39672,0.496874,0.511735
0,5,0,0.05,0,39672,0.033953,0.043775
0,5,0,0.05,2,39672,0.084745,0.097136
0,5,0,0.05,4,39672,0.160894,0.175976
0,5,0,0.05,8,39672,0.411550,0.428136
0,5,0,0.1,0,39672,0.019560,0.027397
0,5,0,0.1,2,39672,0.059084,0.069277
0,5,0,0.1,4,39672,0.119354,0.132363
0,5,0,0.1,8,39672,0.327561,0.343313
0,5,0,0.3,0,39672,0.000302,0.001386
0,5,0,0.3,2,39672,0.008066,0.011781
0,5,0,0.3,4,39672,0.026921,0.033472
0,5,0,0.3,8,39672,0.117463,0.129845
0,5,0,0.5,0,39672,0.000302,0.001386
0,5,0,0.5,2,39672,0.008066,0.011781
0,5,0,0.5,4,39672,0.026921,0.033472
0,5,0,0.5,8,39672,0.117463,0.129845
0,6,0,0.0015,0,39672,0.255293,0.287480
0,6,0,0.0015,2,39672,0.475398,0.497644
0,6,0,0.0015,4,39672,0.679346,0.691522
0,6,0,0.0015,8,39672,0.892292,0.895934
0,6,0,0.01,0,39672,0.191268,0.225502
0,6,0,0.01,2,39672,0.400459,0.425918
0,6,0,0.01,4,39672,0.613632,0.627905
0,6,0,0.01,8,39672,0.859145,0.863802
0,6,0,0.05,0,39672,0.029719,0.057681
0,6,0,0.05,2,39672,0.185093,0.217556
0,6,0,0.05,4,39672,0.348256,0.367591
0,6,0,0.05,8,39672,0.616379,0.628228
0,6,0,0.1,0,39672,0.004613,0.014345
0,6,0,0.1,2,39672,0.068966,0.089905
0,6,0,0.1,4,39672,0.192604,0.215223
0,6,0,0.1,8,39672,0.502899,0.518180
0,6,0,0.3,0,39672,0.000302,0.001386
0,6,0,0.3,2,39672,0.008066,0.011781
0,6,0,0.3,4,39672,0.026921,0.033472
0,6,0,0.3,8,39672,0.117463,0.129845
0,6,0,0.5,0,39672,0.000302,0.001386
0,6,0,0.5,2,39672,0.008066,0.011781
0,6,0,0.5,4,39672,0.026921,0.033472
0,6,0,0.5,8,39672,0.117463,0.129845
0,7,0,0.0015,0,39672,0.061706,0.073250
0,7,0,0.0015,2,39672,0.129008,0.143082
0,7,0,0.0015,4,39672,0.225978,0.241950
0,7,0,0.0015,8,39672,0.502319,0.516817
0,7,0,0.01,0,39672,0.045347,0.055509
0,7,0,0.01,2,39672,0.102591,0.115454
0,7,0,0.01,4,39672,0.186983,0.202171
0,7,0,0.01,8,39672,0.448604,0.463664
0,7,0,0.05,0,39672,0.021955,0.028852
0,7,0,0.05,2,39672,0.060723,0.070940
0,7,0,0.05,4,39672,0.122857,0.135921
0,7,0,0.05,8,39672,0.335299,0.351028
0,7,0,0.1,0,39672,0.015326,0.020975
0,7,0,0.1,2,39672,0.047691,0.056480
0,7,0,0.1,4,39672,0.100575,0.112243
0,7,0,0.1,8,39672,0.287306,0.302310
0,7,0,0.3,0,39672,0.000302,0.001386
0,7,0,0.3,2,39672,0.008066,0.011781
0,7,0,0.3,4,39672,0.026921,0.033472
0,7,0,0.3,8,39672,0.117463,0.129845
0,7,0,0.5,0,39672,0.000302,0.001386
0,7,0,0.5,2,39672,0.008066,0.011781
0,7,0,0.5,4,39672,0.026921,0.033472
0,7,0,0.5,8,39672,0.117463,0.129845
0,8,0,0.0015,0,39672,0.298397,0.332201
0,8,0,0.0015,2,39672,0.508974,0.525410
0,8,0,0.0015,4,39672,0.700746,0.712081
0,8,0,0.0015,8,39672,0.912482,0.915685
0,8,0,0.01,0,39672,0.223130,0.257173
0,8,0,0.01,2,39672,0.429472,0.446708
0,8,0,0.01,4,39672,0.630772,0.644006
0,8,0,0.01,8,39672,0.879058,0.883299
0,8,0,0.05,0,39672,0.027803,0.056202
0,8,0,0.05,2,39672,0.163995,0.188334
0,8,0,0.05,4,39672,0.298775,0.315847
0,8,0,0.05,8,39672,0.587165,0.599630
0,8,0,0.1,0,39672,0.002369,0.010095
0,8,0,0.1,2,39672,0.060874,0.078494
0,8,0,0.1,4,39672,0.171506,0.189235
0,8,0,0.1,8,39672,0.482381,0.497805
0,8,0,0.3,0,39672,0.000302,0.001386
0,8,0,0.3,2,39672,0.008066,0.011781
0,8,0,0.3,4,39672,0.026921,0.033472
0,8,0,0.3,8,39672,0.117463,0.129845
0,8,0,0.5,0,39672,0.000302,0.001386
0,8,0,0.5,2,39672,0.008066,0.011781
0,8,0,0.5,4,39672,0.026921,0.033472
0,8,0,0.5,8,39672,0.117463,0.129845
0,9,0,0.0015,0,39672,0.181211,0.235181
0,9,0,0.0015,2,39672,0.509679,0.560014
0,9,0,0.0015,4,39672,0.790028,0.805244
0,9,0,0.0015,8,39672,0.998815,0.998914
0,9,0,0.01,0,39672,0.109120,0.154100
0,9,0,0.01,2,39672,0.373866,0.427004
0,9,0,0.01,4,39672,0.699511,0.725526
0,9,0,0.01,8,39672,0.966349,0.967498
0,9,0,0.05,0,39672,0.025434,0.052576
0,9,0,0.05,2,39672,0.168381,0.203950
0,9,0,0.05,4,39672,0.406055,0.450566
0,9,0,0.05,8,39672,0.872832,0.877685
0,9,0,0.1,0,39672,0.001462,0.005290
0,9,0,0.1,2,39672,0.033424,0.045068
0,9,0,0.1,4,39672,0.085854,0.098429
0,9,0,0.1,8,39672,0.263838,0.280042
0,9,0,0.3,0,39672,0.000302,0.001386
0,9,0,0.3,2,39672,0.008066,0.011781
0,9,0,0.3,4,39672,0.026921,0.033472
0,9,0,0.3,8,39672,0.117463,0.129845
0,9,0,0.5,0,39672,0.000302,0.001386
0,9,0,0.5,2,39672,0.008066,0.011781
0,9,0,0.5,4,39672,0.026921,0.033472
0,9,0,0.5,8,39672,0.117463,0.129845
0,10,0,0.0015,0,39672,0.352566,0.379995
0,10,0,0.0015,2,39672,0.561479,0.578355
0,10,0,0.0015,4,39672,0.716652,0.728321
0,10,0,0.0015,8,39672,0.908096,0.912128
0,10,0,0.01,0,39672,0.239842,0.291592
0,10,0,0.01,2,39672,0.492816,0.513144
0,10,0,0.01,4,39672,0.670422,0.683599
0,10,0,0.01,8,39672,0.870387,0.875676
0,10,0,0.05,0,39672,0.019359,0.052460
0,10,0,0.05,2,39672,0.240144,0.288473
0,10,0,0.05,4,39672,0.494480,0.519081
0,10,0,0.05,8,39672,0.770014,0.780919
0,10,0,0.1,0,39672,0.000529,0.002426
0,10,0,0.1,2,39672,0.020392,0.030469
0,10,0,0.1,4,39672,0.090795,0.112151
0,10,0,0.1,8,39672,0.385814,0.411411
0,10,0,0.3,0,39672,0.000302,0.001386
0,10,0,0.3,2,39672,0.008066,0.011781
0,10,0,0.3,4,39672,0.026921,0.033472
0,10,0,0.3,8,39672,0.117463,0.129845
0,10,0,0.5,0,39672,0.000302,0.001386
0,10,0,0.5,2,39672,0.008066,0.011781
0,10,0,0.5,4,39672,0.026921,0.033472
0,10,0,0.5,8,39672,0.117463,0.129845
0,11,0,0.0015,0,39672,0.258217,0.321391
0,11,0,0.0015,2,39672,0.600449,0.648972
0,11,0,0.0015,4,39672,0.857582,0.880180
0,11,0,0.0015,8,39672,1.000000,1.000000
0,11,0,0.01,0,39672,0.165028,0.222245
0,11,0,0.01,2,39672,0.485557,0.541072
0,11,0,0.01,4,39672,0.772888,0.803026
0,11,0,0.01,8,39672,0.998941,0.999307
0,11,0,0.05,0,39672,0.039373,0.077223
0,11,0,0.05,2,39672,0.267468,0.320859
0,11,0,0.05,4,39672,0.555707,0.602449
0,11,0,0.05,8,39672,0.932849,0.938369
0,11,0,0.1,0,39672,0.002269,0.005128
0,11,0,0.1,2,39672,0.022913,0.031162
0,11,0,0.1,4,39672,0.072923,0.087295
0,11,0,0.1,8,39672,0.289322,0.314183
0,11,0,0.3,0,39672,0.000302,0.001386
0,11,0,0.3,2,39672,0.008066,0.011781
0,11,0,0.3,4,39672,0.026921,0.033472
0,11,0,0.3,8,39672,0.117463,0.129845
0,11,0,0.5,0,39672,0.000302,0.001386
0,11,0,0.5,2,39672,0.008066,0.011781
0,11,0,0.5,4,39672,0.026921,0.033472
0,11,0,0.5,8,39672,0.117463,0.129845
0,12,0,0.0015,0,39672,0.319117,0.349365
0,12,0,0.0015,2,39672,0.514721,0.532363
0,12,0,0.0015,4,39672,0.651316,0.663294
0,12,0,0.0015,8,39672,0.820301,0.826126
0,12,0,0.01,0,39672,0.156155,0.214183
0,12,0,0.01,2,39672,0.407441,0.432802
0,12,0,0.01,4,39672,0.566722,0.582837
0,12,0,0.01,8,39672,0.739338,0.747471
0,12,0,0.05,0,39672,0.019031,0.044537
0,12,0,0.05,2,39672,0.184034,0.224809
0,12,0,0.05,4,39672,0.387200,0.418388
0,12,0,0.05,8,39672,0.624899,0.638947
0,12,0,0.1,0,39672,0.003932,0.011180
0,12,0,0.1,2,39672,0.050993,0.065789
0,12,0,0.1,4,39672,0.119933,0.135759
0,12,0,0.1,8,39672,0.312361,0.328967
0,12,0,0.3,0,39672,0.000302,0.001386
0,12,0,0.3,2,39672,0.008066,0.011781
0,12,0,0.3,4,39672,0.026921,0.033472
0,12,0,0.3,8,39672,0.117463,0.129845
0,12,0,0.5,0,39672,0.000302,0.001386
0,12,0,0.5,2,39672,0.008066,0.011781
0,12,0,0.5,4,39672,0.026921,0.033472
0,12,0,0.5,8,39672,0.117463,0.129845
0,13,0,0.0015,0,39672,0.324284,0.384846
0,13,0,0.0015,2,39672,0.648367,0.693232
0,13,0,0.0015,4,39672,0.868976,0.882767
0,13,0,0.0015,8,39672,1.000000,1.000000
0,13,0,0.01,0,39672,0.212417,0.269277
0,13,0,0.01,2,39672,0.507058,0.556988
0,13,0,0.01,4,39672,0.772258,0.800323
0,13,0,0.01,8,39672,0.997656,0.998198
0,13,0,0.05,0,39672,0.026442,0.059298
0,13,0,0.05,2,39672,0.210728,0.257542
0,13,0,0.05,4,39672,0.439302,0.479002
0,13,0,0.05,8,39672,0.839761,0.848302
0,13,0,0.1,0,39672,0.000832,0.003442
0,13,0,0.1,2,39672,0.022812,0.034927
0,13,0,0.1,4,39672,0.084568,0.104967
0,13,0,0.1,8,39672,0.368497,0.406376
0,13,0,0.3,0,39672,0.000302,0.001386
0,13,0,0.3,2,39672,0.008066,0.011781
0,13,0,0.3,4,39672,0.026921,0.033472
0,13,0,0.3,8,39672,0.117463,0.129845
0,13,0,0.5,0,39672,0.000302,0.001386
0,13,0,0.5,2,39672,0.008066,0.011781
0,13,0,0.5,4,39672,0.026921,0.033472
0,13,0,0.5,8,39672,0.117463,0.129845
0,14,0,0.0015,0,39672,0.352364,0.380134
0,14,0,0.0015,2,39672,0.531206,0.547494
0,14,0,0.0015,4,39672,0.647207,0.658882
0,14,0,0.0015,8,39672,0.806211,0.812151
0,14,0,0.01,0,39672,0.167625,0.237884
0,14,0,0.01,2,39672,0.436177,0.458720
0,14,0,0.01,4,39672,0.564529,0.580226
0,14,0,0.01,8,39672,0.724088,0.733033
0,14,0,0.05,0,39672,0.020997,0.047840
0,14,0,0.05,2,39672,0.196411,0.244006
0,14,0,0.05,4,39672,0.397484,0.431739
0,14,0,0.05,8,39672,0.638107,0.655648
0,14,0,0.1,0,39672,0.002067,0.007184
0,14,0,0.1,2,39672,0.044187,0.061238
0,14,0,0.1,4,39672,0.127621,0.149180
0,14,0,0.1,8,39672,0.358893,0.377362
0,14,0,0.3,0,39672,0.000302,0.001386
0,14,0,0.3,2,39672,0.008066,0.011781
0,14,0,0.3,4,39672,0.026921,0.033472
0,14,0,0.3,8,39672,0.117463,0.129845
0,14,0,0.5,0,39672,0.000302,0.001386
0,14,0,0.5,2,39672,0.008066,0.011781
0,14,0,0.5,4,39672,0.026921,0.033472
0,14,0,0.5,8,39672,0.117463,0.129845
0,15,0,0.0015,0,39672,0.375025,0.436290
0,15,0,0.0015,2,39672,0.706367,0.747817
0,15,0,0.0015,4,39672,0.907239,0.916609
0,15,0,0.0015,8,39672,1.000000,1.000000
0,15,0,0.01,0,39672,0.257285,0.307692
0,15,0,0.01,2,39672,0.526139,0.573065
0,15,0,0.01,4,39672,0.783474,0.812543
0,15,0,0.01,8,39672,0.996925,0.997690
0,15,0,0.05,0,39672,0.017771,0.038600
0,15,0,0.05,2,39672,0.134503,0.175745
0,15,0,0.05,4,39672,0.342937,0.393209
0,15,0,0.05,8,39672,0.806967,0.823192
0,15,0,0.1,0,39672,0.000454,0.002102
0,15,0,0.1,2,39672,0.013435,0.020605
0,15,0,0.1,4,39672,0.052001,0.066644
0,15,0,0.1,8,39672,0.264242,0.295981
0,15,0,0.3,0,39672,0.000302,0.001386
0,15,0,0.3,2,39672,0.008066,0.011781
0,15,0,0.3,4,39672,0.026921,0.033472
0,15,0,0.3,8,39672,0.117463,0.129845
0,15,0,0.5,0,39672,0.000302,0.001386
0,15,0,0.5,2,39672,0.008066,0.011781
0,15,0,0.5,4,39672,0.026921,0.033472
0,15,0,0.5,8,39672,0.117463,0.129845
0,16,0,0.0015,0,39672,0.374546,0.398799
0,16,0,0.0015,2,39672,0.542625,0.558420
0,16,0,0.0015,4,39672,0.650736,0.662208
0,16,0,0.0015,8,39672,0.806539,0.812474
0,16,0,0.01,0,39672,0.153660,0.229776
0,16,0,0.01,2,39672,0.430984,0.458073
0,16,0,0.01,4,39672,0.560673,0.577408
0,16,0,0.01,8,39672,0.715190,0.725526
0,16,0,0.05,0,39672,0.021325,0.049619
0,16,0,0.05,2,39672,0.197242,0.245161
0,16,0,0.05,4,39672,0.401215,0.439455
0,16,0,0.05,8,39672,0.648215,0.664772
0,16,0,0.1,0,39672,0.000353,0.001663
0,16,0,0.1,2,39672,0.011847,0.017602
0,16,0,0.1,4,39672,0.045070,0.056341
0,16,0,0.1,8,39672,0.174582,0.190252
0,16,0,0.3,0,39672,0.000302,0.001386
0,16,0,0.3,2,39672,0.008066,0.011781
0,16,0,0.3,4,39672,0.026921,0.033472
0,16,0,0.3,8,39672,0.117463,0.129845
0,16,0,0.5,0,39672,0.000302,0.001386
0,16,0,0.5,2,39672,0.008066,0.011781
0,16,0,0.5,4,39672,0.026921,0.033472
0,16,0,0.5,8,39672,0.117463,0.129845
0,17,0,0.0015,0,39672,0.404441,0.463710
0,17,0,0.0015,2,39672,0.716324,0.765696
0,17,0,0.0015,4,39672,0.932320,0.942227
0,17,0,0.0015,8,39672,1.000000,1.000000
0,17,0,0.01,0,39672,0.287255,0.342804
0,17,0,0.01,2,39672,0.547187,0.590945
0,17,0,0.01,4,39672,0.786575,0.821529
0,17,0,0.01,8,39672,0.991732,0.993694
0,17,0,0.05,0,39672,0.006302,0.017787
0,17,0,0.05,2,39672,0.077460,0.108478
0,17,0,0.05,4,39672,0.234725,0.283322
0,17,0,0.05,8,39672,0.678463,0.708478
0,17,0,0.1,0,39672,0.000302,0.001386
0,17,0,0.1,2,39672,0.008066,0.011781
0,17,0,0.1,4,39672,0.026921,0.033472
0,17,0,0.1,8,39672,0.117463,0.129845
0,17,0,0.3,0,39672,0.000302,0.001386
0,17,0,0.3,2,39672,0.008066,0.011781
0,17,0,0.3,4,39672,0.026921,0.033472
0,17,0,0.3,8,39672,0.117463,0.129845
0,17,0,0.5,0,39672,0.000302,0.001386
0,17,0,0.5,2,39672,0.008066,0.011781
0,17,0,0.5,4,39672,0.026921,0.033472
0,17,0,0.5,8,39672,0.117463,0.129845
0,18,0,0.0015,0,39672,0.383066,0.406353
0,18,0,0.0015,2,39672,0.547792,0.563502
0,18,0,0.0015,4,39672,0.655147,0.666366
0,18,0,0.0015,8,39672,0.809589,0.815385
0,18,0,0.01,0,39672,0.141813,0.211180
0,18,0,0.01,2,39672,0.405929,0.438554
0,18,0,0.01,4,39672,0.552354,0.572626
0,18,0,0.01,8,39672,0.713929,0.723678
0,18,0,0.05,0,39672,0.012477,0.035228
0,18,0,0.05,2,39672,0.157844,0.200162
0,18,0,0.05,4,39672,0.352869,0.393994
0,18,0,0.05,8,39672,0.651215,0.668954
0,18,0,0.1,0,39672,0.000302,0.001386
0,18,0,0.1,2,39672,0.008066,0.011781
0,18,0,0.1,4,39672,0.026921,0.033472
0,18,0,0.1,8,39672,0.117463,0.129845
0,18,0,0.3,0,39672,0.000302,0.001386
0,18,0,0.3,2,39672,0.008066,0.011781
0,18,0,0.3,4,39672,0.026921,0.033472
0,18,0,0.3,8,39672,0.117463,0.129845
0,18,0,0.5,0,39672,0.000302,0.001386
0,18,0,0.5,2,39672,0.008066,0.011781
0,18,0,0.5,4,39672,0.026921,0.033472
0,18,0,0.5,8,39672,0.117463,0.129845
0,19,0,0.0015,0,39672,0.460073,0.519843
0,19,0,0.0015,2,39672,0.768703,0.815731
0,19,0,0.0015,4,39672,0.956997,0.964079
0,19,0,0.0015,8,39672,1.000000,1.000000
0,19,0,0.01,0,39672,0.271451,0.345161
0,19,0,0.01,2,39672,0.556186,0.599330
0,19,0,0.01,4,39672,0.788239,0.825664
0,19,0,0.01,8,39672,0.990119,0.992354
0,19,0,0.05,0,39672,0.002143,0.008547
0,19,0,0.05,2,39672,0.049077,0.071933
0,19,0,0.05,4,39672,0.161121,0.199977
0,19,0,0.05,8,39672,0.561051,0.602195
0,19,0,0.1,0,39672,0.000302,0.001386
0,19,0,0.1,2,39672,0.008066,0.011781
0,19,0,0.1,4,39672,0.026921,0.033472
0,19,0,0.1,8,39672,0.117463,0.129845
0,19,0,0.3,0,39672,0.000302,0.001386
0,19,0,0.3,2,39672,0.008066,0.011781
0,19,0,0.3,4,39672,0.026921,0.033472
0,19,0,0.3,8,39672,0.117463,0.129845
0,19,0,0.5,0,39672,0.000302,0.001386
0,19,0,0.5,2,39672,0.008066,0.011781
0,19,0,0.5,4,39672,0.026921,0.033472
0,19,0,0.5,8,39672,0.117463,0.129845
0,20,0,0.0015,0,39672,0.411525,0.435389
0,20,0,0.0015,2,39672,0.566067,0.581289
0,20,0,0.0015,4,39672,0.666944,0.678078
0,20,0,0.0015,8,39672,0.825797,0.831393
0,20,0,0.01,0,39672,0.128252,0.200416
0,20,0,0.01,2,39672,0.411323,0.450497
0,20,0,0.01,4,39672,0.560118,0.580665
0,20,0,0.01,8,39672,0.719147,0.727697
0,20,0,0.05,0,39672,0.011494,0.034535
0,20,0,0.05,2,39672,0.156786,0.202795
0,20,0,0.05,4,39672,0.355641,0.402079
0,20,0,0.05,8,39672,0.640401,0.658027
0,20,0,0.1,0,39672,0.000479,0.002218
0,20,0,0.1,2,39672,0.013158,0.019589
0,20,0,0.1,4,39672,0.046582,0.058559
0,20,0,0.1,8,39672,0.199335,0.217810
0,20,0,0.3,0,39672,0.000302,0.001386
0,20,0,0.3,2,39672,0.008066,0.011781
0,20,0,0.3,4,39672,0.026921,0.033472
0,20,0,0.3,8,39672,0.117463,0.129845
0,20,0,0.5,0,39672,0.000302,0.001386
0,20,0,0.5,2,39672,0.008066,0.011781
0,20,0,0.5,4,39672,0.026921,0.033472
0,20,0,0.5,8,39672,0.117463,0.129845
0,21,0,0.0015,0,39672,0.498588,0.557219
0,21,0,0.0015,2,39672,0.790532,0.834997
0,21,0,0.0015,4,39672,0.956796,0.964449
0,21,0,0.0015,8,39672,1.000000,1.000000
0,21,0,0.01,0,39672,0.251412,0.327905
0,21,0,0.01,2,39672,0.545801,0.600462
0,21,0,0.01,4,39672,0.787482,0.830769
0,21,0,0.01,8,39672,0.987699,0.990159
0,21,0,0.05,0,39672,0.001286,0.004943
0,21,0,0.05,2,39672,0.025887,0.039155
0,21,0,0.05,4,39672,0.087543,0.112174
0,21,0,0.05,8,39672,0.372782,0.408524
0,21,0,0.1,0,39672,0.000302,0.001386
0,21,0,0.1,2,39672,0.008066,0.011781
0,21,0,0.1,4,39672,0.026921,0.033472
0,21,0,0.1,8,39672,0.117463,0.129845
0,21,0,0.3,0,39672,0.000302,0.001386
0,21,0,0.3,2,39672,0.008066,0.011781
0,21,0,0.3,4,39672,0.026921,0.033472
0,21,0,0.3,8,39672,0.117463,0.129845
0,21,0,0.5,0,39672,0.000302,0.001386
0,21,0,0.5,2,39672,0.008066,0.011781
0,21,0,0.5,4,39672,0.026921,0.033472
0,21,0,0.5,8,39672,0.117463,0.129845
0,22,0,0.0015,0,39672,0.441999,0.470825
0,22,0,0.0015,2,39672,0.588450,0.602657
0,22,0,0.0015,4,39672,0.683353,0.693717
0,22,0,0.0015,8,39672,0.836207,0.841280
0,22,0,0.01,0,39672,0.113884,0.193694
0,22,0,0.01,2,39672,0.426270,0.470894
0,22,0,0.01,4,39672,0.574687,0.595264
0,22,0,0.01,8,39672,0.733868,0.741465
0,22,0,0.05,0,39672,0.004588,0.016447
0,22,0,0.05,2,39672,0.097928,0.144675
0,22,0,0.05,4,39672,0.305908,0.362185
0,22,0,0.05,8,39672,0.644510,0.664796
0,22,0,0.1,0,39672,0.000504,0.002264
0,22,0,0.1,2,39672,0.013057,0.020189
0,22,0,0.1,4,39672,0.043935,0.057034
0,22,0,0.1,8,39672,0.174203,0.193925
0,22,0,0.3,0,39672,0.000302,0.001386
0,22,0,0.3,2,39672,0.008066,0.011781
0,22,0,0.3,4,39672,0.026921,0.033472
0,22,0,0.3,8,39672,0.117463,0.129845
0,22,0,0.5,0,39672,0.000302,0.001386
0,22,0,0.5,2,39672,0.008066,0.011781
0,22,0,0.5,4,39672,0.026921,0.033472
0,22,0,0.5,8,39672,0.117463,0.129845
0,23,0,0.0015,0,39672,0.542599,0.602379
0,23,0,0.0015,2,39672,0.822268,0.856202
0,23,0,0.0015,4,39672,0.956871,0.963410
0,23,0,0.0015,8,39672,1.000000,1.000000
0,23,0,0.01,0,39672,0.237220,0.305498
0,23,0,0.01,2,39672,0.512200,0.576068
0,23,0,0.01,4,39672,0.759301,0.809679
0,23,0,0.01,8,39672,0.984221,0.988496
0,23,0,0.05,0,39672,0.004109,0.011573
0,23,0,0.05,2,39672,0.040179,0.060684
0,23,0,0.05,4,39672,0.123563,0.158281
0,23,0,0.05,8,39672,0.463576,0.505128
0,23,0,0.1,0,39672,0.000353,0.001663
0,23,0,0.1,2,39672,0.009427,0.014368
0,23,0,0.1,4,39672,0.033222,0.042620
0,23,0,0.1,8,39672,0.151190,0.168653
0,23,0,0.3,0,39672,0.000302,0.001386
0,23,0,0.3,2,39672,0.008066,0.011781
0,23,0,0.3,4,39672,0.026921,0.033472
0,23,0,0.3,8,39672,0.117463,0.129845
0,23,0,0.5,0,39672,0.000302,0.001386
0,23,0,0.5,2,39672,0.008066,0.011781
0,23,0,0.5,4,39672,0.026921,0.033472
0,23,0,0.5,8,39672,0.117463,0.129845
0,24,0,0.0015,0,39672,0.470332,0.500785
0,24,0,0.0015,2,39672,0.612371,0.625895
0,24,0,0.0015,4,39672,0.704149,0.713560
0,24,0,0.0015,8,39672,0.848533,0.852991
0,24,0,0.01,0,39672,0.102793,0.178401
0,24,0,0.01,2,39672,0.415558,0.468237
0,24,0,0.01,4,39672,0.579073,0.600970
0,24,0,0.01,8,39672,0.741001,0.748833
0,24,0,0.05,0,39672,0.008243,0.021991
0,24,0,0.05,2,39672,0.084367,0.116794
0,24,0,0.05,4,39672,0.213475,0.258582
0,24,0,0.05,8,39672,0.500076,0.529222
0,24,0,0.1,0,39672,0.001689,0.005590
0,24,0,0.1,2,39672,0.024022,0.036821
0,24,0,0.1,4,39672,0.077107,0.100000
0,24,0,0.1,8,39672,0.266006,0.295149
0,24,0,0.3,0,39672,0.000302,0.001386
0,24,0,0.3,2,39672,0.008066,0.011781
0,24,0,0.3,4,39672,0.026921,0.033472
0,24,0,0.3,8,39672,0.117463,0.129845
0,24,0,0.5,0,39672,0.000302,0.001386
0,24,0,0.5,2,39672,0.008066,0.011781
0,24,0,0.5,4,39672,0.026921,0.033472
0,24,0,0.5,8,39672,0.117463,0.129845
0,25,0,0.0015,0,39672,0.595861,0.655094
0,25,0,0.0015,2,39672,0.844399,0.869831
0,25,0,0.0015,4,39672,0.954678,0.959968
0,25,0,0.0015,8,39672,1.000000,1.000000
0,25,0,0.01,0,39672,0.230011,0.293555
0,25,0,0.01,2,39672,0.481776,0.549550
0,25,0,0.01,4,39672,0.731095,0.785770
0,25,0,0.01,8,39672,0.982103,0.987110
0,25,0,0.05,0,39672,0.001764,0.006907
0,25,0,0.05,2,39672,0.037281,0.057126
0,25,0,0.05,4,39672,0.131100,0.167059
0,25,0,0.05,8,39672,0.484901,0.538785
0,25,0,0.1,0,39672,0.000302,0.001386
0,25,0,0.1,2,39672,0.008066,0.011781
0,25,0,0.1,4,39672,0.026921,0.033472
0,25,0,0.1,8,39672,0.117463,0.129845
0,25,0,0.3,0,39672,0.000302,0.001386
0,25,0,0.3,2,39672,0.008066,0.011781
0,25,0,0.3,4,39672,0.026921,0.033472
0,25,0,0.3,8,39672,0.117463,0.129845
0,25,0,0.5,0,39672,0.000302,0.001386
0,25,0,0.5,2,39672,0.008066,0.011781
0,25,0,0.5,4,39672,0.026921,0.033472
0,25,0,0.5,8,39672,0.117463,0.129845
0,25,1,0.0015,0,39672,0.595861,0.655094
0,25,1,0.0015,2,39672,0.844399,0.869831
0,25,1,0.0015,4,39672,0.954678,0.959968
0,25,1,0.0015,8,39672,1.000000,1.000000
0,25,1,0.01,0,39672,0.230011,0.293555
0,25,1,0.01,2,39672,0.481776,0.549550
0,25,1,0.01,4,39672,0.731095,0.785770
0,25,1,0.01,8,39672,0.982103,0.987110
0,25,1,0.05,0,39672,0.001764,0.006907
0,25,1,0.05,2,39672,0.037281,0.057126
0,25,1,0.05,4,39672,0.131100,0.167059
0,25,1,0.05,8,39672,0.484901,0.538785
0,25,1,0.1,0,39672,0.000302,0.001386
0,25,1,0.1,2,39672,0.008066,0.011781
0,25,1,0.1,4,39672,0.026921,0.033472
0,25,1,0.1,8,39672,0.117463,0.129845
0,25,1,0.3,0,39672,0.000302,0.001386
0,25,1,0.3,2,39672,0.008066,0.011781
0,25,1,0.3,4,39672,0.026921,0.033472
0,25,1,0.3,8,39672,0.117463,0.129845
0,25,1,0.5,0,39672,0.000302,0.001386
0,25,1,0.5,2,39672,0.008066,0.011781
0,25,1,0.5,4,39672,0.026921,0.033472
0,25,1,0.5,8,39672,0.117463,0.129845
