fixture,band_k,cadence,iter,active_frac,C_full,C_restricted,dC_rel,dSens_rel,mean_drho,max_drho,outside_band_rel,band_escapes,max_escaping_rho
dilute40_vf026,2,1,1,1.000000,1032925.457,1032925.457,0.000000e+00,0.000000e+00,0.000000e+00,0.000000e+00,0.000000e+00,0,0.000000
dilute40_vf026,2,1,2,0.949922,19081.70436,19083.25708,8.137215e-05,2.008671e-03,2.408823e-06,5.225559e-05,1.572742e-03,0,0.001000
dilute40_vf026,2,1,3,0.692266,7270.054348,7270.198435,5.690763e-06,7.415869e-05,8.141579e-07,6.311233e-05,1.130385e-04,0,0.001000
dilute40_vf026,2,1,4,0.391354,1515.08286,1515.157842,7.980751e-05,1.096376e-03,1.180405e-06,6.578701e-05,4.940852e-04,0,0.001000
dilute40_vf026,2,1,5,0.286641,641.7999621,641.8517796,5.461721e-06,1.051593e-03,7.926491e-07,8.432985e-05,2.318762e-04,0,0.001000
dilute40_vf026,2,1,6,0.221302,324.9564801,324.9734758,1.768244e-05,1.218049e-03,7.822899e-07,7.275686e-05,3.461731e-04,0,0.001000
dilute40_vf026,2,1,7,0.190807,190.4289924,190.4374255,3.805831e-06,6.326533e-04,6.872979e-07,9.512092e-05,1.207126e-04,0,0.001000
dilute40_vf026,2,1,8,0.168724,133.0187085,133.0243512,6.534975e-06,1.249506e-03,7.058963e-07,8.670691e-05,2.430830e-04,0,0.001000
dilute40_vf026,2,1,9,0.155911,98.7741649,98.77781879,2.950765e-06,5.308834e-04,6.800646e-07,1.316964e-04,1.190935e-04,0,0.001000
dilute40_vf026,2,1,10,0.146875,79.89994238,79.90248988,3.703484e-06,6.118002e-04,6.833748e-07,1.462174e-04,1.156087e-04,0,0.001000
dilute40_vf026,2,1,11,0.138151,68.95959108,68.96138709,2.400808e-06,5.400265e-04,6.847819e-07,1.876184e-04,1.489208e-04,0,0.001000
dilute40_vf026,2,1,12,0.132865,62.11641956,62.11768365,2.567278e-06,3.244720e-04,6.683174e-07,2.270492e-04,6.671734e-05,0,0.001000
dilute40_vf026,2,1,13,0.127630,58.0110399,58.01210304,2.152489e-06,5.109114e-04,6.484779e-07,1.733636e-04,1.056236e-04,0,0.001000
dilute40_vf026,2,1,14,0.124323,54.96338305,54.96422623,2.204636e-06,3.066260e-04,6.353226e-07,1.998989e-04,7.477480e-05,0,0.001000
dilute40_vf026,2,1,15,0.121276,52.92367048,52.92435004,1.998943e-06,4.814016e-04,6.249360e-07,2.316705e-04,8.045747e-05,0,0.001000
dilute40_vf026,2,1,16,0.119688,51.37509895,51.37559656,1.997565e-06,3.305217e-04,6.041983e-07,2.732800e-04,6.131398e-05,0,0.001000
dilute40_vf026,2,1,17,0.117656,50.22912229,50.22957564,1.897626e-06,4.425901e-04,6.026594e-07,3.047915e-04,6.559415e-05,0,0.001000
dilute40_vf026,2,1,18,0.116589,49.36984567,49.3702022,1.909781e-06,3.583706e-04,6.045994e-07,3.454495e-04,5.639027e-05,0,0.001000
dilute40_vf026,2,1,19,0.115104,48.67708626,48.67735028,1.883139e-06,4.409867e-04,6.045236e-07,3.837284e-04,6.102406e-05,0,0.001000
dilute40_vf026,2,1,20,0.114323,48.11663542,48.11686687,1.872376e-06,4.048328e-04,6.248583e-07,4.298138e-04,5.713807e-05,0,0.001000
dilute40_vf026,2,1,21,0.113490,47.64879306,47.64899002,1.852426e-06,4.485769e-04,6.104499e-07,4.633636e-04,5.959873e-05,0,0.001000
dilute40_vf026,2,1,22,0.112656,47.25761878,47.25780251,1.837382e-06,4.473785e-04,6.086151e-07,5.146492e-04,5.894789e-05,0,0.001000
dilute40_vf026,2,1,23,0.112396,46.93793415,46.93806648,1.821310e-06,4.637694e-04,5.846675e-07,5.629691e-04,5.996683e-05,0,0.001000
dilute40_vf026,2,1,24,0.111823,46.66997244,46.67008598,1.815007e-06,4.752628e-04,5.979900e-07,6.089524e-04,6.084944e-05,0,0.001000
dilute40_vf026,2,1,25,0.111641,46.43801835,46.43811874,1.812878e-06,4.909194e-04,5.775655e-07,6.673825e-04,6.223955e-05,0,0.001000
dilute40_vf026,2,1,26,0.111198,46.23544235,46.23556364,1.811485e-06,5.059202e-04,5.426190e-07,5.287575e-04,6.347794e-05,0,0.001000
dilute40_vf026,2,1,27,0.110885,46.06560369,46.06573435,1.809425e-06,5.133593e-04,5.370085e-07,5.557821e-04,6.410527e-05,0,0.001000
dilute40_vf026,2,1,28,0.110573,45.92472085,45.92485882,1.809135e-06,5.175990e-04,5.327386e-07,5.984380e-04,6.438523e-05,0,0.001000
dilute40_vf026,2,1,29,0.110286,45.80651637,45.80662992,1.809991e-06,5.211649e-04,5.449256e-07,6.254363e-04,6.460694e-05,0,0.001000
dilute40_vf026,2,1,30,0.110078,45.70376106,45.70385414,1.805637e-06,5.217026e-04,5.546008e-07,6.868307e-04,6.448379e-05,0,0.001000
dilute40_vf026,2,1,31,0.109922,45.61272382,45.61281446,1.802158e-06,5.226297e-04,5.690554e-07,7.446801e-04,6.444929e-05,0,0.001000
dilute40_vf026,2,1,32,0.109635,45.53010667,45.53018443,1.798415e-06,5.238230e-04,5.394349e-07,8.077189e-04,6.445994e-05,0,0.001000
dilute40_vf026,2,1,33,0.109427,45.45780018,45.45790667,1.798567e-06,5.255243e-04,4.983748e-07,7.011506e-04,6.459348e-05,0,0.001000
dilute40_vf026,2,1,34,0.109167,45.39390568,45.3939839,1.797996e-06,5.270438e-04,4.737441e-07,7.172484e-04,6.471843e-05,0,0.001000
dilute40_vf026,2,1,35,0.108828,45.34016478,45.34025249,1.797314e-06,5.277352e-04,4.622039e-07,7.327672e-04,6.478066e-05,0,0.001000
dilute40_vf026,2,1,36,0.108724,45.29207384,45.29215381,1.794333e-06,5.289475e-04,4.656822e-07,7.484080e-04,6.488097e-05,0,0.001000
dilute40_vf026,2,1,37,0.108307,45.24796504,45.24804599,1.792197e-06,5.306375e-04,4.717188e-07,7.652383e-04,6.503784e-05,0,0.001000
dilute40_vf026,2,1,38,0.108151,45.2073602,45.2074435,1.792195e-06,5.331123e-04,4.762688e-07,7.820990e-04,6.530322e-05,0,0.001000
dilute40_vf026,2,1,39,0.108151,45.16990185,45.16997355,1.790494e-06,5.355000e-04,4.774985e-07,7.960642e-04,6.556156e-05,0,0.001000
dilute40_vf026,2,1,40,0.107969,45.1351983,45.13525639,1.790069e-06,5.398987e-04,4.677819e-07,8.436120e-04,6.586758e-05,0,0.001000
dilute40_vf026,4,1,1,1.000000,1032925.457,1032925.457,0.000000e+00,0.000000e+00,0.000000e+00,0.000000e+00,0.000000e+00,0,0.000000
dilute40_vf026,4,1,2,0.987708,19081.70436,19081.8686,8.607519e-06,1.743331e-03,3.040953e-07,1.033256e-05,6.567769e-04,0,0.001000
dilute40_vf026,4,1,3,0.813464,7270.054348,7270.068641,2.294320e-06,2.520228e-05,1.848221e-07,2.167402e-05,2.152753e-05,0,0.001000
dilute40_vf026,4,1,4,0.519818,1515.08286,1515.171292,5.072906e-05,1.002196e-03,6.826190e-07,4.671735e-05,2.880532e-04,0,0.001000
dilute40_vf026,4,1,5,0.410547,641.7999621,641.8464075,3.281239e-06,6.874609e-04,4.046152e-07,5.574171e-05,5.983086e-05,0,0.001000
dilute40_vf026,4,1,6,0.333177,324.9564801,324.9685343,1.230859e-05,1.141790e-03,4.468667e-07,5.080895e-05,1.201687e-04,0,0.001000
dilute40_vf026,4,1,7,0.295156,190.4289924,190.4348925,2.494580e-06,4.583605e-04,3.693269e-07,6.297035e-05,3.151247e-05,0,0.001000
dilute40_vf026,4,1,8,0.267031,133.0187085,133.0229543,4.765446e-06,1.154736e-03,3.901668e-07,6.131014e-05,9.170397e-05,0,0.001000
dilute40_vf026,4,1,9,0.250104,98.7741649,98.77645042,2.072697e-06,4.036363e-04,3.625606e-07,7.261906e-05,2.918068e-05,0,0.001000
dilute40_vf026,4,1,10,0.240469,79.89994238,79.90167663,2.753516e-06,5.636758e-04,3.585435e-07,6.828969e-05,4.303898e-05,0,0.001000
dilute40_vf026,4,1,11,0.227734,68.95959108,68.96067501,1.755123e-06,4.339712e-04,3.400996e-07,8.981807e-05,3.282018e-05,0,0.001000
dilute40_vf026,4,1,12,0.221589,62.11641956,62.11713729,1.965280e-06,2.948767e-04,3.294501e-07,9.537176e-05,2.229783e-05,0,0.001000
dilute40_vf026,4,1,13,0.213802,58.0110399,58.01156241,1.623915e-06,4.196629e-04,3.111833e-07,8.723155e-05,2.583017e-05,0,0.001000
dilute40_vf026,4,1,14,0.209714,54.96338305,54.96379382,1.705094e-06,2.776140e-04,3.056352e-07,8.593220e-05,2.124657e-05,0,0.001000
dilute40_vf026,4,1,15,0.204557,52.92367048,52.92399799,1.532704e-06,4.080385e-04,2.963861e-07,1.021333e-04,2.151988e-05,0,0.001000
dilute40_vf026,4,1,16,0.202760,51.37509895,51.37536276,1.550443e-06,2.982410e-04,2.861982e-07,1.209176e-04,1.827291e-05,0,0.001000
dilute40_vf026,4,1,17,0.199687,50.22912229,50.22933287,1.466826e-06,3.805952e-04,2.821820e-07,1.371225e-04,1.857686e-05,0,0.001000
dilute40_vf026,4,1,18,0.198620,49.36984567,49.37003774,1.484235e-06,3.218314e-04,2.803510e-07,1.569033e-04,1.708535e-05,0,0.001000
dilute40_vf026,4,1,19,0.196901,48.67708626,48.67720673,1.457999e-06,3.845140e-04,2.797745e-07,1.802151e-04,1.788320e-05,0,0.001000
dilute40_vf026,4,1,20,0.195937,48.11663542,48.11673919,1.452812e-06,3.602764e-04,2.871136e-07,2.056321e-04,1.725366e-05,0,0.001000
dilute40_vf026,4,1,21,0.194818,47.64879306,47.64888463,1.439095e-06,3.952757e-04,2.815194e-07,2.252617e-04,1.773454e-05,0,0.001000
dilute40_vf026,4,1,22,0.193854,47.25761878,47.25769532,1.425992e-06,3.960842e-04,2.807891e-07,2.441730e-04,1.767162e-05,0,0.001000
dilute40_vf026,4,1,23,0.193568,46.93793415,46.93800461,1.412187e-06,4.092355e-04,2.720667e-07,2.684090e-04,1.787120e-05,0,0.001000
dilute40_vf026,4,1,24,0.192917,46.66997244,46.6700211,1.409238e-06,4.195784e-04,2.765046e-07,2.909825e-04,1.810733e-05,0,0.001000
dilute40_vf026,4,1,25,0.192682,46.43801835,46.43807158,1.407772e-06,4.331594e-04,2.635028e-07,3.203687e-04,1.848230e-05,0,0.001000
dilute40_vf026,4,1,26,0.192083,46.23544235,46.23549222,1.407876e-06,4.475952e-04,2.465047e-07,2.545331e-04,1.882604e-05,0,0.001000
dilute40_vf026,4,1,27,0.191797,46.06560369,46.06565395,1.407742e-06,4.549997e-04,2.417585e-07,2.432999e-04,1.901384e-05,0,0.001000
dilute40_vf026,4,1,28,0.191328,45.92472085,45.92479064,1.409330e-06,4.591029e-04,2.430679e-07,2.711315e-04,1.910306e-05,0,0.001000
dilute40_vf026,4,1,29,0.190885,45.80651637,45.80657198,1.413229e-06,4.627613e-04,2.465851e-07,3.001550e-04,1.917329e-05,0,0.001000
dilute40_vf026,4,1,30,0.190573,45.70376106,45.70379462,1.410633e-06,4.634988e-04,2.493869e-07,3.287201e-04,1.913895e-05,0,0.001000
dilute40_vf026,4,1,31,0.190417,45.61272382,45.61277137,1.408831e-06,4.647095e-04,2.560352e-07,3.567049e-04,1.912811e-05,0,0.001000
dilute40_vf026,4,1,32,0.190052,45.53010667,45.53014396,1.406154e-06,4.659524e-04,2.433830e-07,3.850355e-04,1.912560e-05,0,0.001000
dilute40_vf026,4,1,33,0.189740,45.45780018,45.45785664,1.408109e-06,4.682911e-04,2.284825e-07,2.688588e-04,1.916907e-05,0,0.001000
dilute40_vf026,4,1,34,0.189375,45.39390568,45.39396113,1.410530e-06,4.699187e-04,2.157308e-07,2.870503e-04,1.920735e-05,0,0.001000
dilute40_vf026,4,1,35,0.188958,45.34016478,45.34020622,1.413055e-06,4.713737e-04,2.119491e-07,3.151199e-04,1.922916e-05,0,0.001000
dilute40_vf026,4,1,36,0.188906,45.29207384,45.29211904,1.410848e-06,4.726699e-04,2.126542e-07,3.415507e-04,1.925677e-05,0,0.001000
dilute40_vf026,4,1,37,0.188750,45.24796504,45.24801905,1.409318e-06,4.743637e-04,2.143231e-07,3.677338e-04,1.929658e-05,0,0.001000
dilute40_vf026,4,1,38,0.188490,45.2073602,45.20740355,1.410825e-06,4.767400e-04,2.154861e-07,3.922478e-04,1.936590e-05,0,0.001000
dilute40_vf026,4,1,39,0.188490,45.16990185,45.16995052,1.409370e-06,4.789404e-04,2.158561e-07,4.186298e-04,1.943138e-05,0,0.001000
dilute40_vf026,4,1,40,0.188203,45.1351983,45.13523153,1.409279e-06,4.829419e-04,2.145575e-07,4.457137e-04,1.950605e-05,0,0.001000
dilute40_vf026,8,1,1,1.000000,1032925.457,1032925.457,0.000000e+00,0.000000e+00,0.000000e+00,0.000000e+00,0.000000e+00,0,0.000000
dilute40_vf026,8,1,2,1.000000,19081.70436,19081.70436,0.000000e+00,0.000000e+00,0.000000e+00,0.000000e+00,0.000000e+00,0,0.000000
dilute40_vf026,8,1,3,0.971120,7270.054348,7270.055275,1.275098e-07,2.360811e-06,1.250552e-08,1.452377e-06,3.665394e-06,0,0.001000
dilute40_vf026,8,1,4,0.771406,1515.08286,1515.107208,1.458528e-05,4.921834e-04,2.029683e-07,1.324220e-05,1.028420e-04,0,0.001000
dilute40_vf026,8,1,5,0.665052,641.7999621,641.8109944,1.188346e-06,2.603542e-04,1.262199e-07,1.612936e-05,9.666445e-06,0,0.001000
dilute40_vf026,8,1,6,0.591458,324.9564801,324.9587049,4.414471e-06,6.493802e-04,1.423259e-07,1.699321e-05,3.026999e-05,0,0.001000
dilute40_vf026,8,1,7,0.549740,190.4289924,190.4300917,8.906064e-07,1.884132e-04,1.161267e-07,1.993042e-05,5.150870e-06,0,0.001000
dilute40_vf026,8,1,8,0.513229,133.0187085,133.0197522,1.835287e-06,6.437872e-04,1.227838e-07,2.084356e-05,2.106817e-05,0,0.001000
dilute40_vf026,8,1,9,0.487891,98.7741649,98.77478089,7.997778e-07,1.835481e-04,1.118385e-07,2.087181e-05,4.818486e-06,0,0.001000
dilute40_vf026,8,1,10,0.477917,79.89994238,79.90047989,1.108387e-06,3.202836e-04,1.099459e-07,2.346411e-05,9.810856e-06,0,0.001000
dilute40_vf026,8,1,11,0.455130,68.95959108,68.95985341,7.160877e-07,2.158769e-04,1.049498e-07,2.618972e-05,5.194443e-06,0,0.001000
dilute40_vf026,8,1,12,0.451719,62.11641956,62.11670058,8.215115e-07,1.690103e-04,1.013899e-07,2.481639e-05,4.731493e-06,0,0.001000
dilute40_vf026,8,1,13,0.437839,58.0110399,58.01115792,6.745756e-07,2.122676e-04,9.590888e-08,2.592283e-05,4.409479e-06,0,0.001000
dilute40_vf026,8,1,14,0.433906,54.96338305,54.9634645,7.267640e-07,1.616240e-04,9.418289e-08,2.638219e-05,4.124500e-06,0,0.001000
dilute40_vf026,8,1,15,0.423750,52.92367048,52.9237401,6.587032e-07,2.168439e-04,9.087833e-08,2.891108e-05,3.846989e-06,0,0.001000
dilute40_vf026,8,1,16,0.422161,51.37509895,51.37514301,6.735767e-07,1.705555e-04,8.853834e-08,3.388533e-05,3.556764e-06,0,0.001000
dilute40_vf026,8,1,17,0.416615,50.22912229,50.22919022,6.299008e-07,2.060575e-04,8.657529e-08,3.567073e-05,3.408497e-06,0,0.001000
dilute40_vf026,8,1,18,0.415469,49.36984567,49.36990641,6.414027e-07,1.806247e-04,8.533812e-08,3.945845e-05,3.290787e-06,0,0.001000
dilute40_vf026,8,1,19,0.413151,48.67708626,48.67712025,6.225702e-07,2.079985e-04,8.511664e-08,4.380365e-05,3.313367e-06,0,0.001000
dilute40_vf026,8,1,20,0.412057,48.11663542,48.11666388,6.199998e-07,1.974195e-04,8.775014e-08,5.120411e-05,3.259024e-06,0,0.001000
dilute40_vf026,8,1,21,0.410911,47.64879306,47.64882691,6.138130e-07,2.145317e-04,8.575260e-08,5.409660e-05,3.288698e-06,0,0.001000
dilute40_vf026,8,1,22,0.409557,47.25761878,47.25764814,6.079405e-07,2.154162e-04,8.497703e-08,6.084080e-05,3.287566e-06,0,0.001000
dilute40_vf026,8,1,23,0.409193,46.93793415,46.9379504,6.010328e-07,2.213564e-04,8.212531e-08,6.740696e-05,3.302103e-06,0,0.001000
dilute40_vf026,8,1,24,0.408724,46.66997244,46.66997309,5.986342e-07,2.264202e-04,8.294792e-08,7.245543e-05,3.335695e-06,0,0.001000
dilute40_vf026,8,1,25,0.408385,46.43801835,46.43803728,5.977888e-07,2.332619e-04,7.943043e-08,7.947855e-05,3.392268e-06,0,0.001000
dilute40_vf026,8,1,26,0.407500,46.23544235,46.23546702,5.988769e-07,2.413395e-04,7.476403e-08,7.528333e-05,3.445501e-06,0,0.001000
dilute40_vf026,8,1,27,0.407422,46.06560369,46.0656277,5.977791e-07,2.449277e-04,7.387766e-08,7.463204e-05,3.475550e-06,0,0.001000
dilute40_vf026,8,1,28,0.406875,45.92472085,45.92475512,5.985346e-07,2.472401e-04,7.349170e-08,8.362718e-05,3.488590e-06,0,0.001000
dilute40_vf026,8,1,29,0.406745,45.80651637,45.80653576,5.990102e-07,2.489990e-04,7.526894e-08,9.252453e-05,3.497093e-06,0,0.001000
dilute40_vf026,8,1,30,0.406432,45.70376106,45.70378369,5.982897e-07,2.494205e-04,7.600201e-08,1.012573e-04,3.486696e-06,0,0.001000
dilute40_vf026,8,1,31,0.406406,45.61272382,45.61275002,5.968081e-07,2.499232e-04,7.810509e-08,1.098356e-04,3.480271e-06,0,0.001000
dilute40_vf026,8,1,32,0.405833,45.53010667,45.53012914,5.958079e-07,2.506764e-04,7.461030e-08,1.190541e-04,3.474899e-06,0,0.001000
dilute40_vf026,8,1,33,0.405547,45.45780018,45.45781775,5.957536e-07,2.518414e-04,6.976180e-08,8.591509e-05,3.480667e-06,0,0.001000
dilute40_vf026,8,1,34,0.405182,45.39390568,45.39393071,5.968459e-07,2.531303e-04,6.564899e-08,9.138035e-05,3.485627e-06,0,0.001000
dilute40_vf026,8,1,35,0.404792,45.34016478,45.34017817,5.972978e-07,2.539916e-04,6.472237e-08,1.000685e-04,3.488199e-06,0,0.001000
dilute40_vf026,8,1,36,0.404740,45.29207384,45.2920935,5.965397e-07,2.548200e-04,6.482367e-08,1.080475e-04,3.491008e-06,0,0.001000
dilute40_vf026,8,1,37,0.404583,45.24796504,45.24799644,5.960335e-07,2.558902e-04,6.529780e-08,1.166157e-04,3.495138e-06,0,0.001000
dilute40_vf026,8,1,38,0.404271,45.2073602,45.20737737,5.971425e-07,2.574476e-04,6.538557e-08,1.243367e-04,3.503577e-06,0,0.001000
dilute40_vf026,8,1,39,0.404271,45.16990185,45.16991845,5.965830e-07,2.587107e-04,6.562719e-08,1.326673e-04,3.510999e-06,0,0.001000
dilute40_vf026,8,1,40,0.403776,45.1351983,45.13520836,5.973791e-07,2.612614e-04,6.556396e-08,1.414595e-04,3.630888e-06,0,0.001000
dilute40_vf068,4,1,1,1.000000,57738.07321,57738.07321,0.000000e+00,0.000000e+00,0.000000e+00,0.000000e+00,0.000000e+00,0,0.000000
dilute40_vf068,4,1,2,1.000000,693.8337422,693.8337422,0.000000e+00,0.000000e+00,0.000000e+00,0.000000e+00,0.000000e+00,0,0.000000
dilute40_vf068,4,1,3,0.903620,142.5447416,142.544775,2.344645e-07,2.601753e-05,3.501601e-08,5.720223e-06,1.969458e-05,0,0.001000
dilute40_vf068,4,1,4,0.608568,42.65027196,42.65036576,6.311030e-07,8.283321e-05,4.268278e-08,2.538204e-06,3.050188e-05,0,0.001000
dilute40_vf068,4,1,5,0.452214,21.78731379,21.78733336,2.698636e-07,1.686676e-04,3.297424e-08,3.555007e-06,1.765274e-05,0,0.001000
dilute40_vf068,4,1,6,0.372917,13.72069956,13.72071456,2.759341e-07,1.661848e-04,3.439920e-08,3.483607e-06,1.844043e-05,0,0.001000
dilute40_vf068,4,1,7,0.328307,9.965638023,9.965648046,1.745129e-07,1.262155e-04,2.854974e-08,3.906754e-06,9.905549e-06,0,0.001000
dilute40_vf068,4,1,8,0.304297,8.201860108,8.201865286,1.426478e-07,7.702306e-05,2.624598e-08,5.108063e-06,5.342831e-06,0,0.001000
dilute40_vf068,4,1,9,0.284375,7.444049103,7.444054155,1.194756e-07,6.352938e-05,2.199850e-08,5.744122e-06,3.639383e-06,0,0.001000
dilute40_vf068,4,1,10,0.274531,7.075635375,7.075638527,1.073422e-07,5.156978e-05,1.865481e-08,5.695495e-06,2.871564e-06,0,0.001000
dilute40_vf068,4,1,11,0.265547,6.871319944,6.87132094,1.001820e-07,4.852072e-05,1.679173e-08,4.728248e-06,2.885812e-06,0,0.001000
dilute40_vf068,4,1,12,0.260964,6.743336077,6.743336672,9.572478e-08,4.598235e-05,1.593032e-08,5.719544e-06,2.687843e-06,0,0.001000
dilute40_vf068,4,1,13,0.258411,6.658130843,6.658133176,9.168079e-08,4.208579e-05,1.490130e-08,5.819105e-06,2.519580e-06,0,0.001000
dilute40_vf068,4,1,14,0.255495,6.600849084,6.600850459,8.993486e-08,3.811212e-05,1.341485e-08,5.010644e-06,2.400685e-06,0,0.001000
dilute40_vf068,4,1,15,0.253099,6.560700867,6.560701656,8.845546e-08,3.686483e-05,1.284239e-08,6.005161e-06,2.653185e-06,0,0.001000
dilute40_vf068,4,1,16,0.248906,6.530724488,6.530725108,8.783295e-08,3.758624e-05,1.298387e-08,6.099798e-06,2.558724e-06,0,0.001000
dilute40_vf068,4,1,17,0.247448,6.506755771,6.506757596,8.671071e-08,3.843925e-05,1.222033e-08,6.571799e-06,2.561582e-06,0,0.001000
dilute40_vf068,4,1,18,0.245078,6.487198171,6.48719798,8.586454e-08,3.958197e-05,1.173929e-08,6.822196e-06,2.919764e-06,0,0.001000
dilute40_vf068,4,1,19,0.244010,6.471279833,6.471281037,8.480625e-08,4.026328e-05,1.107249e-08,6.955893e-06,2.997399e-06,0,0.001000
dilute40_vf068,4,1,20,0.243125,6.458297286,6.458298264,8.436566e-08,4.093275e-05,1.066327e-08,7.378350e-06,2.994116e-06,0,0.001000
dilute40_vf068,4,1,21,0.242526,6.447662567,6.447663166,8.413243e-08,4.145615e-05,1.060921e-08,8.343851e-06,2.997273e-06,0,0.001000
dilute40_vf068,4,1,22,0.241927,6.43881482,6.438815392,8.384630e-08,4.191170e-05,1.058771e-08,9.337436e-06,2.999821e-06,0,0.001000
dilute40_vf068,4,1,23,0.241510,6.431074701,6.431075154,8.352014e-08,4.234114e-05,1.035424e-08,1.041922e-05,2.998865e-06,0,0.001000
dilute40_vf068,4,1,24,0.241042,6.423872489,6.423872997,8.328584e-08,4.282624e-05,1.035422e-08,1.148122e-05,2.999414e-06,0,0.001000
dilute40_vf068,4,1,25,0.240313,6.41732297,6.41732348,8.362112e-08,4.345497e-05,1.043646e-08,1.258550e-05,3.011382e-06,0,0.001000
dilute40_vf068,4,1,26,0.239661,6.411069039,6.411069518,8.392914e-08,4.421667e-05,9.452511e-09,8.081255e-06,3.028938e-06,0,0.001000
dilute40_vf068,4,1,27,0.239219,6.405322035,6.405322421,8.391703e-08,4.462066e-05,9.320370e-09,8.688142e-06,3.045657e-06,0,0.001000
dilute40_vf068,4,1,28,0.238698,6.400556449,6.400556638,8.384075e-08,4.480442e-05,8.826607e-09,8.556599e-06,3.052335e-06,0,0.001000
dilute40_vf068,4,1,29,0.238568,6.396467326,6.396468068,8.364122e-08,4.485828e-05,8.506151e-09,9.251876e-06,3.053776e-06,0,0.001000
dilute40_vf068,4,1,30,0.238307,6.393209559,6.393210377,8.349235e-08,4.495022e-05,8.176798e-09,9.991172e-06,3.058530e-06,0,0.001000
dilute40_vf068,4,1,31,0.238047,6.390354396,6.390354927,8.347362e-08,4.502021e-05,7.974503e-09,8.683900e-06,3.060610e-06,0,0.001000
dilute40_vf068,4,1,32,0.237682,6.387710817,6.387711463,8.343276e-08,4.506157e-05,7.849318e-09,9.428615e-06,3.061184e-06,0,0.001000
dilute40_vf068,4,1,33,0.236901,6.385352953,6.385353456,8.334276e-08,4.517305e-05,7.842484e-09,1.019951e-05,3.058999e-06,0,0.001000
dilute40_vf068,4,1,34,0.236589,6.383175422,6.383175951,8.340872e-08,4.524535e-05,8.025386e-09,1.097747e-05,3.057908e-06,0,0.001000
dilute40_vf068,4,1,35,0.236484,6.381080313,6.381080843,8.321886e-08,4.523943e-05,7.537882e-09,1.053952e-05,3.057273e-06,0,0.001000
dilute40_vf068,4,1,36,0.236250,6.379297505,6.379298032,8.302620e-08,4.515643e-05,7.377277e-09,1.123509e-05,3.053323e-06,0,0.001000
dilute40_vf068,4,1,37,0.235964,6.377806503,6.377807032,8.287745e-08,4.506935e-05,7.275525e-09,1.121169e-05,3.048349e-06,0,0.001000
dilute40_vf068,4,1,38,0.235911,6.376406573,6.37640744,8.278924e-08,4.499539e-05,7.420443e-09,1.265567e-05,3.044890e-06,0,0.001000
dilute40_vf068,4,1,39,0.235911,6.375045817,6.375046216,8.263092e-08,4.496064e-05,7.114164e-09,9.151085e-06,3.042854e-06,0,0.001000
dilute40_vf068,4,1,40,0.235911,6.373778665,6.373779274,8.262653e-08,4.507545e-05,7.441655e-09,9.949136e-06,3.047673e-06,0,0.001000
dilute40_vf026,4,2,1,1.000000,1032925.457,1032925.457,0.000000e+00,0.000000e+00,0.000000e+00,0.000000e+00,0.000000e+00,0,0.000000
dilute40_vf026,4,2,2,1.000000,19081.70436,19081.70436,0.000000e+00,0.000000e+00,0.000000e+00,0.000000e+00,0.000000e+00,0,0.001000
dilute40_vf026,4,2,3,0.813646,7270.054348,7270.071025,2.294052e-06,2.519886e-05,1.757323e-07,2.116851e-05,2.153138e-05,0,0.001000
dilute40_vf026,4,2,4,0.813646,1515.08286,1515.127832,1.347517e-05,5.713367e-04,2.735486e-07,2.350875e-05,1.099376e-04,0,0.001000
dilute40_vf026,4,2,5,0.410547,641.7999621,641.8276552,3.284187e-06,6.876804e-04,1.701053e-07,1.835751e-05,5.989512e-05,0,0.001000
dilute40_vf026,4,2,6,0.410547,324.9564801,324.9656794,9.371773e-06,1.101192e-03,2.353908e-07,3.208360e-05,1.202087e-04,0,0.001000
dilute40_vf026,4,2,7,0.295156,190.4289924,190.4341883,2.495090e-06,4.584989e-04,1.844992e-07,3.023486e-05,3.152040e-05,0,0.001000
dilute40_vf026,4,2,8,0.295156,133.0187085,133.0216808,4.346289e-06,1.140084e-03,2.063192e-07,3.227521e-05,9.171183e-05,0,0.001000
dilute40_vf026,4,2,9,0.250234,98.7741649,98.77595743,2.072465e-06,4.036622e-04,1.899358e-07,3.450835e-05,2.918409e-05,0,0.001000
dilute40_vf026,4,2,10,0.250234,79.89994238,79.90117031,2.673672e-06,5.628463e-04,1.932055e-07,3.819312e-05,4.968772e-05,0,0.001000
dilute40_vf026,4,2,11,0.227734,68.95959108,68.9604655,1.755202e-06,4.339891e-04,1.830125e-07,3.602937e-05,3.282279e-05,0,0.001000
dilute40_vf026,4,2,12,0.227734,62.11641956,62.11708745,1.907199e-06,2.944523e-04,1.779007e-07,4.151820e-05,2.769488e-05,0,0.001000
dilute40_vf026,4,2,13,0.213802,58.0110399,58.01149858,1.623957e-06,4.196713e-04,1.693425e-07,4.709097e-05,2.583154e-05,0,0.001000
dilute40_vf026,4,2,14,0.213802,54.96338305,54.96375373,1.679538e-06,2.766372e-04,1.641845e-07,5.652504e-05,2.124714e-05,0,0.001000
dilute40_vf026,4,2,15,0.204557,52.92367048,52.92397268,1.532731e-06,4.080426e-04,1.590710e-07,6.180357e-05,2.152052e-05,0,0.001000
dilute40_vf026,4,2,16,0.204557,51.37509895,51.37534932,1.539986e-06,2.978133e-04,1.542018e-07,7.588464e-05,1.827329e-05,0,0.001000
dilute40_vf026,4,2,17,0.199687,50.22912229,50.2293458,1.466854e-06,3.806035e-04,1.499246e-07,8.481864e-05,1.857741e-05,0,0.001000
dilute40_vf026,4,2,18,0.199687,49.36984567,49.37004983,1.478436e-06,3.215310e-04,1.483924e-07,9.992006e-05,1.708578e-05,0,0.001000
dilute40_vf026,4,2,19,0.196901,48.67708626,48.67725273,1.458022e-06,3.845224e-04,1.478960e-07,1.165255e-04,1.788364e-05,0,0.001000
dilute40_vf026,4,2,20,0.196901,48.11663542,48.11676647,1.447498e-06,3.598888e-04,1.474786e-07,1.346585e-04,1.725405e-05,0,0.001000
dilute40_vf026,4,2,21,0.194818,47.64879306,47.64889733,1.439111e-06,3.952836e-04,1.448611e-07,1.439872e-04,1.773491e-05,0,0.001000
dilute40_vf026,4,2,22,0.194818,47.25761878,47.25773807,1.423056e-06,3.959076e-04,1.436854e-07,1.338800e-04,1.767202e-05,0,0.001000
dilute40_vf026,4,2,23,0.193568,46.93793415,46.93804122,1.412204e-06,4.092428e-04,1.400005e-07,1.436555e-04,1.787151e-05,0,0.001000
dilute40_vf026,4,2,24,0.193568,46.66997244,46.6700503,1.403762e-06,4.191212e-04,1.426355e-07,1.514290e-04,1.810768e-05,0,0.001000
dilute40_vf026,4,2,25,0.192682,46.43801835,46.43810362,1.407790e-06,4.331684e-04,1.388146e-07,1.637613e-04,1.848269e-05,0,0.001000
dilute40_vf026,4,2,26,0.192682,46.23544235,46.23553926,1.404036e-06,4.449700e-04,1.311601e-07,1.583090e-04,1.882641e-05,0,0.001000
dilute40_vf026,4,2,27,0.191797,46.06560369,46.06569462,1.407754e-06,4.550094e-04,1.279794e-07,1.656337e-04,1.901421e-05,0,0.001000
dilute40_vf026,4,2,28,0.191797,45.92472085,45.92480361,1.406135e-06,4.590250e-04,1.248601e-07,1.750488e-04,1.910335e-05,0,0.001000
dilute40_vf026,4,2,29,0.190885,45.80651637,45.80660326,1.413241e-06,4.627684e-04,1.226538e-07,1.505439e-04,1.917358e-05,0,0.001000
dilute40_vf026,4,2,30,0.190885,45.70376106,45.70382364,1.409180e-06,4.634457e-04,1.224531e-07,1.657812e-04,1.913926e-05,0,0.001000
dilute40_vf026,4,2,31,0.190417,45.61272382,45.61280846,1.408846e-06,4.647178e-04,1.237959e-07,1.786388e-04,1.912845e-05,0,0.001000
dilute40_vf026,4,2,32,0.190417,45.53010667,45.53017547,1.405057e-06,4.659320e-04,1.176622e-07,1.917265e-04,1.912593e-05,0,0.001000
dilute40_vf026,4,2,33,0.189740,45.45780018,45.45787466,1.408130e-06,4.683008e-04,1.115243e-07,2.015320e-04,1.916948e-05,0,0.001000
dilute40_vf026,4,2,34,0.189740,45.39390568,45.39396405,1.406354e-06,4.698896e-04,1.087951e-07,2.128258e-04,1.920772e-05,0,0.001000
dilute40_vf026,4,2,35,0.188958,45.34016478,45.34022322,1.413074e-06,4.713828e-04,1.071895e-07,2.279760e-04,1.922955e-05,0,0.001000
dilute40_vf026,4,2,36,0.188958,45.29207384,45.29214299,1.410510e-06,4.726642e-04,1.064062e-07,2.413041e-04,1.925714e-05,0,0.001000
dilute40_vf026,4,2,37,0.188750,45.24796504,45.24803662,1.409339e-06,4.743724e-04,1.069675e-07,2.540768e-04,1.929696e-05,0,0.001000
dilute40_vf026,4,2,38,0.188750,45.2073602,45.20743415,1.408107e-06,4.766729e-04,1.062598e-07,2.654499e-04,1.936630e-05,0,0.001000
dilute40_vf026,4,2,39,0.188490,45.16990185,45.16996058,1.409390e-06,4.789488e-04,1.059580e-07,2.750943e-04,1.943176e-05,0,0.001000
dilute40_vf026,4,2,40,0.188490,45.1351983,45.13525864,1.408116e-06,4.815136e-04,1.060632e-07,2.852091e-04,1.950644e-05,0,0.001000
dilute40_vf026,4,5,1,1.000000,1032925.457,1032925.457,0.000000e+00,0.000000e+00,0.000000e+00,0.000000e+00,0.000000e+00,0,0.000000
dilute40_vf026,4,5,2,1.000000,19081.70436,19081.70436,0.000000e+00,0.000000e+00,0.000000e+00,0.000000e+00,0.000000e+00,0,0.001000
dilute40_vf026,4,5,3,1.000000,7270.054348,7270.054348,0.000000e+00,0.000000e+00,0.000000e+00,0.000000e+00,0.000000e+00,0,0.001000
dilute40_vf026,4,5,4,1.000000,1515.08286,1515.08286,0.000000e+00,0.000000e+00,0.000000e+00,0.000000e+00,0.000000e+00,0,0.001000
dilute40_vf026,4,5,5,1.000000,641.7999621,641.7999621,0.000000e+00,0.000000e+00,0.000000e+00,0.000000e+00,0.000000e+00,0,0.001000
dilute40_vf026,4,5,6,0.333177,324.9564801,324.9604812,1.231267e-05,1.141484e-03,1.094956e-07,1.302232e-05,1.202617e-04,0,0.001000
dilute40_vf026,4,5,7,0.333177,190.4289924,190.4305491,2.241101e-06,4.289439e-04,9.241451e-08,2.040593e-05,2.500791e-05,0,0.001000
dilute40_vf026,4,5,8,0.333177,133.0187085,133.0199067,3.953137e-06,1.107335e-03,1.078920e-07,2.033311e-05,8.179897e-05,0,0.001000
dilute40_vf026,4,5,9,0.333177,98.7741649,98.7747982,1.632965e-06,3.516135e-04,1.002455e-07,2.453127e-05,2.024831e-05,0,0.001000
dilute40_vf026,4,5,10,0.333177,79.89994238,79.90051756,2.125360e-06,5.268280e-04,1.002689e-07,2.478460e-05,3.858158e-05,0,0.001000
dilute40_vf026,4,5,11,0.227734,68.95959108,68.96002291,1.755251e-06,4.339994e-04,9.112914e-08,2.516326e-05,3.282457e-05,0,0.001000
dilute40_vf026,4,5,12,0.227734,62.11641956,62.11681361,1.907245e-06,2.944576e-04,8.960150e-08,2.761962e-05,2.769616e-05,0,0.001000
dilute40_vf026,4,5,13,0.227734,58.0110399,58.01126838,1.551606e-06,4.152828e-04,8.200559e-08,2.451876e-05,2.583217e-05,0,0.001000
dilute40_vf026,4,5,14,0.227734,54.96338305,54.96354789,1.601256e-06,2.744088e-04,8.084009e-08,2.753639e-05,2.124774e-05,0,0.001000
dilute40_vf026,4,5,15,0.227734,52.92367048,52.92384189,1.418903e-06,3.965241e-04,7.615514e-08,2.635805e-05,2.152090e-05,0,0.001000
dilute40_vf026,4,5,16,0.202760,51.37509895,51.37520945,1.550475e-06,2.982479e-04,7.454602e-08,2.829947e-05,1.827356e-05,0,0.001000
dilute40_vf026,4,5,17,0.202760,50.22912229,50.22925365,1.451076e-06,3.787048e-04,7.146947e-08,3.149492e-05,1.857764e-05,0,0.001000
dilute40_vf026,4,5,18,0.202760,49.36984567,49.36995442,1.462693e-06,3.201618e-04,6.801420e-08,3.264041e-05,1.708597e-05,0,0.001000
dilute40_vf026,4,5,19,0.202760,48.67708626,48.67719521,1.429876e-06,3.814479e-04,6.550820e-08,3.474706e-05,1.788383e-05,0,0.001000
dilute40_vf026,4,5,20,0.202760,48.11663542,48.11670098,1.419299e-06,3.571243e-04,6.573787e-08,3.692472e-05,1.725421e-05,0,0.001000
dilute40_vf026,4,5,21,0.194818,47.64879306,47.64887135,1.439117e-06,3.952860e-04,6.403800e-08,4.038493e-05,1.773501e-05,0,0.001000
dilute40_vf026,4,5,22,0.194818,47.25761878,47.2577144,1.423062e-06,3.959124e-04,6.260855e-08,4.197561e-05,1.767216e-05,0,0.001000
dilute40_vf026,4,5,23,0.194818,46.93793415,46.93799774,1.408463e-06,4.089101e-04,5.964877e-08,4.575270e-05,1.787163e-05,0,0.001000
dilute40_vf026,4,5,24,0.194818,46.66997244,46.67002876,1.400038e-06,4.187774e-04,5.979776e-08,4.955710e-05,1.810779e-05,0,0.001000
dilute40_vf026,4,5,25,0.194818,46.43801835,46.43807617,1.397068e-06,4.320118e-04,5.943804e-08,5.294528e-05,1.848284e-05,0,0.001000
dilute40_vf026,4,5,26,0.192083,46.23544235,46.23551561,1.407899e-06,4.476092e-04,5.602846e-08,5.549472e-05,1.882656e-05,0,0.001000
dilute40_vf026,4,5,27,0.192083,46.06560369,46.06567145,1.404934e-06,4.544199e-04,5.567284e-08,5.853978e-05,1.901430e-05,0,0.001000
dilute40_vf026,4,5,28,0.192083,45.92472085,45.92479883,1.403330e-06,4.584278e-04,5.557133e-08,6.094924e-05,1.910344e-05,0,0.001000
dilute40_vf026,4,5,29,0.192083,45.80651637,45.80659123,1.402522e-06,4.617725e-04,5.647418e-08,6.251522e-05,1.917366e-05,0,0.001000
dilute40_vf026,4,5,30,0.192083,45.70376106,45.70381294,1.398484e-06,4.624429e-04,5.720524e-08,6.642610e-05,1.913930e-05,0,0.001000
dilute40_vf026,4,5,31,0.190417,45.61272382,45.61280155,1.408853e-06,4.647196e-04,5.852581e-08,7.258455e-05,1.912850e-05,0,0.001000
dilute40_vf026,4,5,32,0.190417,45.53010667,45.53016082,1.405065e-06,4.659339e-04,5.650949e-08,7.105653e-05,1.912599e-05,0,0.001000
dilute40_vf026,4,5,33,0.190417,45.45780018,45.4578655,1.403882e-06,4.676900e-04,5.442426e-08,7.233173e-05,1.916948e-05,0,0.001000
dilute40_vf026,4,5,34,0.190417,45.39390568,45.3939658,1.402126e-06,4.692766e-04,5.261717e-08,7.334383e-05,1.920780e-05,0,0.001000
dilute40_vf026,4,5,35,0.190417,45.34016478,45.34022783,1.399877e-06,4.702510e-04,5.281247e-08,7.417265e-05,1.922963e-05,0,0.001000
dilute40_vf026,4,5,36,0.188906,45.29207384,45.29214224,1.410877e-06,4.726811e-04,5.214859e-08,7.742943e-05,1.925722e-05,0,0.001000
dilute40_vf026,4,5,37,0.188906,45.24796504,45.24803299,1.408394e-06,4.743057e-04,5.290193e-08,8.317990e-05,1.929702e-05,0,0.001000
dilute40_vf026,4,5,38,0.188906,45.2073602,45.2074289,1.407162e-06,4.766055e-04,5.220904e-08,8.890509e-05,1.936635e-05,0,0.001000
dilute40_vf026,4,5,39,0.188906,45.16990185,45.16995458,1.405706e-06,4.788041e-04,5.246163e-08,9.460258e-05,1.943181e-05,0,0.001000
dilute40_vf026,4,5,40,0.188906,45.1351983,45.13526282,1.404431e-06,4.813672e-04,5.286046e-08,1.009355e-04,1.950646e-05,0,0.001000
dilute40_vf026,4,10,1,1.000000,1032925.457,1032925.457,0.000000e+00,0.000000e+00,0.000000e+00,0.000000e+00,0.000000e+00,0,0.000000
dilute40_vf026,4,10,2,1.000000,19081.70436,19081.70436,0.000000e+00,0.000000e+00,0.000000e+00,0.000000e+00,0.000000e+00,0,0.001000
dilute40_vf026,4,10,3,1.000000,7270.054348,7270.054348,0.000000e+00,0.000000e+00,0.000000e+00,0.000000e+00,0.000000e+00,0,0.001000
dilute40_vf026,4,10,4,1.000000,1515.08286,1515.08286,0.000000e+00,0.000000e+00,0.000000e+00,0.000000e+00,0.000000e+00,0,0.001000
dilute40_vf026,4,10,5,1.000000,641.7999621,641.7999621,0.000000e+00,0.000000e+00,0.000000e+00,0.000000e+00,0.000000e+00,0,0.001000
dilute40_vf026,4,10,6,1.000000,324.9564801,324.9564801,0.000000e+00,0.000000e+00,0.000000e+00,0.000000e+00,0.000000e+00,0,0.001000
dilute40_vf026,4,10,7,1.000000,190.4289924,190.4289924,0.000000e+00,0.000000e+00,0.000000e+00,0.000000e+00,0.000000e+00,0,0.001000
dilute40_vf026,4,10,8,1.000000,133.0187085,133.0187085,0.000000e+00,0.000000e+00,0.000000e+00,0.000000e+00,0.000000e+00,0,0.001000
dilute40_vf026,4,10,9,1.000000,98.7741649,98.7741649,0.000000e+00,0.000000e+00,0.000000e+00,0.000000e+00,0.000000e+00,0,0.001000
dilute40_vf026,4,10,10,1.000000,79.89994238,79.89994238,0.000000e+00,0.000000e+00,0.000000e+00,0.000000e+00,0.000000e+00,0,0.001000
dilute40_vf026,4,10,11,0.227734,68.95959108,68.95971213,1.755401e-06,4.340078e-04,1.743979e-08,3.647474e-06,3.283051e-05,0,0.001000
dilute40_vf026,4,10,12,0.227734,62.11641956,62.11662012,1.907329e-06,2.944415e-04,2.093677e-08,5.916575e-06,2.769945e-05,0,0.001000
dilute40_vf026,4,10,13,0.227734,58.0110399,58.01112589,1.551677e-06,4.152654e-04,2.478309e-08,8.307702e-06,2.583469e-05,0,0.001000
dilute40_vf026,4,10,14,0.227734,54.96338305,54.96347663,1.601307e-06,2.743941e-04,2.820259e-08,9.382005e-06,2.124930e-05,0,0.001000
dilute40_vf026,4,10,15,0.227734,52.92367048,52.92375149,1.418942e-06,3.965174e-04,2.941742e-08,1.062348e-05,2.152212e-05,0,0.001000
dilute40_vf026,4,10,16,0.227734,51.37509895,51.37514275,1.424373e-06,2.897114e-04,2.852729e-08,1.281209e-05,1.827429e-05,0,0.001000
dilute40_vf026,4,10,17,0.227734,50.22912229,50.2291958,1.332441e-06,3.663144e-04,2.889134e-08,1.472967e-05,1.857829e-05,0,0.001000
dilute40_vf026,4,10,18,0.227734,49.36984567,49.36991283,1.341943e-06,3.104282e-04,2.945412e-08,1.580184e-05,1.708648e-05,0,0.001000
dilute40_vf026,4,10,19,0.227734,48.67708626,48.67717043,1.311299e-06,3.685652e-04,2.845909e-08,1.686536e-05,1.788426e-05,0,0.001000
dilute40_vf026,4,10,20,0.227734,48.11663542,48.11667726,1.300666e-06,3.455442e-04,2.991016e-08,1.796298e-05,1.725459e-05,0,0.001000
dilute40_vf026,4,10,21,0.194818,47.64879306,47.64886682,1.439136e-06,3.952902e-04,3.036704e-08,1.985816e-05,1.773534e-05,0,0.001000
dilute40_vf026,4,10,22,0.194818,47.25761878,47.25771626,1.423078e-06,3.959172e-04,2.983950e-08,2.010733e-05,1.767246e-05,0,0.001000
dilute40_vf026,4,10,23,0.194818,46.93793415,46.93798751,1.408477e-06,4.089147e-04,2.961229e-08,2.227607e-05,1.787184e-05,0,0.001000
dilute40_vf026,4,10,24,0.194818,46.66997244,46.67003428,1.400052e-06,4.187825e-04,3.071790e-08,2.408798e-05,1.810802e-05,0,0.001000
dilute40_vf026,4,10,25,0.194818,46.43801835,46.43809271,1.397082e-06,4.320171e-04,3.064221e-08,2.604742e-05,1.848308e-05,0,0.001000
dilute40_vf026,4,10,26,0.194818,46.23544235,46.23551079,1.393353e-06,4.437786e-04,2.912406e-08,2.863935e-05,1.882675e-05,0,0.001000
dilute40_vf026,4,10,27,0.194818,46.06560369,46.06567898,1.390446e-06,4.505420e-04,2.893090e-08,3.041305e-05,1.901449e-05,0,0.001000
dilute40_vf026,4,10,28,0.194818,45.92472085,45.92479399,1.388881e-06,4.545290e-04,2.887131e-08,3.283781e-05,1.910360e-05,0,0.001000
dilute40_vf026,4,10,29,0.194818,45.80651637,45.80657857,1.388098e-06,4.578552e-04,2.985243e-08,3.527943e-05,1.917380e-05,0,0.001000
dilute40_vf026,4,10,30,0.194818,45.70376106,45.70382784,1.384116e-06,4.585301e-04,3.047266e-08,3.749163e-05,1.913947e-05,0,0.001000
dilute40_vf026,4,10,31,0.190417,45.61272382,45.61279334,1.408863e-06,4.647228e-04,3.094389e-08,3.871037e-05,1.912865e-05,0,0.001000
dilute40_vf026,4,10,32,0.190417,45.53010667,45.53015997,1.405075e-06,4.659374e-04,3.006820e-08,4.024922e-05,1.912614e-05,0,0.001000
dilute40_vf026,4,10,33,0.190417,45.45780018,45.45786396,1.403892e-06,4.676934e-04,2.934009e-08,3.971308e-05,1.916963e-05,0,0.001000
dilute40_vf026,4,10,34,0.190417,45.39390568,45.3939597,1.402135e-06,4.692801e-04,2.989118e-08,4.076213e-05,1.920795e-05,0,0.001000
dilute40_vf026,4,10,35,0.190417,45.34016478,45.34023246,1.399887e-06,4.702548e-04,3.039981e-08,4.332564e-05,1.922979e-05,0,0.001000
dilute40_vf026,4,10,36,0.190417,45.29207384,45.29213981,1.397352e-06,4.715251e-04,2.978073e-08,4.511257e-05,1.925737e-05,0,0.001000
dilute40_vf026,4,10,37,0.190417,45.24796504,45.24802946,1.394898e-06,4.731383e-04,3.054634e-08,4.458053e-05,1.929716e-05,0,0.001000
dilute40_vf026,4,10,38,0.190417,45.2073602,45.20742737,1.393685e-06,4.754253e-04,3.013668e-08,4.361721e-05,1.936649e-05,0,0.001000
dilute40_vf026,4,10,39,0.190417,45.16990185,45.16995872,1.392245e-06,4.776113e-04,3.038927e-08,4.497075e-05,1.943195e-05,0,0.001000
dilute40_vf026,4,10,40,0.190417,45.1351983,45.13526569,1.390986e-06,4.801609e-04,3.060921e-08,4.555856e-05,1.950660e-05,0,0.001000
ultradilute_vf026,2,1,1,1.000000,7275965.685,7275965.685,0.000000e+00,0.000000e+00,0.000000e+00,0.000000e+00,0.000000e+00,0,0.000000
ultradilute_vf026,2,1,2,0.595676,31566.6285,31597.07807,9.646128e-04,7.470552e-03,7.997707e-06,3.391738e-04,4.975551e-03,0,0.001001
ultradilute_vf026,2,1,3,0.375882,11809.87304,11818.30198,1.037905e-05,8.071409e-05,2.315794e-06,4.894650e-04,9.018680e-05,0,0.001000
ultradilute_vf026,2,1,4,0.200521,2374.168021,2377.967237,1.557108e-04,1.579749e-03,2.759455e-06,2.492251e-04,7.451927e-04,0,0.001000
ultradilute_vf026,2,1,5,0.147108,951.881709,953.1934284,7.303888e-06,1.074868e-03,2.414169e-06,4.370069e-04,2.288088e-04,0,0.001000
ultradilute_vf026,2,1,6,0.112115,451.5863818,451.9854562,2.556317e-05,1.463138e-03,2.687655e-06,6.459952e-04,4.113453e-04,0,0.001000
ultradilute_vf026,2,1,7,0.096124,257.0477626,257.2124423,5.012376e-06,7.026261e-04,2.676379e-06,7.614650e-04,1.327240e-04,0,0.001000
ultradilute_vf026,2,1,8,0.085219,178.1635127,178.2496116,8.649134e-06,1.422244e-03,2.898127e-06,1.096691e-03,2.727214e-04,0,0.001000
ultradilute_vf026,2,1,9,0.078451,131.5728642,131.6230853,3.781011e-06,6.386238e-04,2.969696e-06,1.465082e-03,1.304639e-04,0,0.001000
ultradilute_vf026,2,1,10,0.074178,105.8599632,105.8904876,4.910963e-06,7.634665e-04,3.124806e-06,1.839604e-03,1.445164e-04,0,0.001000
ultradilute_vf026,2,1,11,0.069431,90.54712543,90.56685795,3.096768e-06,6.646427e-04,3.156429e-06,2.403491e-03,1.669567e-04,0,0.001000
ultradilute_vf026,2,1,12,0.066976,80.9105054,80.9230314,3.384695e-06,4.141564e-04,3.315788e-06,2.999146e-03,7.955889e-05,0,0.001000
ultradilute_vf026,2,1,13,0.064412,75.34020522,75.35015979,2.760998e-06,6.240972e-04,3.336694e-06,3.727634e-03,1.200256e-04,0,0.001000
ultradilute_vf026,2,1,14,0.062934,70.97772714,70.98437007,2.843984e-06,3.656133e-04,3.271150e-06,4.156306e-03,8.678919e-05,0,0.001000
ultradilute_vf026,2,1,15,0.061537,68.07920935,68.08463648,2.587136e-06,5.976735e-04,3.213037e-06,4.724463e-03,9.498074e-05,0,0.001000
ultradilute_vf026,2,1,16,0.060696,65.81999849,65.82364198,2.597260e-06,3.959957e-04,3.273249e-06,5.458109e-03,7.387207e-05,0,0.001000
ultradilute_vf026,2,1,17,0.059787,64.18355978,64.18682837,2.427796e-06,5.673225e-04,3.288336e-06,6.081416e-03,8.186498e-05,0,0.001000
ultradilute_vf026,2,1,18,0.059041,62.91044112,62.9128883,2.412204e-06,4.135993e-04,3.335139e-06,6.917999e-03,6.651810e-05,0,0.001000
ultradilute_vf026,2,1,19,0.058336,61.93032795,61.93260229,2.355576e-06,5.103300e-04,3.356403e-06,7.428429e-03,7.044887e-05,0,0.001000
ultradilute_vf026,2,1,20,0.058038,61.15113447,61.15292121,2.337497e-06,4.343721e-04,3.372880e-06,6.820245e-03,6.315169e-05,0,0.001000
ultradilute_vf026,2,1,21,0.057509,60.51543849,60.51662475,2.317309e-06,4.991396e-04,3.381552e-06,7.257823e-03,6.661440e-05,0,0.001000
ultradilute_vf026,2,1,22,0.057359,59.98916553,59.99002039,2.297773e-06,4.757328e-04,3.486683e-06,7.615815e-03,6.426888e-05,0,0.001000
ultradilute_vf026,2,1,23,0.056939,59.54005126,59.54058331,2.271868e-06,4.939760e-04,3.507670e-06,7.956978e-03,6.499417e-05,0,0.001000
ultradilute_vf026,2,1,24,0.056722,59.15365731,59.15449786,2.252290e-06,4.933584e-04,3.625067e-06,8.338996e-03,6.449861e-05,0,0.001000
ultradilute_vf026,2,1,25,0.056519,58.83189914,58.83227449,2.243966e-06,5.067590e-04,3.508369e-06,8.558311e-03,6.532342e-05,0,0.001000
ultradilute_vf026,2,1,26,0.056247,58.55113766,58.55161768,2.234421e-06,5.152899e-04,3.585052e-06,8.787077e-03,6.584123e-05,0,0.001000
ultradilute_vf026,2,1,27,0.056179,58.31195636,58.31240823,2.221948e-06,5.250142e-04,3.580727e-06,9.198785e-03,6.650926e-05,0,0.001000
ultradilute_vf026,2,1,28,0.055976,58.09929459,58.09936253,2.215747e-06,5.354190e-04,3.455273e-06,9.450001e-03,6.734185e-05,0,0.001000
ultradilute_vf026,2,1,29,0.055786,57.91623566,57.91608763,2.206755e-06,5.460593e-04,3.384840e-06,9.118577e-03,6.822413e-05,0,0.001000
ultradilute_vf026,2,1,30,0.055678,57.75763089,57.75764391,2.203396e-06,5.564334e-04,3.182147e-06,8.909103e-03,6.921843e-05,0,0.001000
ultradilute_vf026,2,1,31,0.055447,57.61914401,57.61940814,2.205937e-06,5.673242e-04,3.193087e-06,8.919657e-03,7.035015e-05,0,0.001000
ultradilute_vf026,2,1,32,0.055325,57.50156282,57.50158055,2.205481e-06,5.770066e-04,3.174531e-06,8.871760e-03,7.136531e-05,0,0.001000
ultradilute_vf026,2,1,33,0.055216,57.39862429,57.39856156,2.203676e-06,5.862704e-04,3.217992e-06,8.921451e-03,7.232658e-05,0,0.001000
ultradilute_vf026,2,1,34,0.055027,57.30985662,57.30962775,2.201977e-06,5.960242e-04,3.306845e-06,9.644396e-03,7.313361e-05,0,0.001000
ultradilute_vf026,2,1,35,0.054891,57.23133519,57.23103238,2.197428e-06,6.004375e-04,3.410382e-06,1.034825e-02,7.351045e-05,0,0.001000
ultradilute_vf026,2,1,36,0.054593,57.16077357,57.16036358,2.191997e-06,6.010853e-04,3.190092e-06,8.771410e-03,7.344344e-05,0,0.001000
ultradilute_vf026,2,1,37,0.054552,57.09748008,57.0972421,2.186313e-06,6.019270e-04,3.255502e-06,8.742901e-03,7.343642e-05,0,0.001000
ultradilute_vf026,2,1,38,0.054525,57.04010285,57.03978931,2.180561e-06,6.028340e-04,3.135186e-06,8.742273e-03,7.344856e-05,0,0.001000
ultradilute_vf026,2,1,39,0.054348,56.98840226,56.98797744,2.178064e-06,6.040427e-04,3.167033e-06,8.765172e-03,7.352569e-05,0,0.001000
ultradilute_vf026,2,1,40,0.054294,56.94335775,56.94287318,2.175102e-06,6.055838e-04,3.163213e-06,8.782884e-03,7.366921e-05,0,0.001000
ultradilute_vf026,4,1,1,1.000000,7275965.685,7275965.685,0.000000e+00,0.000000e+00,0.000000e+00,0.000000e+00,0.000000e+00,0,0.000000
ultradilute_vf026,4,1,2,0.718330,31566.6285,31579.31163,4.017891e-04,3.333048e-03,3.582254e-06,1.431156e-04,1.212046e-03,0,0.001000
ultradilute_vf026,4,1,3,0.482490,11809.87304,11812.97862,5.706363e-06,3.571341e-05,9.882553e-07,1.687878e-04,1.910001e-05,0,0.001000
ultradilute_vf026,4,1,4,0.274658,2374.168021,2375.727158,1.079766e-04,1.504929e-03,1.205212e-06,1.082816e-04,3.057737e-04,0,0.001000
ultradilute_vf026,4,1,5,0.210259,951.881709,952.4216329,4.608174e-06,7.159981e-04,9.191378e-07,1.688196e-04,5.950463e-05,0,0.001000
ultradilute_vf026,4,1,6,0.168945,451.5863818,451.7405067,1.824350e-05,1.382868e-03,1.055257e-06,2.544470e-04,1.414539e-04,0,0.001000
ultradilute_vf026,4,1,7,0.148885,257.0477626,257.1102918,3.302133e-06,5.109004e-04,1.024523e-06,2.703696e-04,3.353876e-05,0,0.001000
ultradilute_vf026,4,1,8,0.135091,178.1635127,178.1971027,6.385486e-06,1.326307e-03,1.127309e-06,4.175240e-04,9.571175e-05,0,0.001000
ultradilute_vf026,4,1,9,0.126411,131.5728642,131.592317,2.640201e-06,4.836536e-04,1.148316e-06,5.311688e-04,3.101498e-05,0,0.001000
ultradilute_vf026,4,1,10,0.121813,105.8599632,105.8720501,3.672924e-06,7.066895e-04,1.211416e-06,6.980223e-04,4.993808e-05,0,0.001000
ultradilute_vf026,4,1,11,0.114827,90.54712543,90.55489499,2.257119e-06,5.236931e-04,1.216912e-06,9.007050e-04,3.644173e-05,0,0.001000
ultradilute_vf026,4,1,12,0.112088,80.9105054,80.91553047,2.600842e-06,3.792153e-04,1.276281e-06,1.128914e-03,2.584664e-05,0,0.001000
ultradilute_vf026,4,1,13,0.108385,75.34020522,75.34427579,2.078344e-06,5.107896e-04,1.285619e-06,1.397411e-03,2.902564e-05,0,0.001000
ultradilute_vf026,4,1,14,0.106540,70.97772714,70.98047044,2.207290e-06,3.336536e-04,1.261772e-06,1.558302e-03,2.510601e-05,0,0.001000
ultradilute_vf026,4,1,15,0.104167,68.07920935,68.08150481,1.977045e-06,5.035936e-04,1.238852e-06,1.773183e-03,2.496395e-05,0,0.001000
ultradilute_vf026,4,1,16,0.103163,65.81999849,65.82166579,2.024013e-06,3.616769e-04,1.261665e-06,2.053830e-03,2.205732e-05,0,0.001000
ultradilute_vf026,4,1,17,0.102024,64.18355978,64.18495295,1.869932e-06,4.873307e-04,1.260695e-06,2.290651e-03,2.262668e-05,0,0.001000
ultradilute_vf026,4,1,18,0.101183,62.91044112,62.91154531,1.874595e-06,3.738884e-04,1.277124e-06,2.609348e-03,1.992519e-05,0,0.001000
ultradilute_vf026,4,1,19,0.100328,61.93032795,61.93134169,1.824007e-06,4.462004e-04,1.284936e-06,2.803157e-03,2.014778e-05,0,0.001000
ultradilute_vf026,4,1,20,0.100030,61.15113447,61.15193092,1.816568e-06,3.883268e-04,1.292467e-06,2.505709e-03,1.879203e-05,0,0.001000
ultradilute_vf026,4,1,21,0.099542,60.51543849,60.51601709,1.795435e-06,4.376598e-04,1.296406e-06,2.670474e-03,1.933145e-05,0,0.001000
ultradilute_vf026,4,1,22,0.099325,59.98916553,59.98962037,1.781353e-06,4.210491e-04,1.339656e-06,2.805360e-03,1.885761e-05,0,0.001000
ultradilute_vf026,4,1,23,0.098768,59.54005126,59.54037934,1.761972e-06,4.346061e-04,1.347670e-06,2.937871e-03,1.885623e-05,0,0.001000
ultradilute_vf026,4,1,24,0.098511,59.15365731,59.15408388,1.747737e-06,4.362525e-04,1.392785e-06,3.084127e-03,1.870010e-05,0,0.001000
ultradilute_vf026,4,1,25,0.098253,58.83189914,58.83213888,1.742246e-06,4.474872e-04,1.348954e-06,3.168317e-03,1.883793e-05,0,0.001000
ultradilute_vf026,4,1,26,0.097846,58.55113766,58.55140251,1.738420e-06,4.548857e-04,1.372586e-06,3.254232e-03,1.894090e-05,0,0.001000
ultradilute_vf026,4,1,27,0.097765,58.31195636,58.31222196,1.728479e-06,4.635270e-04,1.367702e-06,3.417914e-03,1.908355e-05,0,0.001000
ultradilute_vf026,4,1,28,0.097426,58.09929459,58.09937569,1.726656e-06,4.725987e-04,1.314598e-06,3.522144e-03,1.927842e-05,0,0.001000
ultradilute_vf026,4,1,29,0.097141,57.91623566,57.91621497,1.719862e-06,4.817458e-04,1.296078e-06,3.403019e-03,1.949404e-05,0,0.001000
ultradilute_vf026,4,1,30,0.097073,57.75763089,57.75763798,1.716456e-06,4.909197e-04,1.189128e-06,3.323791e-03,1.975315e-05,0,0.001000
ultradilute_vf026,4,1,31,0.096707,57.61914401,57.61923074,1.720865e-06,5.008817e-04,1.214822e-06,3.303580e-03,2.006244e-05,0,0.001000
ultradilute_vf026,4,1,32,0.096503,57.50156282,57.50160044,1.723033e-06,5.098276e-04,1.212418e-06,3.345905e-03,2.034479e-05,0,0.001000
ultradilute_vf026,4,1,33,0.096368,57.39862429,57.39863395,1.722385e-06,5.182146e-04,1.229358e-06,3.602739e-03,2.060838e-05,0,0.001000
ultradilute_vf026,4,1,34,0.096042,57.30985662,57.30980985,1.724442e-06,5.271946e-04,1.262207e-06,3.891815e-03,2.082596e-05,0,0.001000
ultradilute_vf026,4,1,35,0.095907,57.23133519,57.23126048,1.721632e-06,5.314121e-04,1.302073e-06,4.171598e-03,2.091737e-05,0,0.001000
ultradilute_vf026,4,1,36,0.095703,57.16077357,57.16067451,1.719522e-06,5.323410e-04,1.210898e-06,3.268537e-03,2.088126e-05,0,0.001000
ultradilute_vf026,4,1,37,0.095608,57.09748008,57.09744834,1.715115e-06,5.332461e-04,1.233040e-06,3.261318e-03,2.086824e-05,0,0.001000
ultradilute_vf026,4,1,38,0.095581,57.04010285,57.04002546,1.710398e-06,5.341393e-04,1.184653e-06,3.264362e-03,2.085807e-05,0,0.001000
ultradilute_vf026,4,1,39,0.095283,56.98840226,56.98828802,1.710854e-06,5.352751e-04,1.195308e-06,3.275780e-03,2.086543e-05,0,0.001000
ultradilute_vf026,4,1,40,0.095269,56.94335775,56.94322786,1.708038e-06,5.368193e-04,1.191150e-06,3.285380e-03,2.089895e-05,0,0.001000
ultradilute_vf026,8,1,1,1.000000,7275965.685,7275965.685,0.000000e+00,0.000000e+00,0.000000e+00,0.000000e+00,0.000000e+00,0,0.000000
ultradilute_vf026,8,1,2,0.887655,31566.6285,31568.69158,6.535637e-05,6.551878e-04,7.147448e-07,1.927336e-05,4.362798e-04,0,0.001000
ultradilute_vf026,8,1,3,0.703817,11809.87304,11810.05718,1.780002e-06,9.463755e-06,2.085529e-07,2.242855e-05,1.836468e-06,0,0.001000
ultradilute_vf026,8,1,4,0.447944,2374.168021,2374.467535,4.190858e-05,9.657427e-04,3.338980e-07,3.331940e-05,8.667820e-05,0,0.001000
ultradilute_vf026,8,1,5,0.359877,951.881709,952.000052,1.954739e-06,3.086098e-04,2.042394e-07,4.479517e-05,9.204468e-06,0,0.001000
ultradilute_vf026,8,1,6,0.306261,451.5863818,451.6157411,7.488936e-06,8.760137e-04,2.332898e-07,5.196355e-05,2.898636e-05,0,0.001000
ultradilute_vf026,8,1,7,0.277981,257.0477626,257.0599905,1.300386e-06,2.273870e-04,2.042893e-07,5.835330e-05,4.503516e-06,0,0.001000
ultradilute_vf026,8,1,8,0.259725,178.1635127,178.1703685,2.702516e-06,8.087308e-04,2.280800e-07,8.530749e-05,1.846896e-05,0,0.001000
ultradilute_vf026,8,1,9,0.246596,131.5728642,131.5767492,1.080326e-06,2.332111e-04,2.226218e-07,8.047199e-05,4.257945e-06,0,0.001000
ultradilute_vf026,8,1,10,0.242011,105.8599632,105.8626625,1.586262e-06,4.278400e-04,2.353953e-07,1.163042e-04,9.640295e-06,0,0.001000
ultradilute_vf026,8,1,11,0.229777,90.54712543,90.54882619,9.642807e-07,2.713014e-04,2.307751e-07,1.432039e-04,5.392842e-06,0,0.001000
ultradilute_vf026,8,1,12,0.228706,80.9105054,80.9115946,1.151596e-06,2.312487e-04,2.416969e-07,1.813438e-04,4.465631e-06,0,0.001000
ultradilute_vf026,8,1,13,0.222195,75.34020522,75.34108439,9.021059e-07,2.688531e-04,2.422987e-07,2.200884e-04,4.610180e-06,0,0.001000
ultradilute_vf026,8,1,14,0.220093,70.97772714,70.97835796,9.963051e-07,2.044300e-04,2.415917e-07,2.336294e-04,4.469080e-06,0,0.001000
ultradilute_vf026,8,1,15,0.215590,68.07920935,68.07975521,8.851808e-07,2.766884e-04,2.353355e-07,2.669225e-04,4.140693e-06,0,0.001000
ultradilute_vf026,8,1,16,0.214288,65.81999849,65.82043801,9.276209e-07,2.202440e-04,2.393452e-07,3.109816e-04,3.978973e-06,0,0.001000
ultradilute_vf026,8,1,17,0.213230,64.18355978,64.18383226,8.356143e-07,2.735307e-04,2.372782e-07,3.471666e-04,3.844343e-06,0,0.001000
ultradilute_vf026,8,1,18,0.212253,62.91044112,62.91067755,8.470232e-07,2.240319e-04,2.387648e-07,3.976650e-04,3.576610e-06,0,0.001000
ultradilute_vf026,8,1,19,0.211114,61.93032795,61.93055227,8.167658e-07,2.557268e-04,2.399953e-07,4.285756e-04,3.476526e-06,0,0.001000
ultradilute_vf026,8,1,20,0.210938,61.15113447,61.15132703,8.163246e-07,2.302470e-04,2.430475e-07,3.335675e-04,3.341929e-06,0,0.001000
ultradilute_vf026,8,1,21,0.210503,60.51543849,60.5155939,7.983255e-07,2.518340e-04,2.454790e-07,3.562515e-04,3.339657e-06,0,0.001000
ultradilute_vf026,8,1,22,0.210192,59.98916553,59.98928245,7.919103e-07,2.438533e-04,2.545897e-07,3.763010e-04,3.282914e-06,0,0.001000
ultradilute_vf026,8,1,23,0.209568,59.54005126,59.54015413,7.792719e-07,2.491273e-04,2.565460e-07,3.978462e-04,3.245016e-06,0,0.001000
ultradilute_vf026,8,1,24,0.209283,59.15365731,59.15376111,7.737363e-07,2.502712e-04,2.660251e-07,4.209221e-04,3.213291e-06,0,0.001000
ultradilute_vf026,8,1,25,0.209201,58.83189914,58.83197143,7.673522e-07,2.549698e-04,2.608799e-07,4.331883e-04,3.216117e-06,0,0.001000
ultradilute_vf026,8,1,26,0.208767,58.55113766,58.55119056,7.640650e-07,2.584895e-04,2.628340e-07,4.440790e-04,3.220796e-06,0,0.001000
ultradilute_vf026,8,1,27,0.208713,58.31195636,58.31201813,7.577906e-07,2.622269e-04,2.636074e-07,4.719753e-04,3.233013e-06,0,0.001000
ultradilute_vf026,8,1,28,0.208347,58.09929459,58.09930832,7.561838e-07,2.668667e-04,2.558472e-07,4.937949e-04,3.255398e-06,0,0.001000
ultradilute_vf026,8,1,29,0.207940,57.91623566,57.91622668,7.526096e-07,2.715210e-04,2.520732e-07,5.448904e-04,3.282337e-06,0,0.001000
ultradilute_vf026,8,1,30,0.207899,57.75763089,57.75763761,7.502239e-07,2.762279e-04,2.303120e-07,6.000687e-04,3.318802e-06,0,0.001000
ultradilute_vf026,8,1,31,0.207479,57.61914401,57.61915657,7.519163e-07,2.817644e-04,2.374189e-07,6.610264e-04,3.364802e-06,0,0.001000
ultradilute_vf026,8,1,32,0.207248,57.50156282,57.50158053,7.525093e-07,2.866795e-04,2.379666e-07,7.220032e-04,3.408058e-06,0,0.001000
ultradilute_vf026,8,1,33,0.207072,57.39862429,57.39863025,7.518180e-07,2.912169e-04,2.412434e-07,7.768958e-04,3.447382e-06,0,0.001000
ultradilute_vf026,8,1,34,0.206665,57.30985662,57.30984697,7.534990e-07,2.966309e-04,2.482713e-07,8.374977e-04,3.478779e-06,0,0.001000
ultradilute_vf026,8,1,35,0.206597,57.23133519,57.23132887,7.509928e-07,2.987432e-04,2.564222e-07,8.962533e-04,3.488542e-06,0,0.001000
ultradilute_vf026,8,1,36,0.206353,57.16077357,57.16076375,7.505225e-07,2.992184e-04,2.367320e-07,6.257286e-04,3.477174e-06,0,0.001000
ultradilute_vf026,8,1,37,0.206204,57.09748008,57.09749301,7.482571e-07,2.996823e-04,2.410596e-07,6.413498e-04,3.470723e-06,0,0.001000
ultradilute_vf026,8,1,38,0.206177,57.04010285,57.04008817,7.457735e-07,3.000862e-04,2.324411e-07,6.572363e-04,3.464623e-06,0,0.001000
ultradilute_vf026,8,1,39,0.205729,56.98840226,56.98839651,7.469611e-07,3.011839e-04,2.343992e-07,6.771284e-04,3.461579e-06,0,0.001000
ultradilute_vf026,8,1,40,0.205716,56.94335775,56.943344,7.454021e-07,3.019378e-04,2.345231e-07,6.962341e-04,3.463746e-06,0,0.001000
