iteration,compliance,occupancy_volume,printed_voxels,achieved_vf,offset_mm,dt_mm_per_unit_v,max_abs_v,lambda,cg_iterations,converged,used_multigrid,solve_ms,sensitivity_ms,band_cells,hilb_iterations,hilb_relres,reinit_rms,reinit_max,hj_steps,gamma,kappa_rms,perim_weight,interface_area_mm2,robust_worst,robust_ratio,nuc_frozen,diffusion_energy,diffusion_ratio,void_components,euler_chi,cavities,tunnels,mono_violations,mono_reverts,mono_repaired_voxels,new_components,split_delta,renuc_events,renuc_voxels,frac_cut_cells,frac_area_mm2,frac_build_ms,frac_sens_ms,iteration_wall_s
1,0.0222797019797,58590,58590,0.528294741398,-0.00322038249952,0.0483362901927,1.68018312427e-08,6.21170520619e-10,3823,1,0,34289.4653749,13.0414590836,6157,0,0,0.224517657838,0.98774261088,0,0.1,0,0,8716.80512708,1,1,0,0,0,8,2,0,6,0,0,0,0,0,0,0,0,0,0,0,34.5308389594
2,0.0216763256492,58590,58590,0.528294741398,0.00474595615402,0.0483362901927,1.47648885433e-08,5.56745341993e-10,3614,1,0,37882.7589579,13.3991670609,6261,0,0,0.226624688125,0.984005224874,0,0.1,0,0,9217.29903451,1,1,0,0,0,10,1,0,9,1,0,0,4,-2,0,0,0,0,0,0,38.0898712911
3,0.0211067977464,58590,58590,0.528294741398,0.00454559775812,0.0483362901927,1.26966381989e-08,4.9605413308e-10,3669,1,0,25785.8197498,12.7140421867,6330,0,0,0.228536515807,0.983039824458,0,0.1,0,0,9785.43356101,1,1,0,0,0,13,3,0,10,2,0,0,5,-2,0,0,0,0,0,0,25.9332305002
4,0.0204615575483,58590,58590,0.528294741398,-0.00407356362157,0.0483362901927,1.06487331848e-08,4.41327706091e-10,3724,1,0,30734.5422077,12.1302924156,6386,0,0,0.23158615319,0.981566653182,0,0.1,0,0,10295.4541046,1,1,0,0,0,18,4,0,14,3,0,0,5,0,0,0,0,0,0,0,30.9027314996
5,0.0198610967015,58590,58590,0.528294741398,-0.0037432388297,0.0483362901927,8.89439320923e-09,4.02573898571e-10,3711,1,0,26001.925458,12.4023342133,6576,0,0,0.187219040042,0.951349859584,0,0.1,0,0,10706.282161,1,1,0,0,0,22,9,0,13,4,0,0,7,-3,0,0,0,0,0,0,38.582960709
6,0.0192359463896,58590,58590,0.528294741398,-0.00633145262979,0.0483362901927,8.6555466046e-09,3.82078942533e-10,3569,1,0,25117.5557094,13.7414999008,6420,0,0,0.184106484723,0.951920960219,0,0.1,0,0,10624.604678,1,1,0,0,0,33,13,0,20,5,0,0,12,-1,0,0,0,0,0,0,25.2974829581
7,0.0186657021184,58591,58591,0.528303758205,-0.00687861988269,0.0483362901927,1.11874198401e-08,3.66459491229e-10,3560,1,0,30004.9810829,12.5668749809,6595,0,0,0.183207134616,0.978773011127,0,0.1,0,0,10832.4623304,1,1,0,0,0,32,6,0,26,6,0,0,7,-8,0,0,0,0,0,0,30.1445406252
8,0.0181408406982,58591,58591,0.528303758205,-0.0043298712674,0.0483362901927,1.11937616074e-08,3.50933329517e-10,3551,1,0,25121.9294591,13.4013748169,6782,0,0,0.187860577099,0.970569617136,0,0.1,0,0,10950.5992688,1,1,0,0,0,23,-5,0,28,7,0,0,3,-12,0,0,0,0,0,0,25.315128292
9,0.0176721347195,58591,58591,0.528303758205,-0.000863048497585,0.0483362901927,1.0026987116e-08,3.3640482882e-10,3544,1,0,24997.5446253,12.0901660919,6925,0,0,0.194387715538,0.962561262138,0,0.1,0,0,10996.3288335,1,1,0,0,0,20,0,0,20,8,0,0,3,-6,0,0,0,0,0,0,25.1483441251
10,0.0172123469898,58590,58590,0.528294741398,-0.00202271004947,0.0483362901927,8.34789328752e-09,3.19564016373e-10,3529,1,0,29750.8925834,13.3078336716,7025,0,0,0.15618097516,0.980787173626,0,0.1,0,0,11045.848365,1,1,0,0,0,16,-4,0,20,9,0,0,1,-5,0,0,0,0,0,0,42.1099477503
11,0.0167943088975,58591,58591,0.528303758205,-0.000412465597677,0.0483362901927,6.76440517157e-09,3.07980637723e-10,3526,1,0,24765.8129582,13.0137495995,6983,0,0,0.164472936492,0.997144872473,0,0.1,0,0,10899.6696073,1,1,0,0,0,13,0,0,13,9,0,0,0,-3,0,0,0,0,0,0,24.9741723342
12,0.0164614086171,58590,58590,0.528294741398,0.00672477965834,0.0483362901927,5.93082257471e-09,2.99026460129e-10,3528,1,0,29869.7850838,13.1617498398,7067,0,0,0.17235830133,0.99711333773,0,0.1,0,0,10965.4438659,1,1,0,0,0,9,-2,0,11,9,0,0,0,-4,0,0,0,0,0,0,30.0226146672
13,0.0160923081474,58591,58591,0.528303758205,0.00174793147182,0.0483362901927,6.62019992672e-09,2.9100532472e-10,3516,1,0,24716.049417,12.4592080116,7120,0,0,0.17755969448,0.994852199421,0,0.1,0,0,11059.7955298,1,1,0,0,0,7,-5,0,12,10,0,0,1,-3,0,0,0,0,0,0,24.8859075001
14,0.0157232655076,58591,58591,0.528303758205,0.000937199836978,0.0483362901927,7.8053924324e-09,2.84596575055e-10,3475,1,0,24173.9568748,11.5740423203,7208,0,0,0.182580249763,0.977375046226,0,0.1,0,0,11109.9169089,1,1,0,0,0,5,-5,0,10,10,0,0,0,-2,0,0,0,0,0,0,24.3116291659
15,0.0152923631713,58591,58591,0.528303758205,-0.00701820759531,0.0483362901927,7.63855061769e-09,2.7392495324e-10,3399,1,0,29044.636167,13.0942907333,7291,0,0,0.152340811666,0.956926840813,0,0.1,0,0,11220.4250137,1,1,0,0,0,6,-6,0,12,11,0,0,1,0,0,0,0,0,0,0,41.2672992498
16,0.0149207025387,58591,58591,0.528303758205,-0.0030920365183,0.0483362901927,6.60189566779e-09,2.65571317152e-10,3361,1,0,23602.001667,12.2152919769,7126,0,0,0.154492179323,0.945040015175,0,0.1,0,0,11160.1267569,1,1,0,0,0,5,-4,0,9,11,0,0,0,-1,0,0,0,0,0,0,23.7444988331
17,0.0145608954449,58591,58591,0.528303758205,-0.00291819378633,0.0483362901927,5.58470324617e-09,2.51408485859e-10,3417,1,0,24066.7845831,13.0673751831,7166,0,0,0.159405567553,0.944728662342,0,0.1,0,0,11270.9426901,1,1,0,0,0,4,-3,0,7,11,0,0,0,-1,0,0,0,0,0,0,24.2753989161
18,0.0142261290438,58590,58590,0.528294741398,-0.00203041688771,0.0483362901927,4.79088829403e-09,2.40217512678e-10,3426,1,0,26942.5735416,12.3278331757,7259,0,0,0.159137019818,0.945719598385,0,0.1,0,0,11333.9946324,1,1,0,0,0,5,-5,0,10,11,0,0,0,1,0,0,0,0,0,0,27.0845875
19,0.0139378418919,58590,58590,0.528294741398,0.0025290824713,0.0483362901927,4.21715422049e-09,2.33498836948e-10,3426,1,0,26132.8726659,13.1692919731,7341,0,0,0.166164983885,0.948647744468,0,0.1,0,0,11367.8568482,1,1,0,0,0,8,-5,0,13,12,0,0,1,2,0,0,0,0,0,0,26.3799251672
20,0.0136279725052,58591,58591,0.528303758205,-0.00120677289353,0.0483362901927,4.35566641229e-09,2.28324314274e-10,3422,1,0,24250.1300831,12.2399168015,7417,0,0,0.143579642548,0.938532366986,0,0.1,0,0,11428.1221999,1,1,0,0,0,8,-5,0,13,13,0,0,1,-1,0,0,0,0,0,0,36.3816038747
21,0.0133462707567,58590,58590,0.528294741398,0.00164746074797,0.0483362901927,5.54582717754e-09,2.26013288837e-10,3445,1,0,27007.7454581,12.8915419579,7287,0,0,0.147993636772,0.953602221807,0,0.1,0,0,11348.7571412,1,1,0,0,0,9,-4,0,13,14,0,0,1,0,0,0,0,0,0,0,27.21766725
22,0.0130439676614,58590,58590,0.528294741398,-0.00279582602603,0.0483362901927,5.61352100125e-09,2.19307903369e-10,3430,1,0,26474.3692503,13.3601250648,7375,0,0,0.149885999548,0.956262206115,0,0.1,0,0,11442.455492,1,1,0,0,0,9,-4,0,13,14,0,0,0,0,0,0,0,0,0,0,26.6725739171
23,0.012774206548,58590,58590,0.528294741398,0.000815157114664,0.0483362901927,5.15454910954e-09,2.13833298612e-10,3416,1,0,23991.7583752,12.7847499847,7419,0,0,0.153141095836,0.953415669347,0,0.1,0,0,11481.776858,1,1,0,0,0,9,-6,0,15,15,0,0,1,-1,0,0,0,0,0,0,24.1722874581
24,0.0125095890956,58590,58590,0.528294741398,0.000620324742148,0.0483362901927,4.53676608417e-09,2.06751459369e-10,3420,1,0,24056.1416674,13.1527500153,7505,0,0,0.158373341779,0.956146856052,0,0.1,0,0,11548.5362853,1,1,0,0,0,9,-5,0,14,16,0,0,1,-1,0,0,0,0,0,0,24.2251673327
25,0.0122318812773,58590,58590,0.528294741398,-0.00265657683046,0.0483362901927,3.85668460662e-09,1.97739741391e-10,3418,1,0,28853.0878749,12.8834590912,7546,0,0,0.134688742933,0.949191600632,0,0.1,0,0,11625.90467,1,1,0,0,0,10,-5,0,15,16,0,0,0,1,0,0,0,0,0,0,40.91157775
26,0.0119857638761,58591,58591,0.528303758205,-0.000115023477987,0.0483362901927,3.58929238122e-09,1.91861683637e-10,3441,1,0,24310.891458,12.1710000038,7439,0,0,0.1399773955,0.959300091289,0,0.1,0,0,11531.7547981,1,1,0,0,0,10,-6,0,16,16,0,0,0,0,0,0,0,0,0,0,24.4489219161
27,0.0117466529575,58590,58590,0.528294741398,-0.000506322101275,0.0483362901927,3.24863048927e-09,1.8640303751e-10,3425,1,0,24384.3929172,13.0374999046,7494,0,0,0.145741648624,0.955825585364,0,0.1,0,0,11626.2743258,1,1,0,0,0,13,-5,0,18,17,0,0,1,2,0,0,0,0,0,0,24.5980836661
28,0.011521875185,58590,58590,0.528294741398,0.0011353040964,0.0483362901927,3.44027203679e-09,1.83579184543e-10,3412,1,0,23735.9041252,12.1447076797,7542,0,0,0.151275625836,0.936107754637,0,0.1,0,0,11669.1324486,1,1,0,0,0,11,-6,0,17,17,0,0,0,-2,0,0,0,0,0,0,23.8756074999
29,0.011307353486,58590,58590,0.528294741398,0.00244913303901,0.0483362901927,3.95884008113e-09,1.80040832438e-10,3406,1,0,28992.513,13.1040420532,7637,0,0,0.157966703811,0.944039938538,0,0.1,0,0,11736.5752776,1,1,0,0,0,14,-4,0,18,18,0,0,1,2,0,0,0,0,0,0,29.1943884999
30,0.0110671909029,58591,58591,0.528303758205,-0.00223093708863,0.0483362901927,3.88818927587e-09,1.75415445986e-10,3391,1,0,23800.4846668,12.0375833511,7718,0,0,0.135430097824,0.951324365707,0,0.1,0,0,11829.5484626,1,1,0,0,0,15,-5,0,20,19,0,0,1,0,0,0,0,0,0,0,36.0697110412
31,0.0108554456252,58591,58591,0.528303758205,0.000558886626832,0.0483362901927,3.37784881858e-09,1.7146933246e-10,3355,1,0,23855.7670841,13.6966657639,7600,0,0,0.14077697143,0.936779265706,0,0.1,0,0,11712.6777533,1,1,0,0,0,9,-4,0,13,19,0,0,0,-6,0,0,0,0,0,0,24.070335459
32,0.0106526016145,58590,58590,0.528294741398,0.000897627578132,0.0483362901927,2.96366711887e-09,1.6573774746e-10,3321,1,0,23141.2475839,13.0342502594,7652,0,0,0.145918785708,0.934940552534,0,0.1,0,0,11823.9455042,1,1,0,0,0,8,-3,0,11,19,0,0,0,-1,0,0,0,0,0,0,23.3016259582
33,0.0104388401581,58590,58590,0.528294741398,-0.00219671575557,0.0483362901927,2.60326426753e-09,1.60365275689e-10,3353,1,0,28500.6027088,12.6160831451,7699,0,0,0.151004154307,0.927698431476,0,0.1,0,0,11872.0159583,1,1,0,0,0,9,-1,0,10,20,0,0,1,0,0,0,0,0,0,0,28.6550762919
34,0.0102191040167,58591,58591,0.528303758205,-0.00413196614288,0.0483362901927,2.27820018561e-09,1.55977817802e-10,3314,1,0,23687.0684581,12.111582756,7776,0,0,0.15623558551,0.942155411568,0,0.1,0,0,11957.3634774,1,1,0,0,0,7,-5,0,12,20,0,0,0,-2,0,0,0,0,0,0,23.8505354999
35,0.0100341745704,58591,58591,0.528303758205,0.00176544765134,0.0483362901927,2.21908732507e-09,1.53878723611e-10,3321,1,0,23369.922667,13.0543751717,7831,0,0,0.136302216154,0.953463268454,0,0.1,0,0,11970.288022,1,1,0,0,0,8,-3,0,11,21,0,0,1,0,0,0,0,0,0,0,35.7737224577
36,0.00983991153676,58591,58591,0.528303758205,-0.00113456377992,0.0483362901927,2.76288472391e-09,1.50920169296e-10,3309,1,0,23307.2736669,12.9011249542,7751,0,0,0.140435129565,0.953309519986,0,0.1,0,0,11904.51239,1,1,0,0,0,10,-3,0,13,22,0,0,1,1,0,0,0,0,0,0,23.4754822091
37,0.00966175131314,58591,58591,0.528303758205,0.000793082290856,0.0483362901927,2.89452803701e-09,1.4804546671e-10,3328,1,0,28303.365375,12.1349167824,7806,0,0,0.144904017747,0.952523146345,0,0.1,0,0,11988.3676526,1,1,0,0,0,9,-3,0,12,23,0,0,1,-2,0,0,0,0,0,0,28.4470605412
38,0.00948069169091,58591,58591,0.528303758205,-0.000198658501261,0.0483362901927,2.69668706649e-09,1.45339089955e-10,3327,1,0,23458.243125,13.2542500496,7826,0,0,0.151071681782,0.974824948077,0,0.1,0,0,12010.987832,1,1,0,0,0,9,-3,0,12,23,0,0,0,0,0,0,0,0,0,0,23.6329700421
39,0.00929226344577,58591,58591,0.528303758205,-0.00219434647054,0.0483362901927,2.38273213246e-09,1.41472248323e-10,3326,1,0,23290.3659592,12.0616660118,7878,0,0,0.155961211419,0.950403777558,0,0.1,0,0,12090.5940868,1,1,0,0,0,10,-1,0,11,24,0,0,1,0,0,0,0,0,0,0,23.4320030832
40,0.0091182524626,58591,58591,0.528303758205,-2.2836460007e-05,0.0483362901927,2.10287480374e-09,1.37970979158e-10,3318,1,0,23129.0591249,12.2083749771,7897,0,0,0.136331295411,0.966055464507,0,0.1,0,0,12094.5226987,1,1,0,0,0,8,1,0,7,24,0,0,0,-2,0,0,0,0,0,0,35.4214689168
41,0.00894382103173,58590,58590,0.528294741398,-0.00281296886874,0.0483362901927,2.10955033926e-09,1.3361422397e-10,3320,1,0,23231.0974998,13.3393330574,7840,0,0,0.141399374854,0.944119017825,0,0.1,0,0,12013.7689665,1,1,0,0,0,6,0,0,6,24,0,0,0,-2,0,0,0,0,0,0,23.4443972502
42,0.00878349827527,58591,58591,0.528303758205,-0.000531026671359,0.0483362901927,2.06275660221e-09,1.30965429069e-10,3315,1,0,23374.6794586,12.6192502975,7858,0,0,0.145987722887,0.951251737439,0,0.1,0,0,12079.4360334,1,1,0,0,0,5,-1,0,6,24,0,0,0,-1,0,0,0,0,0,0,23.5187216252
43,0.00863990361584,58591,58591,0.528303758205,0.00272212876106,0.0483362901927,1.92614580916e-09,1.28890334863e-10,3316,1,0,23411.3878751,15.274916172,7920,0,0,0.152515129221,0.943003915181,0,0.1,0,0,12132.0415233,1,1,0,0,0,5,-1,0,6,24,0,0,0,0,0,0,0,0,0,0,23.6570609589
44,0.0084878913387,58590,58590,0.528294741398,0.000473760258179,0.0483362901927,2.22677795556e-09,1.26909485742e-10,3311,1,0,28498.1867499,12.7362499237,7967,0,0,0.158448385667,0.939468387983,0,0.1,0,0,12195.140833,1,1,0,0,0,5,0,0,5,24,0,0,0,0,0,0,0,0,0,0,28.6559036253
45,0.00833184587717,58591,58591,0.528303758205,-0.000755409447076,0.0483362901927,2.22572002329e-09,1.24345507222e-10,3312,1,0,23135.9628344,12.1339159012,7994,0,0,0.141242358727,0.960819331284,0,0.1,0,0,12237.8223282,1,1,0,0,0,5,3,0,2,25,0,0,1,-1,0,0,0,0,0,0,35.6578757917
46,0.00818604093016,58591,58591,0.528303758205,-0.000495430937237,0.0483362901927,2.06509684229e-09,1.21581545989e-10,3291,1,0,23510.4346251,13.826125145,7957,0,0,0.14590744647,0.965090112434,0,0.1,0,0,12144.819235,1,1,0,0,0,5,2,0,3,25,0,0,0,0,0,0,0,0,0,0,23.7348344163
47,0.00804448523799,58590,58590,0.528294741398,-0.000344824482282,0.0483362901927,2.09157534352e-09,1.18678642792e-10,3291,1,0,23244.8434582,12.0746669769,7936,0,0,0.151656270344,0.973961074393,0,0.1,0,0,12229.4696788,1,1,0,0,0,7,1,0,6,26,0,0,3,-1,0,0,0,0,0,0,23.3868156248
48,0.00790452497252,58590,58590,0.528294741398,-0.000546716942174,0.0483362901927,2.04772919977e-09,1.16116700871e-10,3282,1,0,28024.9346671,13.0676655769,8008,0,0,0.157919008761,0.974391447996,0,0.1,0,0,12258.9986044,1,1,0,0,0,12,3,0,9,27,0,0,1,4,0,0,0,0,0,0,28.2357547916
49,0.00775810171482,58591,58591,0.528303758205,-0.00244228355069,0.0483362901927,1.86038491998e-09,1.13459174702e-10,3271,1,0,23010.1982503,12.1215000153,8056,0,0,0.163597278329,0.979515532384,0,0.1,0,0,12370.4493031,1,1,0,0,0,8,-1,0,9,27,0,0,0,-4,0,0,0,0,0,0,23.1498565003
50,0.00762906643544,58591,58591,0.528303758205,0.00135163007689,0.0483362901927,1.88765150995e-09,1.12117824815e-10,3251,1,0,22913.862875,13.2582502365,8160,0,0,0.14815271692,0.981181885714,0,0.1,0,0,12372.6138699,1,1,0,0,0,11,-2,0,13,27,0,0,0,3,0,0,0,0,0,0,35.4356380412
51,0.00751227383258,58591,58591,0.528303758205,0.00183412818207,0.0483362901927,2.19951698231e-09,1.09400224268e-10,3256,1,0,22811.8131251,12.1149168015,8080,0,0,0.155120181791,0.942416960813,0,0.1,0,0,12368.318119,1,1,0,0,0,7,-4,0,11,27,0,0,0,-4,0,0,0,0,0,0,22.9522131672
52,0.00739506373009,58590,58590,0.528294741398,0.0016122280225,0.0483362901927,1.95226367494e-09,1.07895478611e-10,3250,1,0,27690.7494998,13.2965841293,8076,0,0,0.157567003722,0.969865898233,0,0.1,0,0,12421.2245176,1,1,0,0,0,9,-5,0,14,28,0,0,1,1,0,0,0,0,0,0,27.9289272083
53,0.00727775540463,58590,58590,0.528294741398,0.0014446821015,0.0483362901927,1.93841099188e-09,1.05820794619e-10,3256,1,0,22918.111084,12.4350409508,8148,0,0,0.163910588957,0.9459984353,0,0.1,0,0,12502.3260168,1,1,0,0,0,7,-3,0,10,28,0,0,0,-2,0,0,0,0,0,0,23.0648079999
54,0.00715433091033,58590,58590,0.528294741398,-0.000868090675022,0.0483362901927,1.90102260134e-09,1.03802966117e-10,3221,1,0,22634.3113751,12.1168341637,8201,0,0,0.166831839933,0.950343793443,0,0.1,0,0,12549.7350643,1,1,0,0,0,6,-1,0,7,28,0,0,0,-1,0,0,0,0,0,0,22.78795875
55,0.00702991430121,58591,58591,0.528303758205,-0.0016831971389,0.0483362901927,1.86110887837e-09,1.01298807648e-10,3222,1,0,22772.532959,12.6510410309,8272,0,0,0.1518183982,0.970282022098,0,0.1,0,0,12603.7197798,1,1,0,0,0,7,1,0,6,28,0,0,0,1,0,0,0,0,0,0,35.204501458
56,0.00691896470046,58590,58590,0.528294741398,-0.000112362507665,0.0483362901927,1.86568427129e-09,9.92838112272e-11,3213,1,0,22762.5754166,12.3638753891,8227,0,0,0.155091363958,0.972688881431,0,0.1,0,0,12550.2454513,1,1,0,0,0,4,1,0,3,29,0,0,1,-4,0,0,0,0,0,0,22.90386775
57,0.00681623422471,58590,58590,0.528294741398,0.00137208570227,0.0483362901927,1.99441204448e-09,9.75797008727e-11,3213,1,0,27390.8666248,13.7525830269,8273,0,0,0.15896836794,0.971317329175,0,0.1,0,0,12664.2247082,1,1,0,0,0,3,-3,0,6,29,0,0,0,-1,0,0,0,0,0,0,27.6106137917
58,0.00670958452111,58591,58591,0.528303758205,-0.000433735508684,0.0483362901927,1.82450444938e-09,9.64895036809e-11,3206,1,0,22554.92975,11.8039999008,8323,0,0,0.162649696305,0.968388070427,0,0.1,0,0,12664.3224522,1,1,0,0,0,8,-1,0,9,30,0,0,3,2,0,0,0,0,0,0,22.696149834
59,0.00659362898159,58590,58590,0.528294741398,-0.00353979909013,0.0483362901927,1.85362787276e-09,9.39100302183e-11,3181,1,0,22029.0265422,12.611541748,8418,0,0,0.165688410107,0.962873995609,0,0.1,0,0,12786.1480461,1,1,0,0,0,6,-2,0,8,30,0,0,0,-2,0,0,0,0,0,0,22.1738655409
60,0.00650112808151,58590,58590,0.528294741398,0.00205923040329,0.0483362901927,1.76046955225e-09,9.26939032718e-11,3172,1,0,26919.7693329,12.5350422859,8442,0,0,0.150926434285,0.988936891177,0,0.1,0,0,12752.8379549,1,1,0,0,0,7,0,0,7,30,0,0,0,1,0,0,0,0,0,0,39.277492167
61,0.00642101849147,58590,58590,0.528294741398,0.00210602716129,0.0483362901927,1.79019888096e-09,9.04488043211e-11,3165,1,0,22073.5331669,12.0005831718,8406,0,0,0.155024885737,0.986981090166,0,0.1,0,0,12780.282187,1,1,0,0,0,5,-2,0,7,30,0,0,0,-2,0,0,0,0,0,0,22.2808599998
62,0.00632116454153,58590,58590,0.528294741398,-0.00267856177475,0.0483362901927,1.80499489938e-09,8.86550629382e-11,3155,1,0,22252.146708,13.2723751068,8431,0,0,0.159257333742,0.955284459875,0,0.1,0,0,12874.9116775,1,1,0,0,0,9,-1,0,10,31,0,0,2,2,0,0,0,0,0,0,22.4313064576
63,0.00622331223312,58591,58591,0.528303758205,-0.00273735381502,0.0483362901927,1.78596996221e-09,8.70966418709e-11,3145,1,0,22312.3586249,12.0395841599,8529,0,0,0.163777888162,0.943252863862,0,0.1,0,0,12915.7111869,1,1,0,0,0,5,-3,0,8,31,0,0,0,-4,0,0,0,0,0,0,22.4879105003
64,0.00613346155775,58590,58590,0.528294741398,-0.00124357876682,0.0483362901927,1.76106354207e-09,8.61548207145e-11,3142,1,0,27001.062583,13.2398748398,8526,0,0,0.167652974436,0.934498802806,0,0.1,0,0,12977.3970185,1,1,0,0,0,8,-4,0,12,32,0,0,1,2,0,0,0,0,0,0,27.1779095409
65,0.00604609046144,58591,58591,0.528303758205,-0.000512866200067,0.0483362901927,1.74480005309e-09,8.51249449931e-11,3137,1,0,22089.8508329,12.319750309,8635,0,0,0.148986608356,0.933772245304,0,0.1,0,0,12995.1028652,1,1,0,0,0,9,-3,0,12,33,0,0,1,0,0,0,0,0,0,0,34.4845356671
66,0.00598148620515,58591,58591,0.528303758205,0.00160430313538,0.0483362901927,1.81902165582e-09,8.44369975997e-11,3138,1,0,22184.2328753,12.8037500381,8462,0,0,0.154638626864,0.946791893426,0,0.1,0,0,12921.7530586,1,1,0,0,0,5,-2,0,7,34,0,0,1,-5,0,0,0,0,0,0,22.3510920419
67,0.00589545227684,58591,58591,0.528303758205,-0.00207438719389,0.0483362901927,1.82957787444e-09,8.2404044725e-11,3133,1,0,22086.4639587,12.0582079887,8568,0,0,0.156446979527,0.976030470924,0,0.1,0,0,13050.3745628,1,1,0,0,0,6,-4,0,10,35,0,0,1,0,0,0,0,0,0,0,22.2462376668
68,0.00582480327045,58590,58590,0.528294741398,0.00184933796391,0.0483362901927,1.60816094473e-09,8.12236242336e-11,3131,1,0,22383.1567502,13.2542910576,8542,0,0,0.162916454633,0.965485147558,0,0.1,0,0,13044.1517033,1,1,0,0,0,5,-5,0,10,35,0,0,0,-1,0,0,0,0,0,0,22.5685067079
69,0.00574507491082,58591,58591,0.528303758205,-0.0017417032173,0.0483362901927,1.61793864789e-09,7.9286838761e-11,3123,1,0,25738.7226253,13.4934997559,8626,0,0,0.164118857424,0.98401582123,0,0.1,0,0,13125.6311613,1,1,0,0,0,6,-5,0,11,36,0,0,1,0,0,0,0,0,0,0,25.9586950839
70,0.00567344973964,58590,58590,0.528294741398,-0.000225460862363,0.0483362901927,1.67823593389e-09,7.82293558394e-11,3121,1,0,23152.2063332,12.1007919312,8636,0,0,0.145870330496,0.975562084652,0,0.1,0,0,13109.1475449,1,1,0,0,0,4,-5,0,9,36,0,0,0,-2,0,0,0,0,0,0,35.3750052503
71,0.00560923648517,58590,58590,0.528294741398,-0.00104249796266,0.0483362901927,1.65458445614e-09,7.7074564386e-11,3117,1,0,22118.787416,22.4492921829,8486,0,0,0.149938537377,0.972240400365,0,0.1,0,0,13072.7456751,1,1,0,0,0,7,-6,0,13,37,0,0,2,1,0,0,0,0,0,0,22.369409041
72,0.00552817230622,58591,58591,0.528303758205,-0.00490063984626,0.0483362901927,1.45300938782e-09,7.57768962916e-11,3112,1,0,22056.4338751,12.1449580193,8525,0,0,0.152570503423,0.976795372102,0,0.1,0,0,13168.8968585,1,1,0,0,0,5,-5,0,10,38,0,0,1,-3,0,0,0,0,0,0,22.1999074584
73,0.00546624698426,58590,58590,0.528294741398,0.00137774337441,0.0483362901927,1.56976688856e-09,7.52017450598e-11,3110,1,0,21597.6320844,12.6555829048,8581,0,0,0.157264229091,0.954478613323,0,0.1,0,0,13146.0098101,1,1,0,0,0,5,-6,0,11,38,0,0,0,0,0,0,0,0,0,0,21.7412957083
74,0.00539141801951,58590,58590,0.528294741398,-0.00377093655016,0.0483362901927,1.45230857738e-09,7.37443853415e-11,3106,1,0,21933.0296669,12.6260409355,8617,0,0,0.159756051033,0.974032646265,0,0.1,0,0,13251.7140063,1,1,0,0,0,6,-7,0,13,39,0,0,1,0,0,0,0,0,0,0,22.1342622912
75,0.00533813862276,58590,58590,0.528294741398,0.00361217355299,0.0483362901927,1.25922041222e-09,7.29731647904e-11,3103,1,0,26657.0135417,12.55433321,8684,0,0,0.142363889044,0.968714851114,0,0.1,0,0,13210.4412899,1,1,0,0,0,4,-6,0,10,39,0,0,0,-2,0,0,0,0,0,0,38.9202053752
76,0.00528251663952,58590,58590,0.528294741398,-0.00130262077136,0.0483362901927,1.34784946845e-09,7.19319839509e-11,3096,1,0,21720.4679589,12.7877497673,8558,0,0,0.146538330989,0.958807386709,0,0.1,0,0,13204.7376859,1,1,0,0,0,6,-2,0,8,40,0,0,1,1,0,0,0,0,0,0,21.9229102922
77,0.00522101699418,58590,58590,0.528294741398,-0.00109882468236,0.0483362901927,1.35204101257e-09,6.98713760776e-11,3078,1,0,21980.9221663,13.2890000343,8653,0,0,0.148708829727,0.934083650142,0,0.1,0,0,13303.1542118,1,1,0,0,0,8,-5,0,13,41,0,0,1,1,0,0,0,0,0,0,22.1273496659
78,0.00516057305931,58591,58591,0.528303758205,-0.00219490579485,0.0483362901927,1.35117418104e-09,6.87210775337e-11,3073,1,0,21486.8433342,12.6844158173,8655,0,0,0.153389442737,0.926121122188,0,0.1,0,0,13307.8890288,1,1,0,0,0,4,-4,0,8,41,0,0,0,-4,0,0,0,0,0,0,21.6502087917
79,0.00510546199957,58591,58591,0.528303758205,-0.000376456168115,0.0483362901927,1.15816409939e-09,6.76513129094e-11,3070,1,0,21951.002625,18.619333744,8771,0,0,0.157081981138,0.958158481302,0,0.1,0,0,13367.7661291,1,1,0,0,0,5,-7,0,12,42,0,0,1,0,0,0,0,0,0,0,22.1096872082
80,0.00505647540259,58590,58590,0.528294741398,0.00105815943708,0.0483362901927,1.11674237971e-09,6.72260914583e-11,3067,1,0,25672.0812917,12.6735830307,8814,0,0,0.140528028531,0.938518788139,0,0.1,0,0,13354.5224455,1,1,0,0,0,3,-7,0,10,42,0,0,0,-2,0,0,0,0,0,0,38.2971435408
81,0.00501376057941,58591,58591,0.528303758205,0.000758654960818,0.0483362901927,1.18460867619e-09,6.68048119537e-11,3064,1,0,21371.4124579,11.6650838852,8722,0,0,0.145589066376,0.938518788139,0,0.1,0,0,13309.3342208,1,1,0,0,0,5,-3,0,8,43,0,0,2,0,0,0,0,0,0,0,21.5758832907
82,0.00496171845321,58591,58591,0.528303758205,-0.00065912545311,0.0483362901927,1.13271124607e-09,6.53544870281e-11,3056,1,0,21671.7164578,13.0967497826,8733,0,0,0.149009028359,0.951756112819,0,0.1,0,0,13412.3129437,1,1,0,0,0,5,-3,0,8,44,0,0,1,-1,0,0,0,0,0,0,21.8312886674
83,0.00491088366394,58590,58590,0.528294741398,-0.00137588098753,0.0483362901927,1.00362482797e-09,6.41361977351e-11,3052,1,0,21836.026834,12.2835001945,8778,0,0,0.153843845781,0.946714168212,0,0.1,0,0,13411.4477546,1,1,0,0,0,6,-6,0,12,45,0,0,1,0,0,0,0,0,0,0,22.0139925838
84,0.00485821399176,58591,58591,0.528303758205,-0.00271074683304,0.0483362901927,9.31913258299e-10,6.24911690031e-11,3037,1,0,26314.3673339,13.4834580421,8857,0,0,0.158136671238,0.960711792925,0,0.1,0,0,13511.4498573,1,1,0,0,0,5,-7,0,12,46,0,0,1,-2,0,0,0,0,0,0,26.4937251657
85,0.00481226185032,58590,58590,0.528294741398,-0.00115449812617,0.0483362901927,9.06365663555e-10,6.14735250675e-11,3033,1,0,21319.5444999,12.1587920189,8888,0,0,0.140000462544,0.957945695325,0,0.1,0,0,13477.2001921,1,1,0,0,0,7,-3,0,10,46,0,0,0,2,0,0,0,0,0,0,33.956865625
86,0.00477848851824,58590,58590,0.528294741398,-0.000138460544879,0.0483362901927,9.07050029623e-10,6.10416782343e-11,3035,1,0,21313.7607088,13.5005412102,8731,0,0,0.144456787327,0.957945695325,0,0.1,0,0,13396.2898004,1,1,0,0,0,5,0,0,5,47,0,0,1,-3,0,0,0,0,0,0,21.4851341657
87,0.00474277879313,58591,58591,0.528303758205,0.00252238483992,0.0483362901927,9.13099485466e-10,6.02239888815e-11,3025,1,0,21323.1960001,12.1350831985,8756,0,0,0.14603453711,0.957945695325,0,0.1,0,0,13456.5878075,1,1,0,0,0,7,1,0,6,48,0,0,1,1,0,0,0,0,0,0,21.499571125
88,0.00469905709205,58591,58591,0.528303758205,-0.00182719759472,0.0483362901927,8.33635102933e-10,5.95041597684e-11,3019,1,0,21433.145041,13.2422919273,8769,0,0,0.151863684304,0.957945695325,0,0.1,0,0,13459.4311866,1,1,0,0,0,5,-1,0,6,48,0,0,0,-2,0,0,0,0,0,0,21.5929807918
89,0.00465974377494,58591,58591,0.528303758205,-0.000267611915804,0.0483362901927,6.96315869235e-10,5.87734258225e-11,3000,1,0,26164.2550001,12.1082501411,8872,0,0,0.155001512338,0.957945695325,0,0.1,0,0,13507.030735,1,1,0,0,0,10,1,0,9,49,0,0,2,3,0,0,0,0,0,0,26.3384171249
90,0.0046166346955,58590,58590,0.528294741398,-0.00255791197048,0.0483362901927,7.32944687126e-10,5.79671122825e-11,2997,1,0,21830.5285001,13.4227499962,8899,0,0,0.137100617868,0.968329567562,0,0.1,0,0,13483.1211716,1,1,0,0,0,6,0,0,6,50,0,0,1,-5,0,0,0,0,0,0,34.088541958
91,0.0045839930164,58590,58590,0.528294741398,-0.00128417490159,0.0483362901927,7.43850750033e-10,5.73777370522e-11,3000,1,0,21452.195292,13.7044582367,8704,0,0,0.14042975854,0.968329567562,0,0.1,0,0,13375.9773851,1,1,0,0,0,8,0,0,8,51,0,0,2,0,0,0,0,0,0,0,21.668388084
92,0.00455234931387,58590,58590,0.528294741398,0.00146443786265,0.0483362901927,6.53691221756e-10,5.65047108741e-11,2995,1,0,21152.6921248,12.6083331108,8777,0,0,0.143163018786,0.968329567562,0,0.1,0,0,13448.1324643,1,1,0,0,0,7,1,0,6,52,0,0,2,-3,0,0,0,0,0,0,21.312336917
93,0.00452053798337,58591,58591,0.528303758205,0.000622374239326,0.0483362901927,6.36356590103e-10,5.56817001226e-11,2983,1,0,21115.7134161,13.695291996,8808,0,0,0.148368120769,0.968329567562,0,0.1,0,0,13464.4233706,1,1,0,0,0,7,1,0,6,52,0,0,0,0,0,0,0,0,0,0,21.2674918748
94,0.00448253421325,58591,58591,0.528303758205,-0.00296444447537,0.0483362901927,5.97788631868e-10,5.47860381781e-11,2978,1,0,25695.4603333,12.0507497787,8932,0,0,0.151632458444,0.968329567562,0,0.1,0,0,13516.2906865,1,1,0,0,0,7,1,0,6,53,0,0,2,-2,0,0,0,0,0,0,25.858525625
95,0.00445606832824,58590,58590,0.528294741398,0.0020672848236,0.0483362901927,6.18451448994e-10,5.44327430326e-11,2974,1,0,20982.6908751,13.0496659279,8976,0,0,0.133769316816,0.976067941268,0,0.1,0,0,13503.712179,1,1,0,0,0,7,-2,0,9,53,0,0,0,0,0,0,0,0,0,0,33.210510666
96,0.00443050498194,58590,58590,0.528294741398,-0.00162713419271,0.0483362901927,6.07447325477e-10,5.4319179356e-11,2976,1,0,21024.8887501,12.1384577751,8778,0,0,0.136653058411,0.976067941268,0,0.1,0,0,13383.7529638,1,1,0,0,0,9,2,0,7,54,0,0,2,0,0,0,0,0,0,0,21.1977647501
97,0.00439952962808,58590,58590,0.528294741398,-0.000692677855026,0.0483362901927,4.87515610876e-10,5.34251951751e-11,2969,1,0,20884.1183343,12.1920828819,8819,0,0,0.13945909513,0.976067941268,0,0.1,0,0,13490.0725129,1,1,0,0,0,11,5,0,6,55,0,0,2,0,0,0,0,0,0,0,21.0258333329
98,0.00436605915703,58590,58590,0.528294741398,-0.00273486797854,0.0483362901927,5.13901103947e-10,5.252650884e-11,2963,1,0,20714.0237923,12.9832077026,8905,0,0,0.144049163833,0.976067941268,0,0.1,0,0,13552.9411302,1,1,0,0,0,5,-1,0,6,55,0,0,0,-6,0,0,0,0,0,0,20.9088562918
99,0.00433939318494,58590,58590,0.528294741398,0.000212721712966,0.0483362901927,4.94871931754e-10,5.18816491748e-11,2958,1,0,22482.1932497,13.2071251869,8977,0,0,0.148057059128,0.976067941268,0,0.1,0,0,13611.4209792,1,1,0,0,0,8,3,0,5,56,0,0,3,0,0,0,0,0,0,0,22.7237231671
100,0.00431424376871,58591,58591,0.528303758205,0.000273930774592,0.0483362901927,4.87358576018e-10,5.12682600824e-11,2954,1,0,23929.7617078,12.6602921486,9044,0,0,0.131807446855,0.987647221856,0,0.1,0,0,13661.422883,1,1,0,0,0,5,-3,0,8,56,0,0,0,-3,0,0,0,0,0,0,36.1726206252
101,0.00429766852166,58591,58591,0.528303758205,0.000476711499564,0.0483362901927,4.87485999225e-10,5.10310001247e-11,2981,1,0,21084.3909168,12.8987083435,8858,0,0,0.135194436864,0.987647221856,0,0.1,0,0,13561.319894,1,1,0,0,0,3,-1,0,4,56,0,0,0,-2,0,0,0,0,0,0,21.2668336672
102,0.0042705521094,58590,58590,0.528294741398,-0.00149266330475,0.0483362901927,4.03010513894e-10,5.02452792775e-11,2968,1,0,21193.6939158,12.1580843925,8877,0,0,0.137795890048,0.987647221856,0,0.1,0,0,13673.3720598,1,1,0,0,0,9,2,0,7,57,0,0,5,1,0,0,0,0,0,0,21.337919083
103,0.00425280475116,58591,58591,0.528303758205,0.00293573097237,0.0483362901927,4.13212125677e-10,4.99295245342e-11,2955,1,0,25981.0865827,13.1448750496,9004,0,0,0.143819724434,0.987647221856,0,0.1,0,0,13695.9254433,1,1,0,0,0,4,-4,0,8,57,0,0,0,-5,0,0,0,0,0,0,26.1987830419
104,0.0042227542679,58591,58591,0.528303758205,-0.00382827886221,0.0483362901927,3.95849567382e-10,4.89376633972e-11,2944,1,0,20710.567584,12.1060829163,9082,0,0,0.148215284675,0.987647221856,0,0.1,0,0,13839.7782121,1,1,0,0,0,8,1,0,7,58,0,0,4,0,0,0,0,0,0,0,20.8558392082
105,0.00420319186721,58590,58590,0.528294741398,0.00124202813002,0.0483362901927,3.66027178487e-10,4.85773182075e-11,2936,1,0,20496.4067502,12.8748745918,9198,0,0,0.131538037281,0.988886544551,0,0.1,0,0,13851.7713825,1,1,0,0,0,3,-5,0,8,58,0,0,0,-5,0,0,0,0,0,0,32.779741833
106,0.0041831214776,58590,58590,0.528294741398,-0.0027856679674,0.0483362901927,3.82887366945e-10,4.80414267991e-11,2987,1,0,21084.7727919,12.1300420761,8959,0,0,0.134639558735,0.988886544551,0,0.1,0,0,13866.5334582,1,1,0,0,0,5,-5,0,10,58,0,0,0,2,0,0,0,0,0,0,21.2278402499
107,0.00415769262559,58590,58590,0.528294741398,-0.00239219306856,0.0483362901927,3.34175031273e-10,4.72239593275e-11,2965,1,0,20752.0741248,12.5497083664,9046,0,0,0.137615817352,0.988886544551,0,0.1,0,0,13958.5310129,1,1,0,0,0,5,-2,0,7,59,0,0,3,-3,0,0,0,0,0,0,20.9146943339
108,0.00413873607686,58591,58591,0.528303758205,0.000566760901753,0.0483362901927,3.16110024325e-10,4.68545025126e-11,2945,1,0,20626.06425,12.380666256,9147,0,0,0.14167745163,0.988886544551,0,0.1,0,0,14027.1756871,1,1,0,0,0,5,-4,0,9,60,0,0,1,-1,0,0,0,0,0,0,20.7788106254
109,0.00411527173093,58591,58591,0.528303758205,-0.00204715137115,0.0483362901927,3.18212316726e-10,4.61141017159e-11,2909,1,0,25656.8262091,12.1707501411,9242,0,0,0.146884284425,0.988886544551,0,0.1,0,0,14133.430013,1,1,0,0,0,5,-3,0,8,61,0,0,3,-3,0,0,0,0,0,0,25.8151514162
110,0.00410546516398,58590,58590,0.528294741398,0.00492879218253,0.0483362901927,2.88387288304e-10,4.61105727088e-11,2900,1,0,20697.1941667,12.8684163094,9369,0,0,0.130193634522,0.952868363522,0,0.1,0,0,14160.542494,1,1,0,0,0,6,-3,0,9,62,0,0,2,-1,0,0,0,0,0,0,32.7149087917
111,0.00408957950966,58590,58590,0.528294741398,-0.00100933274731,0.0483362901927,2.7070216606e-10,4.56023776816e-11,2857,1,0,20138.0342922,12.1351246834,9199,0,0,0.133295808724,0.952868363522,0,0.1,0,0,14159.3388029,1,1,0,0,0,4,-5,0,9,62,0,0,0,-2,0,0,0,0,0,0,20.2817670838
112,0.0040725477575,58590,58590,0.528294741398,0.00073740774575,0.0483362901927,2.89506485419e-10,4.51238387095e-11,2842,1,0,20034.6604161,12.4297919273,9273,0,0,0.137221983992,0.952868363522,0,0.1,0,0,14244.1983008,1,1,0,0,0,5,-3,0,8,63,0,0,2,-1,0,0,0,0,0,0,20.1877768342
113,0.0040572538176,58590,58590,0.528294741398,0.00124137397632,0.0483362901927,2.71047873996e-10,4.4630979826e-11,2840,1,0,20045.7038331,12.2179169655,9434,0,0,0.142461123141,0.952868363522,0,0.1,0,0,14313.6629935,1,1,0,0,0,5,-6,0,11,64,0,0,2,-2,0,0,0,0,0,0,20.189461167
114,0.00404594352226,58591,58591,0.528303758205,0.00323278950115,0.0483362901927,2.33227364826e-10,4.43614129868e-11,2841,1,0,20210.8452082,12.8200416565,9483,0,0,0.147515290473,0.952868363522,0,0.1,0,0,14394.7683774,1,1,0,0,0,7,-8,0,15,65,0,0,3,-1,0,0,0,0,0,0,20.3730453341
115,0.00402399205074,58591,58591,0.528303758205,-0.0029023594633,0.0483362901927,2.36516385242e-10,4.35804607944e-11,2888,1,0,25693.2999172,12.3867497444,9642,0,0,0.130455130361,0.945883140084,0,0.1,0,0,14481.8616645,1,1,0,0,0,4,-14,0,18,65,0,0,0,-3,0,0,0,0,0,0,38.388033167
116,0.00401526386033,58590,58590,0.528294741398,6.82151837036e-05,0.0483362901927,2.4170931241e-10,4.37535400327e-11,2870,1,0,20342.646791,15.2645840645,9413,0,0,0.13293213,0.945883140084,0,0.1,0,0,14441.4568019,1,1,0,0,0,5,-10,0,15,66,0,0,1,0,0,0,0,0,0,0,20.5484659169
117,0.00400111910225,58591,58591,0.528303758205,0.00133443070541,0.0483362901927,2.01137256526e-10,4.31895463977e-11,2886,1,0,20336.8702092,13.554541111,9496,0,0,0.135288163197,0.945883140084,0,0.1,0,0,14580.7844847,1,1,0,0,0,4,-11,0,15,67,0,0,1,-2,0,0,0,0,0,0,20.4900650419
118,0.00398314259864,58590,58590,0.528294741398,-0.00148844159961,0.0483362901927,1.71877951778e-10,4.26716094596e-11,2892,1,0,20549.9685831,12.3315420151,9621,0,0,0.139330243044,0.945883140084,0,0.1,0,0,14647.3731158,1,1,0,0,0,6,-8,0,14,68,0,0,1,1,0,0,0,0,0,0,20.6983166672
119,0.00396750109561,58590,58590,0.528294741398,-0.000234803936012,0.0483362901927,1.99709043058e-10,4.21451601979e-11,2898,1,0,20146.881917,12.3258752823,9680,0,0,0.144460015494,0.945883140084,0,0.1,0,0,14745.7571574,1,1,0,0,0,5,-9,0,14,69,0,0,2,-3,0,0,0,0,0,0,20.3454085002
120,0.00394831590706,58591,58591,0.528303758205,-0.00259538912713,0.0483362901927,1.9431154031e-10,4.15530039836e-11,2903,1,0,20460.1656656,13.2104172707,9800,0,0,0.125964741345,0.976718506353,0,0.1,0,0,14809.4055682,1,1,0,0,0,7,-10,0,17,70,0,0,2,0,0,0,0,0,0,0,34.5664867922
