iteration,compliance,occupancy_volume,printed_voxels,achieved_vf,offset_mm,dt_mm_per_unit_v,max_abs_v,lambda,cg_iterations,converged,used_multigrid,solve_ms,sensitivity_ms,band_cells,hilb_iterations,hilb_relres,reinit_rms,reinit_max,hj_steps,gamma,iteration_wall_s
1,0.00287148916822,75414.72,75790,0.683383827454,3.5686439216,234506898787,7.27176603953e-13,1.49250423606e-11,1579,1,0,107432.69525,12.4883747101,28010,357,9.61294947054e-13,0.167844920192,0.999242052567,24,0.1,108.488410875
2,0.00274815961711,75414.72,76052,0.685746230975,-0.125392910142,383442968863,4.44728275418e-13,1.35738558268e-11,2958,1,0,29666.0950418,11.8544578552,26400,355,9.63390311796e-13,0.16479555538,0.998288181721,24,0.1,30.7153199171
3,0.00266880870691,75414.72,75849,0.683915819087,-0.18318042998,686305375388,2.48472380341e-13,1.18313848441e-11,2862,1,0,28732.16225,11.7071251869,25726,355,9.80212195708e-13,0.165491493584,0.99897576072,24,0.1,29.820029459
4,0.00262130422899,75414.72,75578,0.681472264301,-0.275030088853,1.0996481267e+12,1.55074997286e-13,1.01669429265e-11,2786,1,0,21154.1895833,12.3296246529,25204,359,9.72502179512e-13,0.169347945081,0.994563460822,24,0.1,22.2267255001
5,0.00259127322863,75414.72,75430,0.680137776816,-0.280389743538,1.37917974504e+12,1.23644456697e-13,8.89772738725e-12,2693,1,0,20693.6750407,11.7695422173,25036,356,9.23716206415e-13,0.171925820216,0.995706958699,24,0.1,21.7470789589
6,0.00257418865283,75414.72,75348,0.679398398615,-0.233114796871,1.78396205961e+12,9.55894377602e-14,8.10878246059e-12,2691,1,0,20723.9207497,11.8333339691,23960,355,9.0400731632e-13,0.169733732771,0.984997014575,24,0.1,21.7672357499
7,0.00256190765747,75414.72,75336,0.679290196927,-0.220858807371,2.34592953441e+12,7.26909857104e-14,7.45700971283e-12,2691,1,0,20571.8144579,12.0104999542,23912,353,9.31850651838e-13,0.169925334618,0.984441075777,24,0.1,21.6122032083
8,0.00255375671535,75414.72,75302,0.678983625478,-0.191071908969,3.3654508509e+12,5.06701591609e-14,6.96995338022e-12,2692,1,0,20625.217792,11.8182501793,24057,351,9.68321954235e-13,0.170832825413,0.986252981585,24,0.1,21.682078959
9,0.00254838767728,75414.72,75184,0.677919642213,-0.157425568592,4.61486116155e+12,3.69519091244e-14,6.6002584991e-12,2695,1,0,20476.3205423,11.867208004,24232,347,9.88644549805e-13,0.171141872302,0.983635304063,24,0.1,21.5069821249
10,0.00254557826915,75414.72,75218,0.678226213662,-0.145456520393,2.01509459626e+12,8.46252729673e-14,6.52448407052e-12,2692,1,0,20477.9812498,11.8056669235,24211,352,9.33326975253e-13,0.172265978308,0.989300844728,24,0.1,21.5267052501
11,0.00254500593606,75414.72,75159,0.67769422203,-0.0477790732325,3.43166756453e+12,4.96924387507e-14,6.32800292155e-12,2714,1,0,20814.572042,12.0480828285,24508,338,9.98097462695e-13,0.164906670395,0.976297922682,24,0.1,21.8215470002
12,0.00255534787106,75414.72,75232,0.678352448965,0.0191287524096,343676767010,4.96186960053e-13,7.13608650803e-12,2686,1,0,20667.017333,11.8051247597,23931,346,9.74948224196e-13,0.166111489291,0.989290031726,24,0.1,21.698960708
13,0.00254539790802,75414.72,75219,0.67823523047,-0.0260400586223,1.60039181134e+12,1.06553863282e-13,6.45887957645e-12,2620,1,0,20490.9632077,11.8937091827,24171,347,9.97257431451e-13,0.170222397839,0.987479590884,24,0.1,21.5173314172
14,0.00254301085431,75414.72,75169,0.677784390103,-0.0602437392203,4.00201995015e+12,4.26104648122e-14,6.22291490836e-12,2695,1,0,20866.8822503,12.3865408897,24425,334,9.88562120984e-13,0.164090718038,0.959657869451,24,0.1,21.8737824168
15,0.00255513138223,75414.72,75240,0.678424583424,0.00722705990819,346021576656,4.92824557103e-13,7.1261876697e-12,2655,1,0,20460.2792082,12.2195420265,23927,346,9.56474334728e-13,0.166014189685,0.991996410118,24,0.1,21.5003377078
16,0.00254335363665,75414.72,75276,0.678749188487,-0.0268833990983,1.25852641598e+12,1.01623570291e-13,6.33213583222e-12,2656,1,0,20894.830709,11.8436660767,24202,347,9.95914930651e-13,0.170604747149,0.981129324316,24,0.075,21.9406583342
17,0.00254064843492,75414.72,75144,0.67755896992,-0.0425286269402,4.97241535799e+12,2.57210909567e-14,6.13260293971e-12,2691,1,0,20809.1514173,11.8187918663,24544,336,9.29101489819e-13,0.16653585244,0.995980563623,24,0.075,21.8211213751
18,0.0025484527323,75414.72,75270,0.678695087643,-0.00542184187124,343762500134,3.72047409615e-13,6.78580310187e-12,2626,1,0,20226.093792,11.9173331261,24124,344,9.40241462324e-13,0.168139091974,0.991783053632,24,0.075,21.3807137087
19,0.00254121256328,75414.72,75263,0.678631969992,-0.0130636737054,1.61477077548e+12,7.92037790376e-14,6.26134860988e-12,2624,1,0,20343.678709,11.7628750801,24325,349,9.86923669306e-13,0.170461630171,0.976169957532,24,0.075,21.37614075
20,0.00253971992055,75414.72,75158,0.677685205223,-0.0272277564841,3.50429577647e+12,3.64969043299e-14,6.07003692222e-12,2673,1,0,20453.5907502,12.2471251488,24655,337,9.62953207779e-13,0.16886145095,0.987190213853,24,0.075,21.4628663752
21,0.00254375353991,75414.72,75216,0.678208180048,0.0167717814487,555538124451,2.30219929234e-13,6.46616500009e-12,2643,1,0,20150.4544587,11.7932500839,24479,347,9.55064422154e-13,0.170366172467,0.984465848425,24,0.075,21.3067059577
22,0.00253840037573,75414.72,75276,0.678749188487,-0.02526798788,2.8673490456e+12,3.34531859385e-14,6.06062991199e-12,2677,1,0,20453.6999588,11.8028330803,24734,336,9.71870869982e-13,0.173614916148,0.98134884323,24,0.05625,21.4604918337
23,0.00253810798461,75414.72,75144,0.67755896992,-0.0557431126051,1.97776450881e+12,4.85001931958e-14,6.05040718251e-12,2723,1,0,20594.0257077,12.1028752327,24935,348,9.58327750896e-13,0.169541451548,0.987547322264,24,0.05625,21.767996375
24,0.00253840968792,75414.72,75272,0.678713121258,0.0331772310853,1.7478747547e+12,5.48791957291e-14,6.05763346443e-12,2629,1,0,20142.5584168,11.8072500229,24772,336,9.2860820374e-13,0.173711257292,0.985046991229,24,0.05625,21.1479047923
25,0.00253706422944,75414.72,75142,0.677540936305,-0.0355447290347,2.89301956e+12,3.31563471258e-14,5.99519472328e-12,2707,1,0,21352.2848749,19.7428331375,25053,338,9.93050765012e-13,0.169768128168,0.990239827336,24,0.05625,22.385208
26,0.00253975823644,75414.72,75215,0.67819916324,0.0189415287875,790445644861,1.21351748089e-13,6.17731077392e-12,2616,1,0,20217.8555837,12.1707501411,24777,350,9.29176209028e-13,0.172313038088,0.988282410643,24,0.05625,21.2726775841
27,0.00253617565697,75414.72,75196,0.678027843901,-0.0175990152229,2.57113468881e+12,3.73072485042e-14,5.91716899333e-12,2665,1,0,20430.7995,11.8605828285,25018,347,9.91154851056e-13,0.175396806403,0.992850327289,24,0.05625,21.4682699996
28,0.00253572704435,75414.72,75160,0.677703238837,-0.028511419082,2.75998684759e+12,3.47544992314e-14,6.00612086392e-12,2714,1,0,20832.4497504,11.8253746033,25139,353,9.89802887361e-13,0.171330926739,0.979049240268,24,0.05625,21.8767073327
29,0.00253692350907,75414.72,75243,0.678451633845,0.0105186384323,1.7186079052e+12,5.58137551228e-14,5.94144251186e-12,2635,1,0,20253.7071247,11.7621669769,25064,344,9.79579020711e-13,0.175016746237,0.982423091207,24,0.05625,21.2785949172
30,0.00253507530174,75414.72,75176,0.677847507754,-0.0101012127038,3.41697230408e+12,2.8072209031e-14,5.91423845913e-12,2678,1,0,20793.6625838,11.9921660423,25285,340,9.82403648192e-13,0.173908863044,0.99220879235,24,0.05625,21.8095377502
31,0.00253588952792,75414.72,75197,0.678036860708,-0.0159236757744,1.59122890295e+12,6.0281685806e-14,5.9792205089e-12,2684,1,0,20547.3413334,12.5929579735,25143,350,9.44421310661e-13,0.177038056573,0.975623141939,24,0.05625,21.5893975841
32,0.00253403813857,75414.72,75174,0.67782947414,-0.0216565741792,3.97730187984e+12,2.41173447908e-14,5.85010350912e-12,2693,1,0,20602.8867502,11.595749855,25478,336,9.98137015488e-13,0.172607156432,0.98305810589,24,0.05625,21.617503583
33,0.00253752595799,75414.72,75229,0.678325398543,0.0191997449632,1.01340226992e+12,9.46533904854e-14,6.16225922275e-12,2629,1,0,20303.490334,11.8238329887,25093,350,9.67182949493e-13,0.175695986712,0.983703008007,24,0.05625,21.373623583
34,0.00253333257177,75414.72,75175,0.677838490947,-0.0208767883626,1.89365401822e+12,3.79908208616e-14,5.78381594258e-12,2667,1,0,20562.4735003,11.7827920914,25489,352,9.72056779894e-13,0.177454095283,0.976892666425,24,0.0421875,21.6083070831
35,0.00253282670683,75414.72,75181,0.677892591791,-0.00678745264266,4.17056020682e+12,1.72498338382e-14,5.86160048551e-12,2677,1,0,20391.593833,12.1126251221,25509,345,9.94383210765e-13,0.177768356026,0.983190958287,24,0.0421875,21.4529832499
36,0.00253239647216,75414.72,75257,0.678577869148,-0.0304757474187,2.12577964751e+12,3.38423931493e-14,5.71551530425e-12,2682,1,0,20844.3346248,11.8414168358,25754,354,9.99787176195e-13,0.180453014024,0.978857018857,24,0.0421875,21.889379208
37,0.00253240066331,75414.72,75114,0.6772884657,0.00755187348081,1.52349070347e+12,4.722147002e-14,5.93283243285e-12,2714,1,0,20835.1690826,11.7800002098,25632,358,9.67885854376e-13,0.177946091874,0.981008666163,24,0.0421875,21.8969140826
38,0.00253164955844,75414.72,75279,0.678776238909,-0.00536847413871,2.11334092093e+12,3.40415831007e-14,5.73150534194e-12,2677,1,0,20476.2928748,11.7981672287,25686,350,9.91238610146e-13,0.181218384838,0.989753239487,24,0.0421875,21.5178689579
39,0.00253146357235,75414.72,75158,0.677685205223,-0.0124989646596,2.58837644972e+12,2.77940523635e-14,5.84683756814e-12,2702,1,0,20714.1755419,12.5308327675,25766,355,9.76515109996e-13,0.177205612144,0.975073617207,24,0.0421875,21.7892143331
40,0.00253215111465,75414.72,75230,0.67833441535,0.00106726813633,1.48644823274e+12,4.83982347956e-14,5.75023878681e-12,2652,1,0,20329.6399579,11.763792038,25833,349,9.49703154107e-13,0.180129507929,0.973956506185,24,0.0421875,21.3629550417
41,0.00253081207917,75414.72,75161,0.677712255645,-0.000839579360499,3.28204554337e+12,2.1919705144e-14,5.75356782766e-12,2680,1,0,21156.9013748,12.5815420151,25858,342,9.90356357671e-13,0.179732811847,0.98480260444,24,0.0421875,22.184224959
42,0.00253103672538,75414.72,75226,0.678298348121,-0.013430227013,2.34368401118e+12,3.06958916973e-14,5.79390835768e-12,2702,1,0,20912.4941249,13.0207090378,25915,348,9.43990588367e-13,0.182185391635,0.974682379618,24,0.0421875,21.976851292
43,0.00253161955096,75414.72,75215,0.67819916324,-0.0186103239796,1.18151219064e+12,6.08893172239e-14,5.79941860284e-12,2708,1,0,20618.8147082,11.7798337936,26019,349,9.38298887767e-13,0.180083681015,0.976180792221,24,0.0421875,21.6752954167
