cg_tol,rung,iter,compliance,change_design,max_dphys,mean_dphys,class_frac,class_count,solid,cg_iters,mg_used,hier_built,mg_levels,cycles,active_frac,beta,plateau,infeasible,vf
1e-08,0,1,30.511596,0.1998,-1,-1,-1,-1,2016,50,1,1,3,50,1.0000,0,0,0,0.64980
1e-08,0,2,23.034417,0.1998,0.174763,0.0686633,0.112103,226,2016,53,1,1,3,53,1.0000,0,0,0,0.65958
1e-08,0,3,17.536449,0.1998,0.16543,0.0522283,0.110119,222,2016,63,1,1,3,63,1.0000,0,0,0,0.66750
1e-08,0,4,15.255955,0.1998,0.159538,0.041985,0.0178571,36,2016,64,1,1,3,64,1.0000,0,0,0,0.67067
1e-08,0,5,13.998531,0.181497,0.112906,0.021013,0.0109127,22,2016,77,1,1,3,77,1.0000,0,0,0,0.67747
1e-08,0,6,13.454658,0.125583,0.0668377,0.0102187,0.00396825,8,2016,79,1,1,3,79,1.0000,0,0,0,0.67924
1e-08,0,7,13.303623,0.15807,0.0782067,0.00706861,0.00892857,18,2016,79,1,1,3,79,1.0000,0,0,0,0.67947
1e-08,0,8,13.229965,0.190595,0.0935457,0.00725595,0.00892857,18,2016,79,1,1,3,79,1.0000,0,0,0,0.67948
1e-08,0,9,13.165766,0.137104,0.0717213,0.00816502,0.0208333,42,2016,80,1,1,3,80,1.0000,0,0,0,0.67944
1e-08,0,10,13.098525,0.132473,0.108188,0.0102436,0.0198413,40,2016,82,1,1,3,82,1.0000,0,0,0,0.67919
1e-08,0,11,13.008445,0.1998,0.173154,0.0138974,0.0178571,36,2016,84,1,1,3,84,1.0000,0,0,0,0.67863
1e-08,0,12,12.870211,0.1998,0.150894,0.0139593,0.0109127,22,2016,83,1,1,3,83,1.0000,0,0,0,0.67867
1e-08,0,13,12.71949,0.1998,0.123345,0.0107642,0.00992063,20,2016,87,1,1,3,87,1.0000,0,0,0,0.67900
1e-08,0,14,12.613428,0.1998,0.115023,0.00981386,0.00396825,8,2016,87,1,1,3,87,1.0000,0,0,0,0.67915
1e-08,0,15,12.528477,0.1998,0.107674,0.00999955,0.0128968,26,2016,85,1,1,3,85,1.0000,0,0,0,0.67912
1e-08,0,16,12.450391,0.1998,0.133477,0.00953462,0.00297619,6,2016,86,1,1,3,86,1.0000,0,0,0,0.67915
1e-08,0,17,12.375024,0.1998,0.148201,0.00904886,0.00198413,4,2016,87,1,1,3,87,1.0000,0,0,0,0.67912
1e-08,0,18,12.302792,0.188232,0.108047,0.00697225,0.00297619,6,2016,89,1,1,3,89,1.0000,0,0,0,0.67947
1e-08,0,19,12.253577,0.162219,0.0731598,0.00347425,0,0,2016,90,1,1,3,90,1.0000,0,0,0,0.67982
1e-08,0,20,12.235137,0.1998,0.0890847,0.00272188,0,0,2016,92,1,1,3,92,1.0000,0,0,0,0.67988
1e-08,0,21,12.226356,0.1998,0.0767159,0.00268464,0.00297619,6,2016,90,1,1,3,90,1.0000,0,0,0,0.67989
1e-08,0,22,12.218966,0.154475,0.0665077,0.00216363,0,0,2016,90,1,1,3,90,1.0000,0,0,0,0.67992
1e-08,0,23,12.212972,0.139369,0.0435461,0.00156298,0.000992063,2,2016,90,1,1,3,90,1.0000,0,0,0,0.67995
1e-08,0,24,12.209046,0.0884383,0.0319882,0.00104738,0,0,2016,90,1,1,3,90,1.0000,0,0,0,0.67998
1e-08,0,25,12.207217,0.115389,0.0417364,0.000852285,0.000992063,2,2016,90,1,1,3,90,1.0000,0,0,0,0.67999
1e-08,0,26,12.206347,0.143258,0.0518165,0.000775352,0.000992063,2,2016,92,1,1,3,92,1.0000,0,0,0,0.67999
1e-08,0,27,12.205668,0.130947,0.0524345,0.000863526,0,0,2016,90,1,1,3,90,1.0000,0,0,0,0.67999
1e-08,0,28,12.204929,0.180982,0.077239,0.000845781,0,0,2016,90,1,1,3,90,1.0000,0,0,0,0.67999
1e-08,0,29,12.20427,0.187145,0.0798691,0.000900999,0,0,2016,90,1,1,3,90,1.0000,0,0,0,0.67999
1e-08,0,30,12.203408,0.0943463,0.0300213,0.000694735,0,0,2016,90,1,1,3,90,1.0000,0,0,0,0.68000
1e-08,0,31,12.202987,0.110795,0.0314154,0.000539661,0,0,2016,90,1,1,3,90,1.0000,0,0,0,0.68000
1e-08,0,32,12.202747,0.11001,0.03086,0.000494537,0,0,2016,93,1,1,3,93,1.0000,0,0,0,0.68000
1e-08,0,33,12.202512,0.0950157,0.0203439,0.000381796,0.000992063,2,2016,90,1,1,3,90,1.0000,0,1,0,0.68000
1e-08,0,34,14.578415,0.191211,0.233172,0.0594508,0.0119048,24,2016,77,1,1,3,77,1.0000,1,0,0,0.66624
1e-08,0,35,13.360668,0.131716,0.0917572,0.0258488,0.00396825,8,2016,85,1,1,3,85,1.0000,1,0,0,0.67106
1e-08,0,36,12.593564,0.113066,0.068337,0.0145539,0.00198413,4,2016,90,1,1,3,90,1.0000,1,0,0,0.67613
1e-08,0,37,12.287519,0.114054,0.0395892,0.00515197,0,0,2016,92,1,1,3,92,1.0000,1,0,0,0.67800
1e-08,0,38,12.212213,0.104009,0.0396107,0.00392461,0.000992063,2,2016,92,1,1,3,92,1.0000,1,0,0,0.67837
1e-08,0,39,12.179697,0.118493,0.0413088,0.00370626,0,0,2016,91,1,1,3,91,1.0000,1,0,0,0.67857
1e-08,0,40,12.156738,0.104452,0.0431121,0.00338712,0.000992063,2,2016,91,1,1,3,91,1.0000,1,0,0,0.67872
1e-08,0,41,12.138509,0.111474,0.0417331,0.00301926,0.000992063,2,2016,95,1,1,3,95,1.0000,1,0,0,0.67885
1e-08,0,42,12.124493,0.114754,0.0516995,0.00240655,0,0,2016,95,1,1,3,95,1.0000,1,0,0,0.67898
1e-08,0,43,12.114922,0.105189,0.0460308,0.00198368,0.00396825,8,2016,95,1,1,3,95,1.0000,1,0,0,0.67906
1e-08,0,44,12.108625,0.0806517,0.0280866,0.00142264,0.000992063,2,2016,92,1,1,3,92,1.0000,1,0,0,0.67912
1e-08,0,45,12.104989,0.0812299,0.0238883,0.00110386,0.00198413,4,2016,95,1,1,3,95,1.0000,1,0,0,0.67915
1e-08,0,46,12.102594,0.104405,0.0307152,0.000945656,0,0,2016,95,1,1,3,95,1.0000,1,0,0,0.67917
1e-08,0,47,12.100707,0.0974006,0.0415683,0.000776947,0,0,2016,92,1,1,3,92,1.0000,1,0,0,0.67919
1e-08,0,48,12.099362,0.128474,0.0548299,0.000811433,0,0,2016,95,1,1,3,95,1.0000,1,0,0,0.67919
1e-08,0,49,12.098094,0.0829823,0.0224476,0.000650719,0,0,2016,92,1,1,3,92,1.0000,1,0,0,0.67920
1e-08,0,50,12.097021,0.0876428,0.0295606,0.000640621,0,0,2016,95,1,1,3,95,1.0000,1,0,0,0.67921
1e-08,0,51,12.096208,0.110626,0.0441604,0.000729766,0,0,2016,92,1,1,3,92,1.0000,1,0,0,0.67921
1e-08,0,52,12.095318,0.168517,0.0700131,0.000954448,0.00297619,6,2016,95,1,1,3,95,1.0000,1,0,0,0.67921
1e-08,0,53,12.094077,0.131511,0.0475676,0.000927432,0.000992063,2,2016,95,1,1,3,95,1.0000,1,0,0,0.67922
1e-08,0,54,12.09311,0.1998,0.0722678,0.00120839,0.000992063,2,2016,95,1,1,3,95,1.0000,1,0,0,0.67922
1e-08,0,55,12.091853,0.1998,0.0722678,0.00128113,0.000992063,2,2016,93,1,1,3,93,1.0000,1,0,0,0.67922
1e-08,0,56,12.090165,0.192263,0.0695416,0.00105009,0,0,2016,93,1,1,3,93,1.0000,1,0,0,0.67922
1e-08,0,57,12.088948,0.153859,0.0492476,0.000674152,0.000992063,2,2016,95,1,1,3,95,1.0000,1,1,0,0.67923
1e-08,0,58,11.808494,0.0464398,0.0257015,0.00188094,0,0,2016,99,1,1,3,99,1.0000,2,0,0,0.67725
1e-08,0,59,11.833653,0.0213061,0.00798273,0.000446401,0,0,2016,97,1,1,3,97,1.0000,2,0,0,0.67741
1e-08,0,60,11.83133,0.0211213,0.00842676,0.000262714,0,0,2016,97,1,1,3,97,1.0000,2,0,0,0.67745
1e-08,0,61,11.830856,0.0232741,0.0103868,0.000259574,0,0,2016,97,1,1,3,97,1.0000,2,0,0,0.67748
1e-08,0,62,11.830539,0.0272988,0.0121676,0.000271983,0,0,2016,97,1,1,3,97,1.0000,2,0,0,0.67750
1e-08,0,63,11.830235,0.0321705,0.0143141,0.000292177,0,0,2016,97,1,1,3,97,1.0000,2,0,0,0.67752
1e-08,0,64,11.829931,0.0391943,0.0174108,0.000319915,0.00198413,4,2016,97,1,1,3,97,1.0000,2,0,0,0.67753
1e-08,0,65,11.829589,0.0498503,0.0221135,0.000375259,0.000992063,2,2016,97,1,1,3,97,1.0000,2,0,0,0.67754
1e-08,0,66,11.829165,0.0656357,0.0285651,0.000446031,0,0,2016,97,1,1,3,97,1.0000,2,0,0,0.67755
1e-08,0,67,11.828603,0.093779,0.0295259,0.000477185,0,0,2016,97,1,1,3,97,1.0000,2,0,0,0.67756
1e-08,0,68,11.827906,0.114677,0.0320182,0.00045054,0,0,2016,97,1,1,3,97,1.0000,2,1,0,0.67757
1e-08,0,69,11.268221,0.118397,0.0422023,0.0037189,0.000992063,2,2016,92,1,1,3,92,1.0000,4,0,0,0.67367
1e-08,0,70,11.300967,0.0933238,0.0252289,0.000953357,0,0,2016,91,1,1,3,91,1.0000,4,0,0,0.67421
1e-08,0,71,11.295479,0.114689,0.030475,0.00063519,0,0,2016,187,1,1,3,187,1.0000,4,0,0,0.67435
1e-08,0,72,11.293692,0.0385134,0.0137744,0.000503702,0,0,2016,94,1,1,3,94,1.0000,4,0,0,0.67445
1e-08,0,73,11.292639,0.044473,0.0159447,0.000491349,0,0,2016,93,1,1,3,93,1.0000,4,0,0,0.67452
1e-08,0,74,11.292057,0.0507013,0.0183387,0.000512267,0,0,2016,93,1,1,3,93,1.0000,4,0,0,0.67460
1e-08,0,75,11.291485,0.0582789,0.0210795,0.000507803,0,0,2016,92,1,1,3,92,1.0000,4,0,0,0.67466
1e-08,0,76,11.29088,0.0689498,0.0249392,0.000515213,0,0,2016,92,1,1,3,92,1.0000,4,0,0,0.67472
1e-08,0,77,11.290217,0.0844069,0.03053,0.000572556,0.000992063,2,2016,92,1,1,3,92,1.0000,4,0,0,0.67478
1e-08,0,78,11.289483,0.111412,0.0402976,0.000704177,0.00198413,4,2016,92,1,1,3,92,1.0000,4,0,0,0.67487
1e-08,0,79,11.28854,0.157208,0.0568623,0.000873541,0,0,2016,92,1,1,3,92,1.0000,4,1,0,0.67497
1e-08,0,80,10.898672,0.15078,0.0787213,0.00467437,0,0,2016,93,1,1,3,93,1.0000,8,0,0,0.67342
1e-08,0,81,10.895886,0.0985894,0.0331986,0.00192713,0,0,2016,94,1,1,3,94,1.0000,8,0,0,0.67372
1e-08,0,82,10.893469,0.0616905,0.0251756,0.00138787,0,0,2016,93,1,1,3,93,1.0000,8,0,0,0.67384
1e-08,0,83,10.892211,0.113145,0.0392069,0.00114483,0,0,2016,95,1,1,3,95,1.0000,8,0,0,0.67403
1e-08,0,84,10.891169,0.10608,0.0354957,0.0008736,0,0,2016,95,1,1,3,95,1.0000,8,0,0,0.67403
1e-08,0,85,10.890499,0.0419199,0.0132614,0.000796087,0,0,2016,95,1,1,3,95,1.0000,8,0,0,0.67390
1e-08,0,86,10.890263,0.0460865,0.0147933,0.000611614,0,0,2016,106,1,1,3,106,1.0000,8,0,0,0.67375
1e-08,0,87,10.890077,0.0516418,0.0163654,0.000496494,0,0,2016,118,1,1,3,118,1.0000,8,0,0,0.67365
1e-08,0,88,10.88995,0.0499759,0.0149426,0.000369328,0,0,2016,118,1,1,3,118,1.0000,8,0,0,0.67358
1e-08,0,89,10.889862,0.0402646,0.0105788,0.000262866,0,0,2016,116,1,1,3,116,1.0000,8,0,0,0.67352
1e-08,0,90,10.889806,0.0274113,0.00516612,0.000196009,0,0,2016,116,1,1,3,116,1.0000,8,1,0,0.67346
1e-08,0,91,10.827674,0.0999,0.0855837,0.0221782,0,0,2016,104,1,1,3,104,1.0000,16,0,0,0.69602
1e-08,0,92,10.825614,0.0999,0.0820824,0.0147831,0,0,2016,103,1,1,3,103,1.0000,16,0,0,0.68555
1e-08,0,93,10.825157,0.0999,0.0823567,0.0183108,0.000992063,2,2016,141,1,1,3,141,1.0000,16,0,0,0.68657
1e-08,0,94,10.821882,0.0999,0.0956248,0.0241034,0,0,2016,106,1,1,3,106,1.0000,16,0,0,0.66154
1e-08,0,95,10.822803,0.0999,0.0565897,0.00677769,0,0,2016,104,1,1,3,104,1.0000,16,0,0,0.66640
1e-08,0,96,10.82197,0.0850856,0.0256978,0.0025108,0,0,2016,104,1,1,3,104,1.0000,16,0,0,0.66520
1e-08,0,97,10.821568,0.0651676,0.0155175,0.000953505,0,0,2016,104,1,1,3,104,1.0000,16,0,0,0.66509
1e-08,0,98,10.821368,0.0731764,0.016647,0.000664247,0,0,2016,104,1,1,3,104,1.0000,16,0,0,0.66518
1e-08,0,99,10.821247,0.0802297,0.0138471,0.000487658,0,0,2016,107,1,1,3,107,1.0000,16,0,0,0.66537
1e-08,0,100,10.821156,0.0829803,0.0134747,0.000407006,0,0,2016,107,1,1,3,107,1.0000,16,0,0,0.66544
1e-08,0,101,10.821104,0.0799405,0.0147852,0.000408806,0,0,2016,104,1,1,3,104,1.0000,16,1,0,0.66550
1e-08,0,102,10.817146,0.04995,0.0488594,0.0130153,0,0,2016,106,1,1,3,106,1.0000,32,1,0,0.65183
1e-08,0,103,10.818587,0.04995,0.04995,0.00994548,0,0,2016,104,1,1,3,104,1.0000,32,1,0,0.66216
1e-08,0,104,10.819182,0.04995,0.0436749,0.00421771,0,0,2016,106,1,1,3,106,1.0000,32,1,0,0.66012
1e-08,0,105,10.818921,0.04995,0.0360448,0.00250711,0,0,2016,103,1,1,3,103,1.0000,32,1,0,0.66241
1e-08,0,106,10.818906,0.04995,0.0351962,0.00134235,0,0,2016,103,1,1,3,103,1.0000,32,1,0,0.66214
1e-08,0,107,10.818896,0.0261574,0.0164071,0.000863825,0,0,2016,109,1,1,3,109,1.0000,32,1,0,0.66255
1e-08,0,108,10.818895,0.0341022,0.0105863,0.000483115,0,0,2016,104,1,1,3,104,1.0000,32,1,0,0.66262
1e-08,0,109,10.818894,0.0223419,0.00600225,0.000433678,0,0,2016,106,1,1,3,106,1.0000,32,1,0,0.66264
1e-08,0,110,10.818893,0.0181077,0.00711064,0.000385588,0,0,2016,106,1,1,3,106,1.0000,32,1,0,0.66267
1e-08,0,111,10.818893,0.0187237,0.00632248,0.00035221,0,0,2016,103,1,1,3,103,1.0000,32,1,0,0.66269
1e-08,0,112,10.818893,0.02191,0.00784387,0.000323366,0,0,2016,103,1,1,3,103,1.0000,32,1,0,0.66259
1e-08,1,1,67.695978,0.1998,-1,-1,-1,-1,2016,53,1,1,3,53,1.0000,0,0,0,0.48981
1e-08,1,2,48.59281,0.1998,0.170711,0.062602,0.0565476,114,2016,61,1,1,3,61,1.0000,0,0,0,0.50107
1e-08,1,3,34.756517,0.1998,0.174347,0.0566964,0.0178571,36,2016,70,1,1,3,70,1.0000,0,0,0,0.50531
1e-08,1,4,26.856522,0.13619,0.102631,0.0325563,0.0188492,38,2016,87,1,1,3,87,1.0000,0,0,0,0.51539
1e-08,1,5,23.259784,0.150641,0.104618,0.0193725,0.0724206,146,2016,99,1,1,3,99,1.0000,0,0,0,0.51782
1e-08,1,6,22.284386,0.126802,0.0735189,0.0167688,0.0228175,46,2016,102,1,1,3,102,1.0000,0,0,0,0.51844
1e-08,1,7,21.736095,0.116301,0.0568187,0.0141956,0.015873,32,2016,106,1,1,3,106,1.0000,0,0,0,0.51882
1e-08,1,8,21.353766,0.145833,0.0882759,0.0138196,0.00892857,18,2016,112,1,1,3,112,1.0000,0,0,0,0.51893
1e-08,1,9,21.040789,0.139575,0.0985993,0.0146475,0.0168651,34,2016,132,1,1,3,132,1.0000,0,0,0,0.51883
1e-08,1,10,20.729552,0.175262,0.14346,0.0171883,0.0208333,42,2016,169,1,1,3,169,1.0000,0,0,0,0.51840
1e-08,1,11,20.338795,0.1998,0.152396,0.0187129,0.0208333,42,2016,149,1,1,3,149,1.0000,0,0,0,0.51803
1e-08,1,12,19.888461,0.1998,0.152464,0.0208438,0.0168651,34,2016,143,1,1,3,143,1.0000,0,0,0,0.51790
1e-08,1,13,19.393996,0.1998,0.13593,0.0207294,0.0188492,38,2016,142,1,1,3,142,1.0000,0,0,0,0.51817
1e-08,1,14,18.929728,0.1998,0.116049,0.0184563,0.014881,30,2016,138,1,1,3,138,1.0000,0,0,0,0.51857
1e-08,1,15,18.541287,0.1998,0.106129,0.0160197,0.00892857,18,2016,142,1,1,3,142,1.0000,0,0,0,0.51876
1e-08,1,16,18.214884,0.1998,0.104082,0.0129524,0.0168651,34,2016,136,1,1,3,136,1.0000,0,0,0,0.51911
1e-08,1,17,17.95753,0.1998,0.114508,0.0118282,0.0109127,22,2016,139,1,1,3,139,1.0000,0,0,0,0.51924
1e-08,1,18,17.746897,0.1998,0.120714,0.0113052,0.014881,30,2016,134,1,1,3,134,1.0000,0,0,0,0.51935
1e-08,1,19,17.569362,0.1998,0.103667,0.00926202,0.00396825,8,2016,133,1,1,3,133,1.0000,0,0,0,0.51949
1e-08,1,20,17.430052,0.1998,0.106545,0.00695404,0.00496032,10,2016,131,1,1,3,131,1.0000,0,0,0,0.51965
1e-08,1,21,17.330832,0.1998,0.0996856,0.00539241,0.00297619,6,2016,121,1,1,3,121,1.0000,0,0,0,0.51979
1e-08,1,22,17.267795,0.1998,0.093733,0.00372389,0.00496032,10,2016,118,1,1,3,118,1.0000,0,0,0,0.51986
1e-08,1,23,17.230655,0.1998,0.0737419,0.00276978,0.000992063,2,2016,118,1,1,3,118,1.0000,0,0,0,0.51991
1e-08,1,24,17.20614,0.1998,0.075669,0.0023517,0.00198413,4,2016,115,1,1,3,115,1.0000,0,0,0,0.51992
1e-08,1,25,17.184724,0.1998,0.0758052,0.00256969,0.00198413,4,2016,117,1,1,3,117,1.0000,0,0,0,0.51991
1e-08,1,26,17.160646,0.1998,0.0738167,0.00222506,0.000992063,2,2016,115,1,1,3,115,1.0000,0,0,0,0.51993
1e-08,1,27,17.140326,0.185258,0.0790636,0.00176804,0.00496032,10,2016,117,1,1,3,117,1.0000,0,0,0,0.51996
1e-08,1,28,17.128221,0.1998,0.08527,0.00155601,0.00198413,4,2016,118,1,1,3,118,1.0000,0,0,0,0.51996
1e-08,1,29,17.120144,0.1998,0.0831731,0.0014901,0.00198413,4,2016,118,1,1,3,118,1.0000,0,0,0,0.51997
1e-08,1,30,17.112653,0.1998,0.0722678,0.00104844,0,0,2016,118,1,1,3,118,1.0000,0,0,0,0.51998
1e-08,1,31,17.107166,0.102276,0.0327368,0.000745721,0.00198413,4,2016,118,1,1,3,118,1.0000,0,0,0,0.51999
1e-08,1,32,17.103907,0.0899471,0.02919,0.000561626,0,0,2016,118,1,1,3,118,1.0000,0,0,0,0.52000
1e-08,1,33,17.102867,0.076737,0.0224709,0.000459235,0,0,2016,116,1,1,3,116,1.0000,0,0,0,0.52000
1e-08,1,34,17.102002,0.0993154,0.0289053,0.000440645,0,0,2016,118,1,1,3,118,1.0000,0,0,0,0.52000
1e-08,1,35,17.101188,0.128119,0.0457161,0.000478006,0,0,2016,118,1,1,3,118,1.0000,0,0,0,0.51999
1e-08,1,36,17.100122,0.151108,0.0517572,0.00044063,0,0,2016,119,1,1,3,119,1.0000,0,0,0,0.52000
1e-08,1,37,17.099315,0.153824,0.0501408,0.000346661,0,0,2016,119,1,1,3,119,1.0000,0,0,0,0.52000
1e-08,1,38,17.09865,0.142163,0.0418583,0.000264467,0.00198413,4,2016,119,1,1,3,119,1.0000,0,0,0,0.52000
1e-08,1,39,17.098036,0.130481,0.0355199,0.000254241,0,0,2016,119,1,1,3,119,1.0000,0,0,0,0.52000
1e-08,1,40,17.097426,0.108136,0.0203374,0.000285366,0,0,2016,119,1,1,3,119,1.0000,0,1,0,0.52000
1e-08,1,41,23.821133,0.1998,0.266474,0.0801403,0.0376984,76,2016,97,1,1,3,97,1.0000,1,0,0,0.50664
1e-08,1,42,20.501119,0.129499,0.0976599,0.0224094,0.00595238,12,2016,157,1,1,3,157,1.0000,1,0,0,0.51331
1e-08,1,43,18.70525,0.114363,0.0773514,0.0156761,0.00496032,10,2016,130,1,1,3,130,1.0000,1,0,0,0.51591
1e-08,1,44,17.913864,0.131735,0.0694527,0.0129431,0.00396825,8,2016,129,1,1,3,129,1.0000,1,0,0,0.51705
1e-08,1,45,17.542585,0.123281,0.0616396,0.00890539,0.00297619,6,2016,123,1,1,3,123,1.0000,1,0,0,0.51776
1e-08,1,46,17.32879,0.129625,0.0631662,0.00742663,0.00297619,6,2016,115,1,1,3,115,1.0000,1,0,0,0.51803
1e-08,1,47,17.184296,0.112388,0.0425082,0.0066988,0.00198413,4,2016,116,1,1,3,116,1.0000,1,0,0,0.51825
1e-08,1,48,17.068947,0.134838,0.0581975,0.00572359,0.00198413,4,2016,114,1,1,3,114,1.0000,1,0,0,0.51849
1e-08,1,49,16.983916,0.118297,0.0462572,0.0048268,0.00198413,4,2016,128,1,1,3,128,1.0000,1,0,0,0.51869
1e-08,1,50,16.923483,0.131659,0.0529415,0.0039824,0.00198413,4,2016,114,1,1,3,114,1.0000,1,0,0,0.51882
1e-08,1,51,16.876637,0.107448,0.0432151,0.00324125,0.000992063,2,2016,114,1,1,3,114,1.0000,1,0,0,0.51893
1e-08,1,52,16.839852,0.102645,0.0508923,0.00269004,0.00198413,4,2016,123,1,1,3,123,1.0000,1,0,0,0.51904
1e-08,1,53,16.817136,0.14024,0.0700017,0.00226558,0.000992063,2,2016,128,1,1,3,128,1.0000,1,0,0,0.51911
1e-08,1,54,16.801616,0.118574,0.0489247,0.00193754,0.00496032,10,2016,125,1,1,3,125,1.0000,1,0,0,0.51916
1e-08,1,55,16.788483,0.0983088,0.0349122,0.00159623,0,0,2016,113,1,1,3,113,1.0000,1,0,0,0.51920
1e-08,1,56,16.779048,0.0878368,0.0397519,0.0012989,0,0,2016,128,1,1,3,128,1.0000,1,0,0,0.51922
1e-08,1,57,16.772495,0.11309,0.0528603,0.0013087,0.00297619,6,2016,131,1,1,3,131,1.0000,1,0,0,0.51923
1e-08,1,58,16.765638,0.17379,0.0774197,0.00140098,0.000992063,2,2016,122,1,1,3,122,1.0000,1,0,0,0.51924
1e-08,1,59,16.757672,0.099129,0.0343605,0.00110795,0.00198413,4,2016,130,1,1,3,130,1.0000,1,0,0,0.51927
1e-08,1,60,16.751944,0.101308,0.0339993,0.00090056,0.00198413,4,2016,125,1,1,3,125,1.0000,1,0,0,0.51929
1e-08,1,61,16.748929,0.0693757,0.0239173,0.000867725,0.000992063,2,2016,124,1,1,3,124,1.0000,1,0,0,0.51930
1e-08,1,62,16.7464,0.077771,0.0306649,0.000902695,0.000992063,2,2016,120,1,1,3,120,1.0000,1,0,0,0.51930
1e-08,1,63,16.744295,0.0876316,0.0314914,0.000788362,0.000992063,2,2016,122,1,1,3,122,1.0000,1,0,0,0.51931
1e-08,1,64,16.742399,0.119542,0.0431612,0.000685152,0.00198413,4,2016,116,1,1,3,116,1.0000,1,0,0,0.51931
1e-08,1,65,16.740961,0.152634,0.0550288,0.000568506,0,0,2016,115,1,1,3,115,1.0000,1,0,0,0.51931
1e-08,1,66,16.739704,0.188788,0.0680885,0.000559255,0.00198413,4,2016,116,1,1,3,116,1.0000,1,0,0,0.51931
1e-08,1,67,16.738438,0.14495,0.0523876,0.000515425,0.000992063,2,2016,119,1,1,3,119,1.0000,1,0,0,0.51931
1e-08,1,68,16.737165,0.0610214,0.021465,0.000303175,0,0,2016,133,1,1,3,133,1.0000,1,0,0,0.51932
1e-08,1,69,16.736817,0.0609207,0.0165263,0.00023998,0,0,2016,133,1,1,3,133,1.0000,1,0,0,0.51932
1e-08,1,70,16.736644,0.0571387,0.0155003,0.000204377,0,0,2016,130,1,1,3,130,1.0000,1,1,0,0.51932
1e-08,1,71,15.857066,0.0351405,0.0204281,0.00171201,0.000992063,2,2016,123,1,1,3,123,1.0000,2,0,0,0.51752
1e-08,1,72,15.931641,0.0223655,0.00658529,0.00059811,0,0,2016,128,1,1,3,128,1.0000,2,0,0,0.51762
1e-08,1,73,15.926905,0.0219716,0.00596035,0.000326127,0,0,2016,128,1,1,3,128,1.0000,2,0,0,0.51764
1e-08,1,74,15.925619,0.0238089,0.00645876,0.000282774,0,0,2016,128,1,1,3,128,1.0000,2,0,0,0.51765
1e-08,1,75,15.924724,0.0250364,0.00679176,0.000225933,0,0,2016,128,1,1,3,128,1.0000,2,0,0,0.51765
1e-08,1,76,15.924089,0.0291653,0.00791184,0.000240445,0,0,2016,128,1,1,3,128,1.0000,2,0,0,0.51765
1e-08,1,77,15.923506,0.0343412,0.00931591,0.000268016,0,0,2016,128,1,1,3,128,1.0000,2,0,0,0.51765
1e-08,1,78,15.922867,0.0381709,0.0103548,0.000276362,0,0,2016,132,1,1,3,132,1.0000,2,0,0,0.51765
1e-08,1,79,15.922195,0.0297476,0.00806979,0.000249188,0,0,2016,128,1,1,3,128,1.0000,2,0,0,0.51765
1e-08,1,80,15.92165,0.0341675,0.0092688,0.000257693,0,0,2016,121,1,1,3,121,1.0000,2,0,0,0.51765
1e-08,1,81,15.921167,0.0399437,0.0108357,0.000258101,0,0,2016,124,1,1,3,124,1.0000,2,1,0,0.51764
1e-08,1,82,14.229622,0.0753528,0.0388677,0.00422846,0.00297619,6,2016,138,1,1,3,138,1.0000,4,0,0,0.51320
1e-08,1,83,14.353792,0.0477488,0.012323,0.00130235,0.00198413,4,2016,135,1,1,3,135,1.0000,4,0,0,0.51380
1e-08,1,84,14.336853,0.0496875,0.0125212,0.000655012,0,0,2016,140,1,1,3,140,1.0000,4,0,0,0.51391
1e-08,1,85,14.332845,0.0557394,0.0147515,0.000642318,0.000992063,2,2016,137,1,1,3,137,1.0000,4,0,0,0.51399
1e-08,1,86,14.330081,0.0641982,0.0172604,0.000644094,0.000992063,2,2016,135,1,1,3,135,1.0000,4,0,0,0.51408
1e-08,1,87,14.327458,0.0729141,0.0197225,0.00060195,0,0,2016,135,1,1,3,135,1.0000,4,0,0,0.51415
1e-08,1,88,14.32502,0.0842927,0.0228665,0.000606086,0,0,2016,135,1,1,3,135,1.0000,4,0,0,0.51422
1e-08,1,89,14.322773,0.0998234,0.0270796,0.000587528,0,0,2016,137,1,1,3,137,1.0000,4,0,0,0.51428
1e-08,1,90,14.320577,0.123056,0.0333822,0.000589154,0.000992063,2,2016,135,1,1,3,135,1.0000,4,0,0,0.51433
1e-08,1,91,14.31834,0.15302,0.0415106,0.000637916,0,0,2016,135,1,1,3,135,1.0000,4,0,0,0.51438
1e-08,1,92,14.315882,0.173166,0.0469758,0.000687563,0,0,2016,135,1,1,3,135,1.0000,4,1,0,0.51440
1e-08,1,93,13.11778,0.141705,0.0632069,0.00454575,0.000992063,2,2016,140,1,1,3,140,1.0000,8,0,0,0.51016
1e-08,1,94,13.162005,0.0911187,0.0382663,0.0019968,0.000992063,2,2016,159,1,1,3,159,1.0000,8,0,0,0.51068
1e-08,1,95,13.150157,0.0863938,0.0353525,0.00143053,0,0,2016,140,1,1,3,140,1.0000,8,0,0,0.51089
1e-08,1,96,13.144535,0.104339,0.0342105,0.00119763,0,0,2016,137,1,1,3,137,1.0000,8,0,0,0.51107
1e-08,1,97,13.139942,0.125098,0.0419834,0.00111214,0,0,2016,139,1,1,3,139,1.0000,8,0,0,0.51131
1e-08,1,98,13.135698,0.131686,0.0395168,0.00089977,0,0,2016,139,1,1,3,139,1.0000,8,0,0,0.51147
1e-08,1,99,13.132943,0.0764957,0.0294402,0.000688119,0.000992063,2,2016,137,1,1,3,137,1.0000,8,0,0,0.51159
1e-08,1,100,13.131296,0.140617,0.0512248,0.000699427,0,0,2016,139,1,1,3,139,1.0000,8,0,0,0.51178
1e-08,1,101,13.128436,0.121003,0.0441429,0.000592446,0,0,2016,167,1,1,3,167,1.0000,8,0,0,0.51176
1e-08,1,102,13.126072,0.0342471,0.014266,0.000595602,0,0,2016,139,1,1,3,139,1.0000,8,0,0,0.51151
1e-08,1,103,13.125886,0.0327174,0.0115894,0.000365418,0,0,2016,139,1,1,3,139,1.0000,8,1,0,0.51138
1e-08,1,104,12.856407,0.0999,0.0767682,0.00981162,0,0,2016,148,1,1,3,148,1.0000,16,0,0,0.50424
1e-08,1,105,12.882275,0.0999,0.048619,0.00525054,0,0,2016,160,1,1,3,160,1.0000,16,0,0,0.50826
1e-08,1,106,12.874199,0.0999,0.0475346,0.00319711,0,0,2016,155,1,1,3,155,1.0000,16,0,0,0.50886
1e-08,1,107,12.870191,0.0999,0.0373715,0.00206888,0,0,2016,156,1,1,3,156,1.0000,16,0,0,0.50996
1e-08,1,108,12.867485,0.0968324,0.0352591,0.00136982,0.000992063,2,2016,183,1,1,3,183,1.0000,16,0,0,0.51075
1e-08,1,109,12.865778,0.0847629,0.0279381,0.00183026,0,0,2016,166,1,1,3,166,1.0000,16,0,0,0.51227
1e-08,1,110,12.863412,0.0999,0.054714,0.00223541,0.000992063,2,2016,185,1,1,3,185,1.0000,16,0,0,0.51421
1e-08,1,111,12.859571,0.0999,0.0651492,0.00431523,0,0,2016,180,1,1,3,180,1.0000,16,0,0,0.51645
1e-08,1,112,12.856768,0.0999,0.0684531,0.00651658,0,0,2016,162,1,1,3,162,1.0000,16,0,0,0.51561
1e-08,1,113,12.856134,0.0999,0.0812928,0.00919655,0,0,2016,149,1,1,3,149,1.0000,16,0,0,0.51581
1e-08,1,114,12.857385,0.0999,0.0947484,0.0106122,0,0,2016,162,1,1,3,162,1.0000,16,1,0,0.51784
1e-08,1,115,12.837015,0.04995,0.0486663,0.0101132,0,0,2016,154,1,1,3,154,1.0000,32,0,0,0.52140
1e-08,1,116,12.83534,0.04995,0.04995,0.0113181,0,0,2016,145,1,1,3,145,1.0000,32,0,0,0.52402
1e-08,1,117,12.835003,0.04995,0.04995,0.0123086,0,0,2016,170,1,1,3,170,1.0000,32,0,0,0.51684
1e-08,1,118,12.833458,0.04995,0.04995,0.00937158,0,0,2016,194,1,1,3,194,1.0000,32,0,0,0.51146
1e-08,1,119,12.835184,0.04995,0.04995,0.0120333,0,0,2016,177,1,1,3,177,1.0000,32,0,0,0.52083
1e-08,1,120,12.835184,0.04995,0.049946,0.0112749,0,0,2016,209,1,1,3,209,1.0000,32,0,0,0.51371
1e-08,1,121,12.834963,0.04995,0.048629,0.00916979,0.000496032,1,2016,212,1,1,3,212,1.0000,32,0,0,0.51705
1e-08,1,122,12.833129,0.04995,0.0485841,0.0095739,0.000496032,1,2016,213,1,1,3,213,1.0000,32,0,0,0.50749
1e-08,1,123,12.834986,0.04995,0.0492164,0.00495995,0,0,2016,212,1,1,3,212,1.0000,32,0,0,0.51152
1e-08,1,124,12.834917,0.04995,0.0462985,0.00270244,0,0,2016,212,1,1,3,212,1.0000,32,0,0,0.51202
1e-08,1,125,12.834539,0.04995,0.0406575,0.00213189,0,0,2016,209,1,1,3,209,1.0000,32,1,0,0.51074
1e-08,2,1,172.71757,0.1998,-1,-1,-1,-1,2016,59,1,1,3,59,1.0000,0,0,0,0.34980
1e-08,2,2,122.99915,0.1998,0.175241,0.0695359,0.0446429,90,2016,70,1,1,3,70,1.0000,0,0,0,0.35969
1e-08,2,3,80.790668,0.169037,0.139406,0.0437343,0.0545635,110,2016,86,1,1,3,86,1.0000,0,0,0,0.37062
1e-08,2,4,60.14911,0.114349,0.08359,0.0245073,0.0178571,36,2016,106,1,1,3,106,1.0000,0,0,0,0.37573
1e-08,2,5,51.932558,0.128212,0.0828898,0.0253958,0.0168651,34,2016,116,1,1,3,116,1.0000,0,0,0,0.37523
1e-08,2,6,46.056605,0.16457,0.107978,0.0297556,0.0178571,36,2016,126,1,1,3,126,1.0000,0,0,0,0.37415
1e-08,2,7,40.372634,0.163091,0.105939,0.0244834,0.014881,30,2016,167,1,1,3,167,1.0000,0,0,0,0.37702
1e-08,2,8,36.86201,0.130472,0.0609926,0.0100397,0.00694444,14,2016,155,1,1,3,155,1.0000,0,0,0,0.37910
1e-08,2,9,35.654172,0.126097,0.0811948,0.00991315,0.00992063,20,2016,169,1,1,3,169,1.0000,0,0,0,0.37915
1e-08,2,10,34.916057,0.154274,0.106817,0.0124027,0.015873,32,2016,168,1,1,3,168,1.0000,0,0,0,0.37879
1e-08,2,11,34.031177,0.1998,0.151199,0.0154269,0.015873,32,2016,173,1,1,3,173,1.0000,0,0,0,0.37833
1e-08,2,12,32.918634,0.1998,0.118138,0.0152657,0.0168651,34,2016,233,1,1,3,233,1.0000,0,0,0,0.37836
1e-08,2,13,31.824744,0.177444,0.102518,0.0150211,0.014881,30,2016,244,1,1,3,244,1.0000,0,0,0,0.37816
1e-08,2,14,30.854037,0.1998,0.11967,0.014506,0.00793651,16,2016,220,1,1,3,220,1.0000,0,0,0,0.37805
1e-08,2,15,29.955182,0.1998,0.123546,0.0128589,0.00892857,18,2016,216,1,1,3,216,1.0000,0,0,0,0.37839
1e-08,2,16,29.18976,0.1998,0.100608,0.0105555,0.00892857,18,2016,199,1,1,3,199,1.0000,0,0,0,0.37882
1e-08,2,17,28.656439,0.1998,0.0991781,0.0096703,0.00496032,10,2016,195,1,1,3,195,1.0000,0,0,0,0.37899
1e-08,2,18,28.221379,0.1998,0.101347,0.00803988,0.00694444,14,2016,201,1,1,3,201,1.0000,0,0,0,0.37925
1e-08,2,19,27.895951,0.187469,0.0789989,0.00661822,0.0109127,22,2016,207,1,1,3,207,1.0000,0,0,0,0.37954
1e-08,2,20,27.680067,0.179983,0.0863427,0.00568989,0.00793651,16,2016,204,1,1,3,204,1.0000,0,0,0,0.37971
1e-08,2,21,27.54331,0.1998,0.0728558,0.0049039,0.00595238,12,2016,202,1,1,3,202,1.0000,0,0,0,0.37976
1e-08,2,22,27.444045,0.1998,0.0874565,0.00426446,0.00496032,10,2016,207,1,1,3,207,1.0000,0,0,0,0.37982
1e-08,2,23,27.364844,0.1998,0.0739632,0.00376335,0.000992063,2,2016,200,1,1,3,200,1.0000,0,0,0,0.37987
1e-08,2,24,27.29836,0.1998,0.0794706,0.00356374,0.00496032,10,2016,209,1,1,3,209,1.0000,0,0,0,0.37987
1e-08,2,25,27.241262,0.1998,0.0849955,0.00373092,0.00297619,6,2016,239,1,1,3,239,1.0000,0,0,0,0.37987
1e-08,2,26,27.183135,0.1998,0.0987982,0.0037333,0.00595238,12,2016,221,1,1,3,221,1.0000,0,0,0,0.37988
1e-08,2,27,27.128469,0.1998,0.106587,0.0037451,0.00595238,12,2016,217,1,1,3,217,1.0000,0,0,0,0.37990
1e-08,2,28,27.080441,0.192304,0.0997556,0.00334689,0.00198413,4,2016,214,1,1,3,214,1.0000,0,0,0,0.37993
1e-08,2,29,27.047227,0.1998,0.0937267,0.00293958,0.00297619,6,2016,220,1,1,3,220,1.0000,0,0,0,0.37994
1e-08,2,30,27.018169,0.187766,0.0670879,0.00274588,0.00396825,8,2016,228,1,1,3,228,1.0000,0,0,0,0.37994
1e-08,2,31,26.994391,0.1998,0.0810099,0.00269462,0.00198413,4,2016,242,1,1,3,242,1.0000,0,0,0,0.37994
1e-08,2,32,26.970278,0.1998,0.0950132,0.0027313,0.00198413,4,2016,293,1,1,3,293,1.0000,0,0,0,0.37994
1e-08,2,33,26.941756,0.1998,0.11279,0.00294964,0.00297619,6,2016,287,1,1,3,287,1.0000,0,0,0,0.37993
1e-08,2,34,26.909448,0.1998,0.101775,0.00250481,0,0,2016,238,1,1,3,238,1.0000,0,0,0,0.37995
1e-08,2,35,26.881286,0.1998,0.0791611,0.00167899,0.000992063,2,2016,237,1,1,3,237,1.0000,0,0,0,0.37997
1e-08,2,36,26.867405,0.173364,0.0734466,0.00138665,0.00198413,4,2016,235,1,1,3,235,1.0000,0,0,0,0.37998
1e-08,2,37,26.858144,0.162786,0.0606774,0.00118631,0.00396825,8,2016,222,1,1,3,222,1.0000,0,0,0,0.37998
1e-08,2,38,26.850794,0.176574,0.0637541,0.00123213,0.00297619,6,2016,212,1,1,3,212,1.0000,0,0,0,0.37998
1e-08,2,39,26.843097,0.188593,0.0677397,0.00145546,0.000992063,2,2016,235,1,1,3,235,1.0000,0,0,0,0.37998
1e-08,2,40,26.83323,0.1998,0.0637171,0.00163802,0,0,2016,259,1,1,3,259,1.0000,0,0,0,0.37997
1e-08,2,41,26.820879,0.188695,0.0758329,0.00198388,0,0,2016,289,1,1,3,289,1.0000,0,0,0,0.37996
1e-08,2,42,26.803798,0.1998,0.0738274,0.00210342,0.00297619,6,2016,688,0,1,0,300,1.0000,0,0,0,0.37996
1e-08,2,43,26.784019,0.198532,0.0671955,0.00213821,0.00297619,6,2016,280,1,1,3,280,1.0000,0,0,0,0.37995
1e-08,2,44,26.764989,0.1998,0.0665063,0.00228537,0.00396825,8,2016,266,1,1,3,266,1.0000,0,0,0,0.37995
1e-08,2,45,26.743537,0.1998,0.0614269,0.00244997,0.00297619,6,2016,265,1,1,3,265,1.0000,0,0,0,0.37995
1e-08,2,46,26.717704,0.1998,0.0554969,0.00212698,0,0,2016,281,1,1,3,281,1.0000,0,0,0,0.37995
1e-08,2,47,26.694232,0.1998,0.060754,0.00197125,0.00396825,8,2016,236,1,1,3,236,1.0000,0,0,0,0.37995
1e-08,2,48,26.672965,0.185827,0.0610045,0.00198429,0.000992063,2,2016,229,1,1,3,229,1.0000,0,0,0,0.37996
1e-08,2,49,26.652083,0.1998,0.066088,0.00159873,0.00297619,6,2016,261,1,1,3,261,1.0000,0,0,0,0.37996
1e-08,2,50,26.634465,0.1998,0.0687928,0.00172152,0.000992063,2,2016,217,1,1,3,217,1.0000,0,0,0,0.37995
1e-08,2,51,26.614275,0.1998,0.0613308,0.0015956,0.00198413,4,2016,216,1,1,3,216,1.0000,0,0,0,0.37996
1e-08,2,52,26.595273,0.180193,0.0576765,0.00156414,0.00198413,4,2016,1048,0,1,0,300,1.0000,0,0,0,0.37997
1e-08,2,53,26.582446,0.160458,0.0491696,0.00160218,0,0,2016,226,1,1,3,226,1.0000,0,0,0,0.37997
1e-08,2,54,26.570371,0.177119,0.0573609,0.00153242,0,0,2016,215,1,1,3,215,1.0000,0,0,0,0.37997
1e-08,2,55,26.558055,0.1998,0.0673183,0.00136348,0.00396825,8,2016,222,1,1,3,222,1.0000,0,0,0,0.37997
1e-08,2,56,26.546719,0.1998,0.0688885,0.00137023,0,0,2016,214,1,1,3,214,1.0000,0,0,0,0.37998
1e-08,2,57,26.535913,0.188564,0.048801,0.00124684,0.00198413,4,2016,215,1,1,3,215,1.0000,0,0,0,0.37998
1e-08,2,58,26.52837,0.141443,0.0448279,0.00114798,0,0,2016,210,1,1,3,210,1.0000,0,0,0,0.37999
1e-08,2,59,26.522908,0.126422,0.0346702,0.0012553,0.000992063,2,2016,200,1,1,3,200,1.0000,0,0,0,0.37999
1e-08,2,60,26.517453,0.159729,0.0437712,0.00136991,0,0,2016,213,1,1,3,213,1.0000,0,0,0,0.37998
1e-08,2,61,26.510414,0.1998,0.0542008,0.00150337,0.00198413,4,2016,201,1,1,3,201,1.0000,0,0,0,0.37998
1e-08,2,62,26.501265,0.1998,0.0542008,0.00159133,0.00198413,4,2016,207,1,1,3,207,1.0000,0,0,0,0.37997
1e-08,2,63,26.48996,0.169497,0.0419921,0.00159581,0.00396825,8,2016,234,1,1,3,234,1.0000,0,0,0,0.37998
1e-08,2,64,26.478123,0.1998,0.0545429,0.00155054,0.000992063,2,2016,206,1,1,3,206,1.0000,0,0,0,0.37997
1e-08,2,65,26.466298,0.1998,0.0587808,0.00141031,0,0,2016,205,1,1,3,205,1.0000,0,0,0,0.37998
1e-08,2,66,26.454751,0.1998,0.0555627,0.00105148,0.00297619,6,2016,219,1,1,3,219,1.0000,0,0,0,0.37998
1e-08,2,67,26.444042,0.156542,0.0668086,0.000837995,0.000992063,2,2016,223,1,1,3,223,1.0000,0,0,0,0.37999
1e-08,2,68,26.43822,0.106179,0.0288037,0.000710592,0.000992063,2,2016,222,1,1,3,222,1.0000,0,0,0,0.37999
1e-08,2,69,26.433625,0.107932,0.0363312,0.000834844,0,0,2016,226,1,1,3,226,1.0000,0,0,0,0.37999
1e-08,2,70,26.428398,0.113036,0.0464306,0.000956447,0.000992063,2,2016,219,1,1,3,219,1.0000,0,0,0,0.37998
1e-08,2,71,26.420889,0.166262,0.0701441,0.00113134,0,0,2016,212,1,1,3,212,1.0000,0,0,0,0.37998
1e-08,2,72,26.410566,0.171237,0.0667231,0.00133539,0.00198413,4,2016,236,1,1,3,236,1.0000,0,0,0,0.37997
1e-08,2,73,26.399737,0.189757,0.0630236,0.00137112,0.00198413,4,2016,253,1,1,3,253,1.0000,0,0,0,0.37997
1e-08,2,74,26.389331,0.1998,0.0639525,0.00156332,0.00198413,4,2016,206,1,1,3,206,1.0000,0,0,0,0.37997
1e-08,2,75,26.377671,0.188006,0.0492133,0.00130079,0.000992063,2,2016,283,1,1,3,283,1.0000,0,0,0,0.37998
1e-08,2,76,26.36828,0.1998,0.0679361,0.00124796,0.000992063,2,2016,245,1,1,3,245,1.0000,0,0,0,0.37998
1e-08,2,77,26.359343,0.1998,0.0728506,0.00119501,0.00198413,4,2016,272,1,1,3,272,1.0000,0,0,0,0.37998
1e-08,2,78,26.349399,0.1998,0.0731031,0.00136949,0,0,2016,279,1,1,3,279,1.0000,0,0,0,0.37998
1e-08,2,79,26.339155,0.131352,0.0423424,0.00131114,0.000992063,2,2016,1076,0,1,0,300,1.0000,0,0,0,0.37997
1e-08,2,80,26.327422,0.1998,0.0543679,0.00133859,0.000992063,2,2016,240,1,1,3,240,1.0000,0,0,0,0.37997
1e-08,2,81,26.314867,0.1998,0.055567,0.00150598,0.000992063,2,2016,247,1,1,3,247,1.0000,0,0,0,0.37996
1e-08,2,82,26.298629,0.169462,0.062735,0.00177783,0.00297619,6,2016,276,1,1,3,276,1.0000,0,0,0,0.37996
1e-08,2,83,26.281384,0.18806,0.0728738,0.0021153,0.00198413,4,2016,272,1,1,3,272,1.0000,0,0,0,0.37995
1e-08,2,84,26.262922,0.184469,0.0765758,0.00226232,0,0,2016,1001,0,1,0,300,1.0000,0,0,0,0.37994
1e-08,2,85,26.238167,0.1998,0.0996612,0.00281485,0.00297619,6,2016,203,1,1,3,203,1.0000,0,0,0,0.37992
1e-08,2,86,26.204755,0.1998,0.106097,0.00335541,0.00992063,20,2016,223,1,1,3,223,1.0000,0,0,0,0.37990
1e-08,2,87,26.159686,0.1998,0.107087,0.00410088,0.00198413,4,2016,241,1,1,3,241,1.0000,0,0,0,0.37989
1e-08,2,88,26.106472,0.1998,0.0830725,0.00394922,0.00694444,14,2016,203,1,1,3,203,1.0000,0,0,0,0.37989
1e-08,2,89,26.049339,0.1998,0.123389,0.00494584,0.00793651,16,2016,204,1,1,3,204,1.0000,0,0,0,0.37986
1e-08,2,90,25.978808,0.1998,0.0750402,0.00371574,0.00297619,6,2016,236,1,1,3,236,1.0000,0,0,0,0.37988
1e-08,2,91,25.908332,0.1998,0.082238,0.00364093,0.00396825,8,2016,227,1,1,3,227,1.0000,0,0,0,0.37987
1e-08,2,92,25.83603,0.1998,0.0841524,0.00329381,0.00297619,6,2016,256,1,1,3,256,1.0000,0,0,0,0.37988
1e-08,2,93,25.762975,0.1998,0.0876411,0.00323853,0.00396825,8,2016,261,1,1,3,261,1.0000,0,0,0,0.37989
1e-08,2,94,25.69534,0.1998,0.0790045,0.00322235,0.000992063,2,2016,203,1,1,3,203,1.0000,0,0,0,0.37990
1e-08,2,95,25.633345,0.1998,0.0792354,0.00287715,0.00198413,4,2016,878,0,1,0,300,1.0000,0,0,0,0.37991
1e-08,2,96,25.584701,0.1998,0.0780248,0.00286624,0.00496032,10,2016,235,1,1,3,235,1.0000,0,0,0,0.37991
1e-08,2,97,25.533283,0.1998,0.0840674,0.00290523,0.00198413,4,2016,207,1,1,3,207,1.0000,0,0,0,0.37991
1e-08,2,98,25.487141,0.1998,0.0890787,0.00307969,0.00694444,14,2016,212,1,1,3,212,1.0000,0,0,0,0.37990
1e-08,2,99,25.434057,0.1998,0.0844678,0.00330868,0.00496032,10,2016,215,1,1,3,215,1.0000,0,0,0,0.37990
1e-08,2,100,25.376648,0.1998,0.0831208,0.00349203,0.00297619,6,2016,211,1,1,3,211,1.0000,0,0,0,0.37988
1e-08,2,101,25.309428,0.1998,0.0851876,0.00336435,0.000992063,2,2016,249,1,1,3,249,1.0000,0,0,0,0.37989
1e-08,2,102,25.254865,0.1998,0.0770493,0.00331432,0.00297619,6,2016,292,1,1,3,292,1.0000,0,0,0,0.37990
1e-08,2,103,25.202676,0.1998,0.0767155,0.00396049,0.00198413,4,2016,261,1,1,3,261,1.0000,0,0,0,0.37987
1e-08,2,104,25.144254,0.1998,0.0797112,0.00413809,0.00496032,10,2016,930,0,1,0,300,1.0000,0,0,0,0.37986
1e-08,2,105,25.072208,0.1998,0.0819026,0.00439903,0.00595238,12,2016,843,0,1,0,300,1.0000,0,0,0,0.37984
1e-08,2,106,24.9809,0.1998,0.0937939,0.00445812,0.00396825,8,2016,285,1,1,3,285,1.0000,0,0,0,0.37986
1e-08,2,107,24.882519,0.1998,0.104297,0.00384742,0.00198413,4,2016,828,0,1,0,300,1.0000,0,0,0,0.37989
1e-08,2,108,24.817677,0.1998,0.106066,0.00347229,0.00198413,4,2016,211,1,1,3,211,1.0000,0,0,0,0.37991
1e-08,2,109,24.768885,0.1998,0.0828407,0.002697,0.00297619,6,2016,229,1,1,3,229,1.0000,0,0,0,0.37993
1e-08,2,110,24.731603,0.178979,0.0618913,0.00237172,0.000992063,2,2016,230,1,1,3,230,1.0000,0,0,0,0.37994
1e-08,2,111,24.704652,0.184566,0.0739589,0.00241635,0.00496032,10,2016,241,1,1,3,241,1.0000,0,0,0,0.37994
1e-08,2,112,24.684892,0.1998,0.08527,0.00238438,0.000992063,2,2016,275,1,1,3,275,1.0000,0,0,0,0.37995
1e-08,2,113,24.663476,0.1998,0.08527,0.00229509,0.00595238,12,2016,217,1,1,3,217,1.0000,0,0,0,0.37995
1e-08,2,114,24.641783,0.1998,0.08527,0.00213086,0.00198413,4,2016,273,1,1,3,273,1.0000,0,0,0,0.37996
1e-08,2,115,24.622384,0.1998,0.0628054,0.00166538,0.00595238,12,2016,257,1,1,3,257,1.0000,0,0,0,0.37997
1e-08,2,116,24.608851,0.1998,0.0581304,0.00134984,0.000992063,2,2016,260,1,1,3,260,1.0000,0,0,0,0.37998
1e-08,2,117,24.600253,0.1998,0.0553374,0.00114929,0.000992063,2,2016,299,1,1,3,299,1.0000,0,0,0,0.37999
1e-08,2,118,24.593605,0.11948,0.039921,0.000862394,0,0,2016,292,1,1,3,292,1.0000,0,0,0,0.37999
1e-08,2,119,24.589365,0.107215,0.0343178,0.000841515,0.000992063,2,2016,295,1,1,3,295,1.0000,0,0,0,0.37999
1e-08,2,120,24.586156,0.140104,0.0462801,0.000990935,0.000992063,2,2016,300,1,1,3,300,1.0000,0,0,0,0.37999
1e-08,2,121,24.583997,0.1998,0.0712392,0.00114988,0,0,2016,818,0,1,0,300,1.0000,0,0,0,0.37998
1e-08,2,122,24.581261,0.1998,0.0699851,0.00134671,0.000992063,2,2016,747,0,1,0,300,1.0000,0,0,0,0.37997
1e-08,2,123,24.57652,0.1998,0.0639525,0.00130557,0.000992063,2,2016,724,0,1,0,300,1.0000,0,0,0,0.37998
1e-08,2,124,24.57017,0.134105,0.0310336,0.00123934,0.000992063,2,2016,696,0,0,0,0,1.0000,0,0,0,0.37999
1e-08,2,125,24.565085,0.181495,0.0571308,0.00113415,0.000992063,2,2016,667,0,0,0,0,1.0000,0,0,0,0.37999
1e-08,2,126,24.561625,0.155637,0.066406,0.00115325,0,0,2016,651,0,0,0,0,1.0000,0,0,0,0.37999
1e-08,2,127,24.557744,0.1998,0.0855692,0.00106804,0,0,2016,637,0,0,0,0,1.0000,0,0,0,0.37999
1e-08,2,128,24.55145,0.1998,0.0864837,0.00100539,0.000992063,2,2016,634,0,0,0,0,1.0000,0,0,0,0.37999
1e-08,2,129,24.54159,0.1998,0.0889461,0.000827083,0,0,2016,646,0,0,0,0,1.0000,0,0,0,0.37999
1e-08,2,130,24.533348,0.1998,0.087201,0.00065299,0,0,2016,624,0,0,0,0,1.0000,0,0,0,0.37999
1e-08,2,131,24.528911,0.117724,0.0531039,0.000526461,0,0,2016,638,0,0,0,0,1.0000,0,0,0,0.38000
1e-08,2,132,24.52548,0.0412261,0.017566,0.000355568,0,0,2016,633,0,0,0,0,1.0000,0,0,0,0.38000
1e-08,2,133,24.524983,0.0430572,0.0183578,0.000274113,0,0,2016,630,0,0,0,0,1.0000,0,0,0,0.38000
1e-08,2,134,24.5247,0.0404607,0.017256,0.000246367,0,0,2016,628,0,0,0,0,1.0000,0,0,0,0.38000
1e-08,2,135,24.524481,0.037404,0.015958,0.000221788,0,0,2016,626,0,0,0,0,1.0000,0,0,0,0.38000
1e-08,2,136,24.52431,0.03457,0.0147475,0.000196606,0,0,2016,614,0,0,0,0,1.0000,0,0,0,0.38000
1e-08,2,137,24.524178,0.0291609,0.0124136,0.000165695,0,0,2016,618,0,0,0,0,1.0000,0,0,0,0.38000
1e-08,2,138,24.524081,0.0232915,0.00990647,0.000139738,0,0,2016,612,0,0,0,0,1.0000,0,0,0,0.38000
1e-08,2,139,24.524008,0.0191205,0.00815277,0.000123977,0,0,2016,607,0,0,0,0,1.0000,0,1,0,0.38000
1e-08,2,140,40.016729,0.1998,0.22573,0.0651869,0.00992063,20,2016,1117,0,0,0,0,1.0000,1,0,0,0.36672
1e-08,2,141,31.025109,0.130338,0.0980496,0.0215649,0.00297619,6,2016,831,0,0,0,0,1.0000,1,0,0,0.37449
1e-08,2,142,27.21834,0.134365,0.0722118,0.0156725,0.00198413,4,2016,812,0,0,0,0,1.0000,1,0,0,0.37706
1e-08,2,143,25.512018,0.113537,0.0667215,0.0104798,0.000992063,2,2016,787,0,0,0,0,1.0000,1,0,0,0.37873
1e-08,2,144,24.763914,0.126999,0.0475024,0.00804498,0.00198413,4,2016,742,0,0,0,0,1.0000,1,0,0,0.37926
1e-08,2,145,24.400104,0.102737,0.0456917,0.00655544,0.00198413,4,2016,703,0,0,0,0,1.0000,1,0,0,0.37954
1e-08,2,146,24.173513,0.105159,0.0395603,0.0045093,0.000992063,2,2016,665,0,0,0,0,1.0000,1,0,0,0.37977
1e-08,2,147,24.044864,0.114604,0.0321673,0.00320671,0.000992063,2,2016,646,0,0,0,0,1.0000,1,0,0,0.37988
1e-08,2,148,23.971957,0.118836,0.0407273,0.002218,0.00198413,4,2016,650,0,0,0,0,1.0000,1,0,0,0.37995
1e-08,2,149,23.929458,0.0983882,0.032452,0.00184253,0,0,2016,626,0,0,0,0,1.0000,1,0,0,0.37997
1e-08,2,150,23.900286,0.0878894,0.0304004,0.00148933,0,0,2016,627,0,0,0,0,1.0000,1,0,0,0.38000
1e-08,2,151,23.880037,0.0898877,0.0288877,0.00130024,0,0,2016,620,0,0,0,0,1.0000,1,0,0,0.38001
1e-08,2,152,23.866412,0.0838097,0.0350445,0.00117288,0,0,2016,616,0,0,0,0,1.0000,1,0,0,0.38002
1e-08,2,153,23.855827,0.0658252,0.0279826,0.000970683,0,0,2016,616,0,0,0,0,1.0000,1,0,0,0.38003
1e-08,2,154,23.849441,0.0714844,0.0260498,0.00085108,0.000992063,2,2016,613,0,0,0,0,1.0000,1,0,0,0.38003
1e-08,2,155,23.844806,0.0759786,0.0229173,0.000703701,0,0,2016,612,0,0,0,0,1.0000,1,0,0,0.38004
1e-08,2,156,23.84193,0.0551156,0.0187229,0.000580575,0,0,2016,615,0,0,0,0,1.0000,1,0,0,0.38004
1e-08,2,157,23.839947,0.0576586,0.0184555,0.000460484,0,0,2016,609,0,0,0,0,1.0000,1,0,0,0.38004
1e-08,2,158,23.838716,0.058003,0.0185657,0.000389745,0,0,2016,607,0,0,0,0,1.0000,1,0,0,0.38004
1e-08,2,159,23.837845,0.0612948,0.0166278,0.000341407,0.000992063,2,2016,608,0,0,0,0,1.0000,1,0,0,0.38004
1e-08,2,160,23.837181,0.067355,0.0182717,0.000272422,0,0,2016,609,0,0,0,0,1.0000,1,0,0,0.38005
1e-08,2,161,23.836745,0.0168455,0.00501542,0.000194477,0,0,2016,613,0,0,0,0,1.0000,1,0,0,0.38005
1e-08,2,162,23.836569,0.0186229,0.00839092,0.000199075,0,0,2016,612,0,0,0,0,1.0000,1,0,0,0.38005
1e-08,2,163,23.836525,0.0293736,0.015258,0.000342831,0,0,2016,614,0,0,0,0,1.0000,1,1,0,0.38005
1e-08,2,164,22.249735,0.0483591,0.0242399,0.00043107,0,0,2016,619,0,0,0,0,1.0000,2,0,0,0.37987
1e-08,2,165,22.258803,0.0317555,0.0165505,0.00033843,0,0,2016,610,0,0,0,0,1.0000,2,0,0,0.37987
1e-08,2,166,22.255795,0.0264499,0.0123917,0.000331711,0,0,2016,618,0,0,0,0,1.0000,2,0,0,0.37986
1e-08,2,167,22.253637,0.0243229,0.0104584,0.000339261,0,0,2016,611,0,0,0,0,1.0000,2,0,0,0.37985
1e-08,2,168,22.251844,0.0288352,0.011453,0.00036332,0,0,2016,608,0,0,0,0,1.0000,2,0,0,0.37985
1e-08,2,169,22.25016,0.0338017,0.0124549,0.000393142,0,0,2016,606,0,0,0,0,1.0000,2,0,0,0.37984
1e-08,2,170,22.248491,0.0390241,0.0134492,0.000429443,0,0,2016,609,0,0,0,0,1.0000,2,0,0,0.37984
1e-08,2,171,22.246811,0.0443723,0.0142975,0.000468334,0,0,2016,613,0,0,0,0,1.0000,2,0,0,0.37983
1e-08,2,172,22.245124,0.0495017,0.0149336,0.000510409,0.000496032,1,2016,610,0,0,0,0,1.0000,2,0,0,0.37983
1e-08,2,173,22.243439,0.0540184,0.0155289,0.000554342,0.00248016,5,2016,609,0,0,0,0,1.0000,2,0,0,0.37983
1e-08,2,174,22.241767,0.0574753,0.0158126,0.000602574,0,0,2016,608,0,0,0,0,1.0000,2,1,0,0.37983
1e-08,2,175,19.242622,0.0789408,0.0423144,0.00259704,0,0,2016,607,0,0,0,0,1.0000,4,0,0,0.37747
1e-08,2,176,19.347843,0.0500691,0.0243782,0.00131167,0.00297619,6,2016,606,0,0,0,0,1.0000,4,0,0,0.37775
1e-08,2,177,19.324915,0.0536268,0.0265614,0.001153,0.00347222,7,2016,601,0,0,0,0,1.0000,4,0,0,0.37787
1e-08,2,178,19.313378,0.0626048,0.0298019,0.00125637,0.000992063,2,2016,600,0,0,0,0,1.0000,4,0,0,0.37800
1e-08,2,179,19.301912,0.0714778,0.0325909,0.00141597,0.00248016,5,2016,597,0,0,0,0,1.0000,4,0,0,0.37814
1e-08,2,180,19.289229,0.0788803,0.0334823,0.00162018,0.000992063,2,2016,602,0,0,0,0,1.0000,4,0,0,0.37828
1e-08,2,181,19.275129,0.0967979,0.0393633,0.00189367,0.000496032,1,2016,602,0,0,0,0,1.0000,4,0,0,0.37843
1e-08,2,182,19.259158,0.116609,0.0428177,0.00212482,0.0014881,3,2016,603,0,0,0,0,1.0000,4,0,0,0.37861
1e-08,2,183,19.242605,0.133479,0.0470631,0.00225282,0.0014881,3,2016,603,0,0,0,0,1.0000,4,0,0,0.37877
1e-08,2,184,19.226986,0.141911,0.0537943,0.00226081,0.0014881,3,2016,599,0,0,0,0,1.0000,4,0,0,0.37889
1e-08,2,185,19.210437,0.1998,0.0677949,0.0022811,0.00248016,5,2016,599,0,0,0,0,1.0000,4,0,0,0.37892
1e-08,2,186,19.187741,0.1998,0.0899156,0.00249634,0.00248016,5,2016,600,0,0,0,0,1.0000,4,0,0,0.37884
1e-08,2,187,19.155701,0.1998,0.103358,0.00288481,0.00347222,7,2016,598,0,0,0,0,1.0000,4,0,0,0.37885
1e-08,2,188,19.120164,0.1998,0.109649,0.00299369,0.00248016,5,2016,598,0,0,0,0,1.0000,4,0,0,0.37900
1e-08,2,189,19.090018,0.1998,0.101908,0.00274043,0.00248016,5,2016,590,0,0,0,0,1.0000,4,0,0,0.37906
1e-08,2,190,19.064794,0.1998,0.0909895,0.00234294,0.00248016,5,2016,595,0,0,0,0,1.0000,4,0,0,0.37910
1e-08,2,191,19.043218,0.1998,0.0903347,0.00210305,0.00198413,4,2016,594,0,0,0,0,1.0000,4,0,0,0.37920
1e-08,2,192,19.023146,0.1998,0.0903347,0.00178753,0.000992063,2,2016,593,0,0,0,0,1.0000,4,0,0,0.37927
1e-08,2,193,19.010525,0.1998,0.0789253,0.00116372,0,0,2016,589,0,0,0,0,1.0000,4,0,0,0.37916
1e-08,2,194,19.007302,0.1998,0.092446,0.00131562,0,0,2016,592,0,0,0,0,1.0000,4,0,0,0.37910
1e-08,2,195,19.0063,0.198227,0.100778,0.00103634,0,0,2016,592,0,0,0,0,1.0000,4,0,0,0.37892
1e-08,2,196,19.004928,0.161217,0.0694907,0.000988403,0,0,2016,588,0,0,0,0,1.0000,4,0,0,0.37883
1e-08,2,197,19.003356,0.1998,0.0852772,0.000756174,0.000992063,2,2016,583,0,0,0,0,1.0000,4,0,0,0.37866
1e-08,2,198,18.998175,0.1998,0.0860968,0.000755365,0.0014881,3,2016,585,0,0,0,0,1.0000,4,0,0,0.37851
1e-08,2,199,18.992156,0.1998,0.077391,0.000692493,0,0,2016,582,0,0,0,0,1.0000,4,0,0,0.37842
1e-08,2,200,18.987007,0.1998,0.0628021,0.00048149,0,0,2016,587,0,0,0,0,1.0000,4,0,0,0.37840
1e-08,2,201,18.983959,0.1998,0.0655172,0.000845932,0,0,2016,589,0,0,0,0,1.0000,4,0,0,0.37827
1e-08,2,202,18.980529,0.1998,0.0653646,0.000903967,0.000992063,2,2016,588,0,0,0,0,1.0000,4,0,0,0.37814
1e-08,2,203,18.974714,0.1998,0.0771997,0.000937429,0.0014881,3,2016,597,0,0,0,0,1.0000,4,0,0,0.37800
1e-08,2,204,18.966314,0.1998,0.0844247,0.000798857,0.000992063,2,2016,579,0,0,0,0,1.0000,4,0,0,0.37792
1e-08,2,205,18.95733,0.1998,0.0800726,0.000806454,0,0,2016,581,0,0,0,0,1.0000,4,0,0,0.37781
1e-08,2,206,18.95021,0.1998,0.0837371,0.000650399,0.00198413,4,2016,590,0,0,0,0,1.0000,4,0,0,0.37780
1e-08,2,207,18.942952,0.1998,0.0838623,0.000828777,0.000992063,2,2016,592,0,0,0,0,1.0000,4,0,0,0.37761
1e-08,2,208,18.935064,0.1998,0.0836307,0.00106019,0.00198413,4,2016,577,0,0,0,0,1.0000,4,0,0,0.37781
1e-08,2,209,18.929866,0.1998,0.0848703,0.00100649,0.0014881,3,2016,590,0,0,0,0,1.0000,4,0,0,0.37765
1e-08,2,210,18.926893,0.167697,0.079104,0.000686239,0.0014881,3,2016,587,0,0,0,0,1.0000,4,0,0,0.37774
1e-08,2,211,18.926666,0.12243,0.0572054,0.000429121,0.000496032,1,2016,583,0,0,0,0,1.0000,4,0,0,0.37774
1e-08,2,212,18.925388,0.0371617,0.0193789,0.000129509,0.000496032,1,2016,590,0,0,0,0,1.0000,4,0,0,0.37775
1e-08,2,213,18.924854,0.00789588,0.00272894,3.32137e-05,0,0,2016,585,0,0,0,0,1.0000,4,0,0,0.37775
1e-08,2,214,18.924785,0.00706862,0.00221589,2.1631e-05,0,0,2016,585,0,0,0,0,1.0000,4,0,0,0.37775
1e-08,2,215,18.92478,0.00614398,0.00189689,1.56462e-05,0,0,2016,575,0,0,0,0,1.0000,4,0,0,0.37775
1e-08,2,216,18.924777,0.00504668,0.00151578,1.20154e-05,0,0,2016,579,0,0,0,0,1.0000,4,0,0,0.37775
1e-08,2,217,18.924775,0.00433866,0.0011172,1.01907e-05,0,0,2016,578,0,0,0,0,1.0000,4,1,0,0.37775
1e-08,2,218,16.736041,0.1998,0.121033,0.012266,0.00198413,4,2016,575,0,0,0,0,1.0000,8,0,0,0.36487
1e-08,2,219,17.002172,0.085786,0.0580164,0.00552546,0.00198413,4,2016,581,0,0,0,0,1.0000,8,0,0,0.37043
1e-08,2,220,16.888433,0.0986438,0.0385124,0.00215317,0.00198413,4,2016,584,0,0,0,0,1.0000,8,0,0,0.37171
1e-08,2,221,16.872634,0.0931351,0.0347666,0.00122887,0.00198413,4,2016,580,0,0,0,0,1.0000,8,0,0,0.37213
1e-08,2,222,16.866198,0.107955,0.037706,0.00113156,0.000992063,2,2016,582,0,0,0,0,1.0000,8,0,0,0.37270
1e-08,2,223,16.86016,0.166668,0.0549897,0.00110845,0,0,2016,577,0,0,0,0,1.0000,8,0,0,0.37327
1e-08,2,224,16.85363,0.150967,0.0418001,0.000828738,0,0,2016,582,0,0,0,0,1.0000,8,0,0,0.37372
1e-08,2,225,16.849898,0.0897426,0.0277915,0.000631468,0,0,2016,584,0,0,0,0,1.0000,8,0,0,0.37406
1e-08,2,226,16.847924,0.0732318,0.0218619,0.000528964,0,0,2016,585,0,0,0,0,1.0000,8,0,0,0.37434
1e-08,2,227,16.846332,0.132386,0.0391516,0.000655168,0.0014881,3,2016,584,0,0,0,0,1.0000,8,0,0,0.37469
1e-08,2,228,16.843641,0.1998,0.0624604,0.000965152,0.00248016,5,2016,583,0,0,0,0,1.0000,8,1,0,0.37516
1e-08,2,229,16.405197,0.0999,0.0920084,0.014794,0.00496032,10,2016,583,0,0,0,0,1.0000,16,0,0,0.35963
1e-08,2,230,16.647066,0.0999,0.0701928,0.0142929,0.00198413,4,2016,591,0,0,0,0,1.0000,16,0,0,0.37350
1e-08,2,231,16.519638,0.0999,0.0560401,0.00627466,0.000992063,2,2016,573,0,0,0,0,1.0000,16,0,0,0.37506
1e-08,2,232,16.501587,0.0999,0.0620999,0.0039671,0.000992063,2,2016,590,0,0,0,0,1.0000,16,0,0,0.37772
1e-08,2,233,16.486528,0.0975237,0.0334197,0.00244306,0,0,2016,587,0,0,0,0,1.0000,16,0,0,0.37820
1e-08,2,234,16.482708,0.0682395,0.0313751,0.00168564,0,0,2016,586,0,0,0,0,1.0000,16,0,0,0.37950
1e-08,2,235,16.478399,0.0999,0.03249,0.00133368,0,0,2016,585,0,0,0,0,1.0000,16,0,0,0.37946
1e-08,2,236,16.477333,0.0760891,0.0236207,0.00105093,0,0,2016,586,0,0,0,0,1.0000,16,0,0,0.38024
1e-08,2,237,16.476464,0.0687582,0.023539,0.000943656,0,0,2016,581,0,0,0,0,1.0000,16,0,0,0.38021
1e-08,2,238,16.475886,0.0500775,0.0166957,0.000763066,0,0,2016,580,0,0,0,0,1.0000,16,0,0,0.38057
1e-08,2,239,16.475349,0.0533479,0.0196316,0.000679532,0,0,2016,572,0,0,0,0,1.0000,16,1,0,0.38041
1e-08,2,240,16.420766,0.04995,0.0398839,0.00342136,0.00297619,6,2016,581,0,0,0,0,1.0000,32,1,0,0.37824
1e-08,2,241,16.510508,0.04995,0.0464994,0.00220889,0.00198413,4,2016,581,0,0,0,0,1.0000,32,1,0,0.37965
1e-08,2,242,16.456729,0.04995,0.0402213,0.00243816,0.0014881,3,2016,588,0,0,0,0,1.0000,32,1,0,0.38107
1e-08,2,243,16.470036,0.04995,0.0453595,0.00201739,0.0014881,3,2016,577,0,0,0,0,1.0000,32,1,0,0.37976
1e-08,2,244,16.471816,0.04995,0.0341072,0.00225133,0.000496032,1,2016,580,0,0,0,0,1.0000,32,1,0,0.38102
1e-08,2,245,16.465649,0.04995,0.0374037,0.00180337,0.000496032,1,2016,573,0,0,0,0,1.0000,32,1,0,0.38186
1e-08,2,246,16.453341,0.04995,0.030043,0.00170952,0,0,2016,582,0,0,0,0,1.0000,32,1,0,0.38189
1e-08,2,247,16.451237,0.04995,0.0238827,0.00152166,0,0,2016,580,0,0,0,0,1.0000,32,1,0,0.38278
1e-08,2,248,16.446299,0.04995,0.0189631,0.00124934,0,0,2016,580,0,0,0,0,1.0000,32,1,0,0.38242
1e-08,2,249,16.445978,0.04995,0.0201562,0.00096974,0,0,2016,581,0,0,0,0,1.0000,32,1,0,0.38254
1e-08,2,250,16.445568,0.04995,0.0180108,0.000704759,0,0,2016,581,0,0,0,0,1.0000,32,1,0,0.38260
1e-08,3,1,538.12986,0.1998,-1,-1,-1,-1,2016,638,0,0,0,0,1.0000,0,0,0,0.22979
1e-08,3,2,687.40288,0.1998,0.1998,0.0975901,0,0,2016,669,0,0,0,0,1.0000,0,0,0,0.22136
1e-08,3,3,363.43005,0.1998,0.193986,0.072874,0.0168651,34,2016,648,0,0,0,0,1.0000,0,0,0,0.23519
1e-08,3,4,249.80328,0.146424,0.141606,0.038173,0.0138889,28,2016,640,0,0,0,0,1.0000,0,0,0,0.24391
1e-08,3,5,175.68255,0.159607,0.118673,0.0214446,0.0694444,140,2016,564,0,0,0,0,1.0000,0,0,0,0.25520
1e-08,3,6,138.069,0.116328,0.063099,0.0148293,0.0625,126,2016,554,0,0,0,0,1.0000,0,0,0,0.25703
1e-08,3,7,122.0456,0.0966993,0.0543479,0.0110967,0.0119048,24,2016,559,0,0,0,0,1.0000,0,0,0,0.25816
1e-08,3,8,112.58597,0.0849976,0.0508407,0.0102443,0.00297619,6,2016,554,0,0,0,0,1.0000,0,0,0,0.25867
1e-08,3,9,105.98371,0.103933,0.0761073,0.00945814,0.00496032,10,2016,561,0,0,0,0,1.0000,0,0,0,0.25908
1e-08,3,10,101.09484,0.178419,0.12237,0.011838,0.00793651,16,2016,560,0,0,0,0,1.0000,0,0,0,0.25879
1e-08,3,11,95.726822,0.174047,0.122386,0.0166453,0.00793651,16,2016,567,0,0,0,0,1.0000,0,0,0,0.25796
1e-08,3,12,87.893888,0.195872,0.127537,0.0199359,0.0109127,22,2016,606,0,0,0,0,1.0000,0,0,0,0.25739
1e-08,3,13,78.847606,0.1998,0.136909,0.0206603,0.0168651,34,2016,678,0,0,0,0,1.0000,0,0,0,0.25716
1e-08,3,14,70.215088,0.1998,0.138964,0.0194016,0.0168651,34,2016,743,0,0,0,0,1.0000,0,0,0,0.25722
1e-08,3,15,62.941112,0.1998,0.148916,0.0164431,0.0178571,36,2016,801,0,0,0,0,1.0000,0,0,0,0.25767
1e-08,3,16,57.595762,0.1998,0.128427,0.0124247,0.0168651,34,2016,847,0,0,0,0,1.0000,0,0,0,0.25836
1e-08,3,17,54.066485,0.1998,0.119374,0.0109827,0.0168651,34,2016,856,0,0,0,0,1.0000,0,0,0,0.25845
1e-08,3,18,51.413084,0.1998,0.132918,0.00970842,0.015873,32,2016,842,0,0,0,0,1.0000,0,0,0,0.25879
1e-08,3,19,49.471012,0.1998,0.13522,0.00834132,0.00793651,16,2016,841,0,0,0,0,1.0000,0,0,0,0.25903
1e-08,3,20,48.032892,0.1998,0.13522,0.0067335,0.00793651,16,2016,846,0,0,0,0,1.0000,0,0,0,0.25940
1e-08,3,21,46.977699,0.1998,0.133405,0.00579542,0.00595238,12,2016,850,0,0,0,0,1.0000,0,0,0,0.25958
1e-08,3,22,46.238139,0.1998,0.137177,0.00553037,0.00694444,14,2016,847,0,0,0,0,1.0000,0,0,0,0.25964
1e-08,3,23,45.628789,0.1998,0.137605,0.00507545,0.00694444,14,2016,853,0,0,0,0,1.0000,0,0,0,0.25970
1e-08,3,24,45.071406,0.1998,0.107073,0.00451704,0.0109127,22,2016,860,0,0,0,0,1.0000,0,0,0,0.25970
1e-08,3,25,44.581926,0.1998,0.0947849,0.00434477,0.00297619,6,2016,866,0,0,0,0,1.0000,0,0,0,0.25972
1e-08,3,26,44.158811,0.1998,0.0910102,0.00399403,0.00396825,8,2016,869,0,0,0,0,1.0000,0,0,0,0.25977
1e-08,3,27,43.830932,0.1998,0.0721597,0.00306449,0.00297619,6,2016,864,0,0,0,0,1.0000,0,0,0,0.25986
1e-08,3,28,43.602832,0.1998,0.0636034,0.00246462,0.000992063,2,2016,839,0,0,0,0,1.0000,0,0,0,0.25989
1e-08,3,29,43.451844,0.156566,0.0563807,0.00231172,0.00396825,8,2016,836,0,0,0,0,1.0000,0,0,0,0.25992
1e-08,3,30,43.348781,0.139669,0.054782,0.00203414,0.00198413,4,2016,838,0,0,0,0,1.0000,0,0,0,0.25994
1e-08,3,31,43.278823,0.155912,0.0604481,0.00205788,0.00496032,10,2016,835,0,0,0,0,1.0000,0,0,0,0.25994
1e-08,3,32,43.222322,0.156331,0.0621726,0.0021052,0.00496032,10,2016,835,0,0,0,0,1.0000,0,0,0,0.25995
1e-08,3,33,43.173798,0.134915,0.0677098,0.00174048,0.00297619,6,2016,841,0,0,0,0,1.0000,0,0,0,0.25996
1e-08,3,34,43.143347,0.147732,0.0644932,0.0014162,0.00198413,4,2016,840,0,0,0,0,1.0000,0,0,0,0.25997
1e-08,3,35,43.12153,0.127054,0.0474341,0.00127718,0.00297619,6,2016,831,0,0,0,0,1.0000,0,0,0,0.25998
1e-08,3,36,43.100963,0.121802,0.0395182,0.0010963,0,0,2016,812,0,0,0,0,1.0000,0,0,0,0.25998
1e-08,3,37,43.083908,0.142124,0.0491276,0.000786759,0.00198413,4,2016,814,0,0,0,0,1.0000,0,0,0,0.25999
1e-08,3,38,43.07189,0.130259,0.0443115,0.000682866,0.00198413,4,2016,814,0,0,0,0,1.0000,0,0,0,0.25999
1e-08,3,39,43.06184,0.129378,0.0454334,0.00067266,0.00198413,4,2016,806,0,0,0,0,1.0000,0,0,0,0.25999
1e-08,3,40,43.052315,0.0828634,0.0293141,0.000588574,0.000992063,2,2016,805,0,0,0,0,1.0000,0,0,0,0.25999
1e-08,3,41,43.044647,0.0788958,0.0261777,0.00061664,0.000992063,2,2016,802,0,0,0,0,1.0000,0,0,0,0.25999
1e-08,3,42,43.03707,0.0858841,0.0282375,0.000644284,0.000992063,2,2016,787,0,0,0,0,1.0000,0,0,0,0.25999
1e-08,3,43,43.028905,0.100334,0.0328419,0.000704557,0.00198413,4,2016,789,0,0,0,0,1.0000,0,0,0,0.25999
1e-08,3,44,43.019623,0.0890257,0.0287167,0.000734702,0.000992063,2,2016,782,0,0,0,0,1.0000,0,0,0,0.25999
1e-08,3,45,43.00961,0.0951348,0.0303335,0.000758456,0,0,2016,774,0,0,0,0,1.0000,0,0,0,0.25999
1e-08,3,46,42.999093,0.115979,0.0391181,0.000882535,0,0,2016,784,0,0,0,0,1.0000,0,0,0,0.25999
1e-08,3,47,42.987528,0.130906,0.0392854,0.000910651,0.000992063,2,2016,788,0,0,0,0,1.0000,0,0,0,0.25999
1e-08,3,48,42.974629,0.131288,0.0387045,0.00102558,0.00396825,8,2016,789,0,0,0,0,1.0000,0,0,0,0.25999
1e-08,3,49,42.960163,0.111778,0.0375978,0.00106485,0.00198413,4,2016,784,0,0,0,0,1.0000,0,0,0,0.25999
1e-08,3,50,42.943639,0.122732,0.0359158,0.00102963,0.000992063,2,2016,788,0,0,0,0,1.0000,0,0,0,0.25999
1e-08,3,51,42.930077,0.0926893,0.0299285,0.000756461,0,0,2016,788,0,0,0,0,1.0000,0,0,0,0.25999
1e-08,3,52,42.917355,0.0871294,0.0278417,0.000595457,0,0,2016,784,0,0,0,0,1.0000,0,0,0,0.25999
1e-08,3,53,42.905868,0.09413,0.0359372,0.000580681,0,0,2016,774,0,0,0,0,1.0000,0,0,0,0.25999
1e-08,3,54,42.892877,0.11713,0.0447184,0.000661787,0,0,2016,772,0,0,0,0,1.0000,0,0,0,0.25998
1e-08,3,55,42.877194,0.140352,0.053584,0.000759254,0.000992063,2,2016,777,0,0,0,0,1.0000,0,0,0,0.25998
1e-08,3,56,42.857803,0.15966,0.0609555,0.000932209,0.00297619,6,2016,783,0,0,0,0,1.0000,0,0,0,0.25998
1e-08,3,57,42.833288,0.179804,0.068646,0.00118871,0,0,2016,781,0,0,0,0,1.0000,0,0,0,0.25997
1e-08,3,58,42.80119,0.1998,0.0762803,0.00143689,0.00297619,6,2016,805,0,0,0,0,1.0000,0,0,0,0.25997
1e-08,3,59,42.760924,0.1998,0.0563581,0.00122739,0,0,2016,804,0,0,0,0,1.0000,0,0,0,0.25998
1e-08,3,60,42.729339,0.1998,0.0558467,0.00092523,0,0,2016,799,0,0,0,0,1.0000,0,0,0,0.25999
1e-08,3,61,42.709595,0.120015,0.034061,0.000749941,0.000992063,2,2016,817,0,0,0,0,1.0000,0,0,0,0.25999
1e-08,3,62,42.696379,0.129595,0.035156,0.000634905,0,0,2016,801,0,0,0,0,1.0000,0,0,0,0.25999
1e-08,3,63,42.689757,0.126277,0.0342559,0.000648521,0,0,2016,788,0,0,0,0,1.0000,0,0,0,0.25999
1e-08,3,64,42.683783,0.127398,0.03456,0.000613068,0,0,2016,792,0,0,0,0,1.0000,0,0,0,0.25999
1e-08,3,65,42.677881,0.132451,0.0359306,0.000578729,0,0,2016,805,0,0,0,0,1.0000,0,0,0,0.25999
1e-08,3,66,42.672084,0.0691184,0.0249249,0.000475855,0,0,2016,800,0,0,0,0,1.0000,0,0,0,0.26000
1e-08,3,67,42.666897,0.0650354,0.020685,0.000347462,0,0,2016,788,0,0,0,0,1.0000,0,0,0,0.26000
1e-08,3,68,42.66356,0.0788141,0.0213803,0.000308208,0,0,2016,800,0,0,0,0,1.0000,0,0,0,0.26000
1e-08,3,69,42.660502,0.0935269,0.0253715,0.000313695,0,0,2016,787,0,0,0,0,1.0000,0,0,0,0.26000
1e-08,3,70,42.657303,0.0572755,0.0183329,0.000281126,0,0,2016,799,0,0,0,0,1.0000,0,0,0,0.26000
1e-08,3,71,42.65476,0.0583709,0.0186835,0.000284604,0.000992063,2,2016,787,0,0,0,0,1.0000,0,0,0,0.26000
1e-08,3,72,42.652858,0.0594721,0.019036,0.00028234,0,0,2016,782,0,0,0,0,1.0000,0,0,0,0.26000
1e-08,3,73,42.651212,0.0592493,0.0189647,0.000276886,0.000992063,2,2016,782,0,0,0,0,1.0000,0,1,0,0.26000
1e-08,3,74,88.889584,0.192937,0.24087,0.0609035,0.0446429,90,2016,1427,0,0,0,0,1.0000,1,0,0,0.25214
1e-08,3,75,62.509887,0.138587,0.103392,0.0214434,0.014881,30,2016,1246,0,0,0,0,1.0000,1,0,0,0.25606
1e-08,3,76,51.01937,0.134384,0.0688695,0.0156874,0.00992063,20,2016,1179,0,0,0,0,1.0000,1,0,0,0.25822
1e-08,3,77,45.578369,0.12158,0.0614914,0.00918392,0.00892857,18,2016,1037,0,0,0,0,1.0000,1,0,0,0.26006
1e-08,3,78,43.389458,0.123224,0.059068,0.00632549,0.00793651,16,2016,949,0,0,0,0,1.0000,1,0,0,0.26056
1e-08,3,79,42.416639,0.121575,0.0581534,0.00497392,0.00198413,4,2016,884,0,0,0,0,1.0000,1,0,0,0.26068
1e-08,3,80,41.833479,0.10831,0.0560282,0.00382042,0.00396825,8,2016,869,0,0,0,0,1.0000,1,0,0,0.26080
1e-08,3,81,41.499338,0.102656,0.042698,0.00286338,0.00297619,6,2016,843,0,0,0,0,1.0000,1,0,0,0.26085
1e-08,3,82,41.307301,0.093858,0.0381596,0.00216651,0.000992063,2,2016,820,0,0,0,0,1.0000,1,0,0,0.26088
1e-08,3,83,41.182765,0.0653312,0.0270806,0.00165279,0,0,2016,793,0,0,0,0,1.0000,1,0,0,0.26090
1e-08,3,84,41.103969,0.0840463,0.0339075,0.00159573,0,0,2016,811,0,0,0,0,1.0000,1,0,0,0.26089
1e-08,3,85,41.046364,0.0737558,0.0271538,0.00143795,0.00198413,4,2016,800,0,0,0,0,1.0000,1,0,0,0.26090
1e-08,3,86,40.999217,0.0775881,0.0278094,0.0012113,0,0,2016,805,0,0,0,0,1.0000,1,0,0,0.26090
1e-08,3,87,40.962853,0.0767729,0.025579,0.00104361,0.00198413,4,2016,803,0,0,0,0,1.0000,1,0,0,0.26091
1e-08,3,88,40.935215,0.080267,0.0311394,0.000986834,0.000992063,2,2016,800,0,0,0,0,1.0000,1,0,0,0.26090
1e-08,3,89,40.911761,0.112166,0.042832,0.00108758,0,0,2016,798,0,0,0,0,1.0000,1,0,0,0.26089
1e-08,3,90,40.886215,0.106653,0.0450305,0.00113888,0.000992063,2,2016,800,0,0,0,0,1.0000,1,0,0,0.26088
1e-08,3,91,40.855179,0.144629,0.0594694,0.00106636,0.000992063,2,2016,802,0,0,0,0,1.0000,1,0,0,0.26088
1e-08,3,92,40.824902,0.0409773,0.0183029,0.000654535,0.000992063,2,2016,807,0,0,0,0,1.0000,1,0,0,0.26089
1e-08,3,93,40.816786,0.0357825,0.0152711,0.000491167,0,0,2016,791,0,0,0,0,1.0000,1,0,0,0.26089
1e-08,3,94,40.813209,0.0385138,0.0137971,0.000493661,0.000992063,2,2016,795,0,0,0,0,1.0000,1,0,0,0.26089
1e-08,3,95,40.810966,0.0301579,0.012869,0.000430397,0.000992063,2,2016,789,0,0,0,0,1.0000,1,0,0,0.26088
1e-08,3,96,40.809138,0.0284696,0.00931005,0.000374725,0.000992063,2,2016,785,0,0,0,0,1.0000,1,0,0,0.26088
1e-08,3,97,40.807583,0.0297682,0.0109609,0.000284956,0.000992063,2,2016,786,0,0,0,0,1.0000,1,0,0,0.26088
1e-08,3,98,40.806301,0.033272,0.0121962,0.000263893,0,0,2016,786,0,0,0,0,1.0000,1,0,0,0.26088
1e-08,3,99,40.805158,0.0404255,0.015822,0.000249326,0.00198413,4,2016,773,0,0,0,0,1.0000,1,0,0,0.26088
1e-08,3,100,40.804001,0.0493371,0.0195436,0.000253892,0,0,2016,793,0,0,0,0,1.0000,1,0,0,0.26088
1e-08,3,101,40.802685,0.0714485,0.0277186,0.00028474,0,0,2016,793,0,0,0,0,1.0000,1,0,0,0.26088
1e-08,3,102,40.800775,0.113256,0.0420538,0.000374552,0.000992063,2,2016,793,0,0,0,0,1.0000,1,1,0,0.26088
1e-08,3,103,37.187154,0.045165,0.0287838,0.00142131,0.000992063,2,2016,814,0,0,0,0,1.0000,2,0,0,0.26237
1e-08,3,104,36.885213,0.0160715,0.00682611,0.000289971,0,0,2016,811,0,0,0,0,1.0000,2,0,0,0.26244
1e-08,3,105,36.864355,0.0126004,0.00481063,0.000213312,0,0,2016,809,0,0,0,0,1.0000,2,0,0,0.26244
1e-08,3,106,36.861798,0.0129745,0.00502595,0.000182925,0,0,2016,807,0,0,0,0,1.0000,2,0,0,0.26244
1e-08,3,107,36.860027,0.0152566,0.00584837,0.000185673,0,0,2016,805,0,0,0,0,1.0000,2,0,0,0.26243
1e-08,3,108,36.858441,0.0181119,0.00687131,0.000196842,0,0,2016,792,0,0,0,0,1.0000,2,0,0,0.26243
1e-08,3,109,36.856808,0.0215491,0.00808578,0.000213995,0,0,2016,783,0,0,0,0,1.0000,2,0,0,0.26243
1e-08,3,110,36.855054,0.0255558,0.00947251,0.000234955,0,0,2016,781,0,0,0,0,1.0000,2,0,0,0.26243
1e-08,3,111,36.853123,0.0302093,0.0110521,0.000256585,0,0,2016,790,0,0,0,0,1.0000,2,0,0,0.26243
1e-08,3,112,36.85096,0.0355652,0.0128497,0.000279407,0,0,2016,787,0,0,0,0,1.0000,2,0,0,0.26242
1e-08,3,113,36.848543,0.0473871,0.0169402,0.000306143,0.000992063,2,2016,788,0,0,0,0,1.0000,2,0,0,0.26242
1e-08,3,114,36.845701,0.0463642,0.0178244,0.000321113,0.000992063,2,2016,787,0,0,0,0,1.0000,2,0,0,0.26241
1e-08,3,115,36.842477,0.0448742,0.0150302,0.000254183,0,0,2016,778,0,0,0,0,1.0000,2,1,0,0.26241
1e-08,3,116,30.213861,0.0958576,0.0567436,0.00168784,0,0,2016,817,0,0,0,0,1.0000,4,0,0,0.26338
1e-08,3,117,30.088011,0.0608611,0.0270411,0.00108814,0,0,2016,816,0,0,0,0,1.0000,4,0,0,0.26364
1e-08,3,118,30.05487,0.0567499,0.0270355,0.00103891,0,0,2016,806,0,0,0,0,1.0000,4,0,0,0.26381
1e-08,3,119,30.032025,0.0571989,0.0290825,0.00101002,0,0,2016,801,0,0,0,0,1.0000,4,0,0,0.26394
1e-08,3,120,30.012722,0.0658704,0.0312411,0.000977848,0.000992063,2,2016,808,0,0,0,0,1.0000,4,0,0,0.26404
1e-08,3,121,29.995729,0.0795845,0.031065,0.000933761,0.000992063,2,2016,802,0,0,0,0,1.0000,4,0,0,0.26413
1e-08,3,122,29.980206,0.0964301,0.035394,0.000894889,0,0,2016,802,0,0,0,0,1.0000,4,0,0,0.26419
1e-08,3,123,29.96549,0.112982,0.0380246,0.000849824,0,0,2016,808,0,0,0,0,1.0000,4,0,0,0.26425
1e-08,3,124,29.951448,0.120106,0.0392159,0.000819405,0,0,2016,803,0,0,0,0,1.0000,4,0,0,0.26427
1e-08,3,125,29.938737,0.104139,0.0326797,0.000757489,0.000992063,2,2016,804,0,0,0,0,1.0000,4,0,0,0.26427
1e-08,3,126,29.92847,0.0911754,0.0339801,0.000673443,0.000992063,2,2016,802,0,0,0,0,1.0000,4,0,0,0.26427
1e-08,3,127,29.920175,0.126093,0.0533328,0.000699258,0.000992063,2,2016,796,0,0,0,0,1.0000,4,0,0,0.26421
1e-08,3,128,29.909361,0.1998,0.0799099,0.000937925,0,0,2016,783,0,0,0,0,1.0000,4,0,0,0.26406
1e-08,3,129,29.892171,0.1998,0.0809534,0.00112914,0.000992063,2,2016,785,0,0,0,0,1.0000,4,0,0,0.26391
1e-08,3,130,29.886875,0.158876,0.0586314,0.000851798,0,0,2016,794,0,0,0,0,1.0000,4,0,0,0.26402
1e-08,3,131,29.884812,0.172948,0.0753963,0.000912446,0,0,2016,798,0,0,0,0,1.0000,4,0,0,0.26395
1e-08,3,132,29.885485,0.14459,0.0507179,0.00108362,0,0,2016,803,0,0,0,0,1.0000,4,0,0,0.26402
1e-08,3,133,29.882053,0.130918,0.0420548,0.000891723,0,0,2016,802,0,0,0,0,1.0000,4,0,0,0.26403
1e-08,3,134,29.879409,0.122579,0.0413729,0.000666036,0,0,2016,804,0,0,0,0,1.0000,4,0,0,0.26406
1e-08,3,135,29.878797,0.115466,0.037905,0.000551795,0,0,2016,794,0,0,0,0,1.0000,4,0,0,0.26401
1e-08,3,136,29.878666,0.0582336,0.0203213,0.00033193,0,0,2016,776,0,0,0,0,1.0000,4,0,0,0.26405
1e-08,3,137,29.878673,0.0223455,0.00872637,0.000149772,0,0,2016,771,0,0,0,0,1.0000,4,0,0,0.26403
1e-08,3,138,29.878185,0.0317643,0.0133182,7.08096e-05,0,0,2016,775,0,0,0,0,1.0000,4,0,0,0.26403
1e-08,3,139,29.877728,0.0521763,0.0219569,0.000114509,0,0,2016,772,0,0,0,0,1.0000,4,1,0,0.26401
1e-08,3,140,25.067335,0.153695,0.0833502,0.00684223,0.00297619,6,2016,785,0,0,0,0,1.0000,8,0,0,0.25724
1e-08,3,141,25.725674,0.0691998,0.0287558,0.00327145,0.00198413,4,2016,792,0,0,0,0,1.0000,8,0,0,0.26048
1e-08,3,142,25.481914,0.0715102,0.0278184,0.0015677,0,0,2016,784,0,0,0,0,1.0000,8,0,0,0.26175
1e-08,3,143,25.447623,0.0645407,0.022316,0.0010603,0,0,2016,784,0,0,0,0,1.0000,8,0,0,0.26246
1e-08,3,144,25.43285,0.0568091,0.0176226,0.000973958,0.000992063,2,2016,782,0,0,0,0,1.0000,8,0,0,0.26311
1e-08,3,145,25.420844,0.0649181,0.026239,0.000935405,0.000992063,2,2016,784,0,0,0,0,1.0000,8,0,0,0.26369
1e-08,3,146,25.409021,0.113347,0.0383095,0.000923181,0,0,2016,793,0,0,0,0,1.0000,8,0,0,0.26422
1e-08,3,147,25.396066,0.126071,0.0378806,0.000878879,0,0,2016,789,0,0,0,0,1.0000,8,0,0,0.26469
1e-08,3,148,25.384424,0.0961179,0.0299128,0.000781633,0,0,2016,797,0,0,0,0,1.0000,8,0,0,0.26511
1e-08,3,149,25.373779,0.0951312,0.0295369,0.000650063,0,0,2016,795,0,0,0,0,1.0000,8,0,0,0.26528
1e-08,3,150,25.366,0.0622344,0.0173161,0.000622978,0.000992063,2,2016,787,0,0,0,0,1.0000,8,1,0,0.26542
1e-08,3,151,24.245784,0.0999,0.0751466,0.00731547,0.00694444,14,2016,800,0,0,0,0,1.0000,16,0,0,0.25864
1e-08,3,152,24.940653,0.0856395,0.0619939,0.00450981,0.00198413,4,2016,812,0,0,0,0,1.0000,16,0,0,0.26164
1e-08,3,153,24.669049,0.0999,0.0465203,0.00587053,0.00198413,4,2016,801,0,0,0,0,1.0000,16,0,0,0.26653
1e-08,3,154,24.573805,0.0717109,0.0358611,0.00328541,0.000992063,2,2016,815,0,0,0,0,1.0000,16,0,0,0.26750
1e-08,3,155,24.511882,0.0999,0.0804868,0.00420025,0,0,2016,790,0,0,0,0,1.0000,16,0,0,0.27068
1e-08,3,156,24.46624,0.0999,0.0724541,0.00294374,0,0,2016,798,0,0,0,0,1.0000,16,0,0,0.27172
1e-08,3,157,24.450704,0.0999,0.063513,0.00240747,0,0,2016,801,0,0,0,0,1.0000,16,0,0,0.27184
1e-08,3,158,24.448602,0.0999,0.0355161,0.00246312,0,0,2016,806,0,0,0,0,1.0000,16,0,0,0.27343
1e-08,3,159,24.442344,0.0999,0.0433278,0.00257254,0.000992063,2,2016,785,0,0,0,0,1.0000,16,0,0,0.27210
1e-08,3,160,24.442907,0.0999,0.0439943,0.00373856,0,0,2016,799,0,0,0,0,1.0000,16,0,0,0.27524
1e-08,3,161,24.437042,0.0999,0.0458859,0.00240344,0,0,2016,804,0,0,0,0,1.0000,16,1,0,0.27399
1e-08,3,162,24.296232,0.04995,0.0440679,0.00468863,0.000992063,2,2016,811,0,0,0,0,1.0000,32,1,0,0.27549
1e-08,3,163,24.391892,0.04995,0.0456294,0.00452101,0.00198413,4,2016,820,0,0,0,0,1.0000,32,1,0,0.27334
1e-08,3,164,24.417081,0.04995,0.0448529,0.00351629,0,0,2016,787,0,0,0,0,1.0000,32,1,0,0.27604
1e-08,3,165,24.386319,0.04995,0.0451444,0.00358863,0,0,2016,802,0,0,0,0,1.0000,32,1,0,0.27629
1e-08,3,166,24.352046,0.04995,0.04242,0.00343495,0,0,2016,806,0,0,0,0,1.0000,32,1,0,0.27871
1e-08,3,167,24.340716,0.04995,0.0399251,0.00431127,0,0,2016,800,0,0,0,0,1.0000,32,1,0,0.28021
1e-08,3,168,24.336338,0.04995,0.0420659,0.00561972,0,0,2016,799,0,0,0,0,1.0000,32,1,0,0.27733
1e-08,3,169,24.351691,0.04995,0.0426779,0.004715,0,0,2016,805,0,0,0,0,1.0000,32,1,0,0.28105
1e-08,3,170,24.335874,0.04995,0.037938,0.00292551,0,0,2016,796,0,0,0,0,1.0000,32,1,0,0.27997
1e-08,3,171,24.332239,0.04995,0.0373737,0.00302189,0,0,2016,797,0,0,0,0,1.0000,32,1,0,0.28232
1e-08,3,172,24.326158,0.04995,0.0383521,0.00198422,0,0,2016,791,0,0,0,0,1.0000,32,1,0,0.28127
