tag,rung,iter,compliance,change,beta,move,osc_fraction,plateau
fixed,0,1,20.824347,0.1998,0,0.2,-1,0
fixed,0,2,15.056408,0.1998,0,0.2,-1,0
fixed,0,3,11.06568,0.1998,0,0.2,-1,0
fixed,0,4,9.5689744,0.1998,0,0.2,-1,0
fixed,0,5,8.9703373,0.189995,0,0.2,-1,0
fixed,0,6,8.7776033,0.1998,0,0.2,-1,0
fixed,0,7,8.6778833,0.17356,0,0.2,-1,0
fixed,0,8,8.6089494,0.165213,0,0.2,-1,0
fixed,0,9,8.5757406,0.167881,0,0.2,-1,0
fixed,0,10,8.5478819,0.147759,0,0.2,-1,0
fixed,0,11,8.5101258,0.164673,0,0.2,-1,0
fixed,0,12,8.4540492,0.1998,0,0.2,-1,0
fixed,0,13,8.3777868,0.1998,0,0.2,-1,0
fixed,0,14,8.2972637,0.1998,0,0.2,-1,0
fixed,0,15,8.2275761,0.1998,0,0.2,-1,0
fixed,0,16,8.1758488,0.1998,0,0.2,-1,0
fixed,0,17,8.1405533,0.1998,0,0.2,-1,0
fixed,0,18,8.1182646,0.1998,0,0.2,-1,0
fixed,0,19,8.1028499,0.1998,0,0.2,-1,0
fixed,0,20,8.0892845,0.1998,0,0.2,-1,0
fixed,0,21,8.076497,0.1998,0,0.2,-1,0
fixed,0,22,8.0653472,0.1998,0,0.2,-1,0
fixed,0,23,8.0566542,0.1998,0,0.2,-1,0
fixed,0,24,8.0502772,0.1998,0,0.2,-1,0
fixed,0,25,8.046328,0.1998,0,0.2,-1,0
fixed,0,26,8.0430889,0.1998,0,0.2,-1,0
fixed,0,27,8.0396798,0.1998,0,0.2,-1,0
fixed,0,28,8.035767,0.1998,0,0.2,-1,0
fixed,0,29,8.0314914,0.1998,0,0.2,-1,0
fixed,0,30,8.0267761,0.1998,0,0.2,-1,0
fixed,0,31,8.0223365,0.1998,0,0.2,-1,0
fixed,0,32,8.0187157,0.1998,0,0.2,-1,0
fixed,0,33,8.0156013,0.1998,0,0.2,-1,0
fixed,0,34,8.0127558,0.1998,0,0.2,-1,0
fixed,0,35,8.0093991,0.1998,0,0.2,-1,0
fixed,0,36,8.004959,0.1998,0,0.2,-1,0
fixed,0,37,7.9999805,0.1998,0,0.2,-1,0
fixed,0,38,7.9945175,0.1998,0,0.2,-1,0
fixed,0,39,7.989872,0.1998,0,0.2,-1,0
fixed,0,40,7.9865786,0.1998,0,0.2,-1,0
fixed,0,41,7.9838732,0.1998,0,0.2,-1,0
fixed,0,42,7.9817972,0.1998,0,0.2,-1,0
fixed,0,43,7.9804884,0.1998,0,0.2,-1,0
fixed,0,44,7.9793996,0.1998,0,0.2,-1,0
fixed,0,45,7.9784245,0.1998,0,0.2,-1,0
fixed,0,46,7.9774883,0.1998,0,0.2,-1,0
fixed,0,47,7.9764725,0.1998,0,0.2,-1,0
fixed,0,48,7.9752623,0.1998,0,0.2,-1,0
fixed,0,49,7.974035,0.1998,0,0.2,-1,0
fixed,0,50,7.9727857,0.1998,0,0.2,-1,0
fixed,0,51,7.9713962,0.1998,0,0.2,-1,0
fixed,0,52,7.9698975,0.1998,0,0.2,-1,0
fixed,0,53,7.9688647,0.1998,0,0.2,-1,0
fixed,0,54,7.9681529,0.1998,0,0.2,-1,0
fixed,0,55,7.9674539,0.1998,0,0.2,-1,0
fixed,0,56,7.9670083,0.1998,0,0.2,-1,0
fixed,0,57,7.9665608,0.161013,0,0.2,-1,0
fixed,0,58,7.9661642,0.197973,0,0.2,-1,0
fixed,0,59,7.9658252,0.1998,0,0.2,-1,0
fixed,0,60,7.9654221,0.1998,0,0.2,-1,1
fixed,0,61,8.8041405,0.1998,1,0.2,-1,0
fixed,0,62,8.3490954,0.132955,1,0.2,-1,0
fixed,0,63,8.1186385,0.132979,1,0.2,-1,0
fixed,0,64,8.0303438,0.150925,1,0.2,-1,0
fixed,0,65,7.9815536,0.134312,1,0.2,-1,0
fixed,0,66,7.9579874,0.15738,1,0.2,-1,0
fixed,0,67,7.9443972,0.12489,1,0.2,-1,0
fixed,0,68,7.936161,0.113738,1,0.2,-1,0
fixed,0,69,7.9315844,0.111497,1,0.2,-1,0
fixed,0,70,7.9283057,0.106164,1,0.2,-1,0
fixed,0,71,7.9256962,0.118082,1,0.2,-1,0
fixed,0,72,7.9240303,0.119769,1,0.2,-1,0
fixed,0,73,7.9228405,0.105083,1,0.2,-1,0
fixed,0,74,7.9217288,0.105632,1,0.2,-1,0
fixed,0,75,7.9206834,0.0855882,1,0.2,-1,0
fixed,0,76,7.9196729,0.103726,1,0.2,-1,0
fixed,0,77,7.9185443,0.12142,1,0.2,-1,0
fixed,0,78,7.9171899,0.153494,1,0.2,-1,0
fixed,0,79,7.9155961,0.1998,1,0.2,-1,0
fixed,0,80,7.9138651,0.1998,1,0.2,-1,0
fixed,0,81,7.9120415,0.1998,1,0.2,-1,0
fixed,0,82,7.9108542,0.192693,1,0.2,-1,0
fixed,0,83,7.910119,0.1998,1,0.2,-1,0
fixed,0,84,7.9094692,0.1998,1,0.2,-1,0
fixed,0,85,7.9090408,0.170821,1,0.2,-1,0
fixed,0,86,7.9087924,0.119935,1,0.2,-1,0
fixed,0,87,7.9086632,0.127647,1,0.2,-1,0
fixed,0,88,7.908573,0.152655,1,0.2,-1,0
fixed,0,89,7.9084707,0.17725,1,0.2,-1,1
fixed,0,90,7.7907071,0.0582926,2,0.2,-1,0
fixed,0,91,7.8009872,0.0318245,2,0.2,-1,0
fixed,0,92,7.7998477,0.030841,2,0.2,-1,0
fixed,0,93,7.7995744,0.0322161,2,0.2,-1,0
fixed,0,94,7.7994105,0.0354768,2,0.2,-1,0
fixed,0,95,7.7992871,0.0386067,2,0.2,-1,0
fixed,0,96,7.7991852,0.0434018,2,0.2,-1,0
fixed,0,97,7.7990934,0.0494823,2,0.2,-1,0
fixed,0,98,7.7990013,0.0566298,2,0.2,-1,0
fixed,0,99,7.7989085,0.0650138,2,0.2,-1,0
fixed,0,100,7.7988137,0.0770731,2,0.2,-1,1
fixed,0,101,7.5600686,0.0979492,4,0.2,-1,0
fixed,0,102,7.5725789,0.0507194,4,0.2,-1,0
fixed,0,103,7.5702248,0.0565468,4,0.2,-1,0
fixed,0,104,7.5695803,0.0665349,4,0.2,-1,0
fixed,0,105,7.569098,0.079362,4,0.2,-1,0
fixed,0,106,7.568674,0.0875307,4,0.2,-1,0
fixed,0,107,7.5682581,0.084363,4,0.2,-1,0
fixed,0,108,7.5679111,0.117808,4,0.2,-1,0
fixed,0,109,7.5675515,0.161258,4,0.2,-1,0
fixed,0,110,7.5671566,0.0929688,4,0.2,-1,0
fixed,0,111,7.5668966,0.134692,4,0.2,-1,1
fixed,0,112,7.3996455,0.132086,8,0.2,-1,0
fixed,0,113,7.3961352,0.0991978,8,0.2,-1,0
fixed,0,114,7.3952647,0.0952921,8,0.2,-1,0
fixed,0,115,7.394762,0.121909,8,0.2,-1,0
fixed,0,116,7.394192,0.186527,8,0.2,-1,0
fixed,0,117,7.3936291,0.1998,8,0.2,-1,0
fixed,0,118,7.3931993,0.178381,8,0.2,-1,0
fixed,0,119,7.3929918,0.1998,8,0.2,-1,0
fixed,0,120,7.3928658,0.1998,8,0.2,-1,0
fixed,0,121,7.392418,0.1998,8,0.2,-1,0
fixed,0,122,7.3920404,0.1998,8,0.2,-1,0
fixed,0,123,7.3917376,0.107359,8,0.2,-1,1
fixed,0,124,7.3671667,0.0999,16,0.1,-1,0
fixed,0,125,7.3660085,0.0999,16,0.1,-1,0
fixed,0,126,7.3628655,0.0999,16,0.1,-1,0
fixed,0,127,7.360003,0.0999,16,0.1,-1,0
fixed,0,128,7.3599066,0.0999,16,0.1,-1,0
fixed,0,129,7.3602337,0.0999,16,0.1,-1,0
fixed,0,130,7.3602301,0.0999,16,0.1,-1,0
fixed,0,131,7.3600105,0.0999,16,0.1,-1,0
fixed,0,132,7.3598281,0.0999,16,0.1,-1,0
fixed,0,133,7.3596873,0.0999,16,0.1,-1,0
fixed,0,134,7.3594877,0.0999,16,0.1,-1,0
fixed,0,135,7.3593346,0.0999,16,0.1,-1,1
fixed,0,136,7.3586777,0.04995,32,0.05,-1,1
fixed,0,137,7.3586762,0.04995,32,0.05,-1,1
fixed,0,138,7.3585985,0.04995,32,0.05,-1,1
fixed,0,139,7.3559203,0.04995,32,0.05,-1,1
fixed,0,140,7.358695,0.04995,32,0.05,-1,1
fixed,0,141,7.3574531,0.04995,32,0.05,-1,1
fixed,0,142,7.3574293,0.04995,32,0.05,-1,1
fixed,0,143,7.3581271,0.04995,32,0.05,-1,1
fixed,0,144,7.3582564,0.04995,32,0.05,-1,1
fixed,0,145,7.3580888,0.04995,32,0.05,-1,1
fixed,0,146,7.3574915,0.04995,32,0.05,-1,1
fixed,1,1,46.296597,0.1998,0,0.2,-1,0
fixed,1,2,31.507766,0.1998,0,0.2,-1,0
fixed,1,3,21.473241,0.1998,0,0.2,-1,0
fixed,1,4,16.162401,0.1998,0,0.2,-1,0
fixed,1,5,14.045263,0.1998,0,0.2,-1,0
fixed,1,6,13.127387,0.190766,0,0.2,-1,0
fixed,1,7,12.597024,0.18039,0,0.2,-1,0
fixed,1,8,12.357848,0.169834,0,0.2,-1,0
fixed,1,9,12.162965,0.178425,0,0.2,-1,0
fixed,1,10,11.920807,0.1998,0,0.2,-1,0
fixed,1,11,11.608175,0.1998,0,0.2,-1,0
fixed,1,12,11.263912,0.1998,0,0.2,-1,0
fixed,1,13,10.977842,0.1998,0,0.2,-1,0
fixed,1,14,10.746467,0.1998,0,0.2,-1,0
fixed,1,15,10.579229,0.1998,0,0.2,-1,0
fixed,1,16,10.449922,0.1998,0,0.2,-1,0
fixed,1,17,10.358633,0.1998,0,0.2,-1,0
fixed,1,18,10.292368,0.1998,0,0.2,-1,0
fixed,1,19,10.2467,0.1998,0,0.2,-1,0
fixed,1,20,10.21857,0.1998,0,0.2,-1,0
fixed,1,21,10.200509,0.1998,0,0.2,-1,0
fixed,1,22,10.187108,0.1998,0,0.2,-1,0
fixed,1,23,10.177403,0.1998,0,0.2,-1,0
fixed,1,24,10.171277,0.1998,0,0.2,-1,0
fixed,1,25,10.16731,0.1998,0,0.2,-1,0
fixed,1,26,10.164082,0.15926,0,0.2,-1,0
fixed,1,27,10.161176,0.1998,0,0.2,-1,0
fixed,1,28,10.158785,0.1998,0,0.2,-1,0
fixed,1,29,10.156287,0.1998,0,0.2,-1,0
fixed,1,30,10.153599,0.1998,0,0.2,-1,0
fixed,1,31,10.151092,0.1998,0,0.2,-1,0
fixed,1,32,10.148979,0.1998,0,0.2,-1,0
fixed,1,33,10.146871,0.1998,0,0.2,-1,0
fixed,1,34,10.145143,0.1998,0,0.2,-1,0
fixed,1,35,10.143515,0.1998,0,0.2,-1,0
fixed,1,36,10.142216,0.174727,0,0.2,-1,0
fixed,1,37,10.140938,0.1998,0,0.2,-1,0
fixed,1,38,10.139462,0.1998,0,0.2,-1,0
fixed,1,39,10.137982,0.1998,0,0.2,-1,0
fixed,1,40,10.136597,0.1998,0,0.2,-1,0
fixed,1,41,10.135194,0.1998,0,0.2,-1,0
fixed,1,42,10.134099,0.1998,0,0.2,-1,0
fixed,1,43,10.133068,0.166767,0,0.2,-1,0
fixed,1,44,10.132088,0.1998,0,0.2,-1,0
fixed,1,45,10.131203,0.1998,0,0.2,-1,0
fixed,1,46,10.13017,0.1998,0,0.2,-1,0
fixed,1,47,10.129031,0.193017,0,0.2,-1,0
fixed,1,48,10.127876,0.1998,0,0.2,-1,0
fixed,1,49,10.126801,0.1998,0,0.2,-1,0
fixed,1,50,10.125537,0.1998,0,0.2,-1,0
fixed,1,51,10.124398,0.1998,0,0.2,-1,0
fixed,1,52,10.12313,0.1998,0,0.2,-1,0
fixed,1,53,10.121509,0.1998,0,0.2,-1,0
fixed,1,54,10.119937,0.1998,0,0.2,-1,0
fixed,1,55,10.118403,0.1998,0,0.2,-1,0
fixed,1,56,10.117043,0.1998,0,0.2,-1,0
fixed,1,57,10.116183,0.174374,0,0.2,-1,0
fixed,1,58,10.115579,0.1998,0,0.2,-1,0
fixed,1,59,10.114961,0.1998,0,0.2,-1,0
fixed,1,60,10.114184,0.1998,0,0.2,-1,0
fixed,1,61,10.113542,0.1998,0,0.2,-1,0
fixed,1,62,10.112768,0.149923,0,0.2,-1,0
fixed,1,63,10.111984,0.190014,0,0.2,-1,1
fixed,1,64,12.496985,0.1998,1,0.2,-1,0
fixed,1,65,11.329196,0.132057,1,0.2,-1,0
fixed,1,66,10.602813,0.123533,1,0.2,-1,0
fixed,1,67,10.293614,0.133896,1,0.2,-1,0
fixed,1,68,10.162657,0.1492,1,0.2,-1,0
fixed,1,69,10.094518,0.138631,1,0.2,-1,0
fixed,1,70,10.055561,0.120743,1,0.2,-1,0
fixed,1,71,10.031304,0.133948,1,0.2,-1,0
fixed,1,72,10.013069,0.138743,1,0.2,-1,0
fixed,1,73,9.9994069,0.146376,1,0.2,-1,0
fixed,1,74,9.9890251,0.126436,1,0.2,-1,0
fixed,1,75,9.981625,0.134249,1,0.2,-1,0
fixed,1,76,9.9749122,0.157565,1,0.2,-1,0
fixed,1,77,9.9680618,0.153626,1,0.2,-1,0
fixed,1,78,9.961928,0.146216,1,0.2,-1,0
fixed,1,79,9.9573307,0.174286,1,0.2,-1,0
fixed,1,80,9.9540108,0.1998,1,0.2,-1,0
fixed,1,81,9.9510409,0.1998,1,0.2,-1,0
fixed,1,82,9.9484664,0.1998,1,0.2,-1,0
fixed,1,83,9.9465683,0.133574,1,0.2,-1,0
fixed,1,84,9.9452902,0.159942,1,0.2,-1,0
fixed,1,85,9.9443432,0.171106,1,0.2,-1,0
fixed,1,86,9.9436116,0.18476,1,0.2,-1,0
fixed,1,87,9.942822,0.132728,1,0.2,-1,0
fixed,1,88,9.9421496,0.178991,1,0.2,-1,0
fixed,1,89,9.941682,0.141749,1,0.2,-1,0
fixed,1,90,9.941203,0.12734,1,0.2,-1,0
fixed,1,91,9.9407833,0.125637,1,0.2,-1,0
fixed,1,92,9.9403279,0.152993,1,0.2,-1,1
fixed,1,93,9.6132967,0.0527707,2,0.2,-1,0
fixed,1,94,9.6433084,0.0263852,2,0.2,-1,0
fixed,1,95,9.6404199,0.025082,2,0.2,-1,0
fixed,1,96,9.6398422,0.0283409,2,0.2,-1,0
fixed,1,97,9.6395406,0.0337249,2,0.2,-1,0
fixed,1,98,9.6393016,0.0407497,2,0.2,-1,0
fixed,1,99,9.6390872,0.0502136,2,0.2,-1,0
fixed,1,100,9.6388783,0.0623491,2,0.2,-1,0
fixed,1,101,9.6386503,0.0435592,2,0.2,-1,0
fixed,1,102,9.6384117,0.0431319,2,0.2,-1,0
fixed,1,103,9.6382024,0.0552216,2,0.2,-1,1
fixed,1,104,8.991322,0.0958984,4,0.2,-1,0
fixed,1,105,9.0361748,0.0566101,4,0.2,-1,0
fixed,1,106,9.0286135,0.0650659,4,0.2,-1,0
fixed,1,107,9.0269454,0.0809659,4,0.2,-1,0
fixed,1,108,9.0258104,0.0997816,4,0.2,-1,0
fixed,1,109,9.0247686,0.117112,4,0.2,-1,0
fixed,1,110,9.0237129,0.0702181,4,0.2,-1,0
fixed,1,111,9.022763,0.0782736,4,0.2,-1,0
fixed,1,112,9.0220141,0.13038,4,0.2,-1,0
fixed,1,113,9.0210723,0.134234,4,0.2,-1,0
fixed,1,114,9.020032,0.148226,4,0.2,-1,1
fixed,1,115,8.5650946,0.150873,8,0.2,-1,0
fixed,1,116,8.5750109,0.0952719,8,0.2,-1,0
fixed,1,117,8.5721528,0.0817971,8,0.2,-1,0
fixed,1,118,8.5708276,0.0945173,8,0.2,-1,0
fixed,1,119,8.5696834,0.129439,8,0.2,-1,0
fixed,1,120,8.5685823,0.155467,8,0.2,-1,0
fixed,1,121,8.5674514,0.194214,8,0.2,-1,0
fixed,1,122,8.5661256,0.112253,8,0.2,-1,0
fixed,1,123,8.5652722,0.162953,8,0.2,-1,0
fixed,1,124,8.5645335,0.1998,8,0.2,-1,0
fixed,1,125,8.5638456,0.145478,8,0.2,-1,1
fixed,1,126,8.4839994,0.0999,16,0.1,-1,0
fixed,1,127,8.4821403,0.0999,16,0.1,-1,0
fixed,1,128,8.4811977,0.0999,16,0.1,-1,0
fixed,1,129,8.4809461,0.0999,16,0.1,-1,0
fixed,1,130,8.4807698,0.0999,16,0.1,-1,0
fixed,1,131,8.4806993,0.0999,16,0.1,-1,0
fixed,1,132,8.4806619,0.0999,16,0.1,-1,0
fixed,1,133,8.4806707,0.0999,16,0.1,-1,0
fixed,1,134,8.4806658,0.0789805,16,0.1,-1,0
fixed,1,135,8.4806541,0.0664841,16,0.1,-1,0
fixed,1,136,8.4806477,0.0918495,16,0.1,-1,1
fixed,1,137,8.4793462,0.04995,32,0.05,-1,1
fixed,1,138,8.4793444,0.04995,32,0.05,-1,1
fixed,1,139,8.4791021,0.04995,32,0.05,-1,1
fixed,1,140,8.4741783,0.04995,32,0.05,-1,1
fixed,1,141,8.4768262,0.04995,32,0.05,-1,1
fixed,1,142,8.4763437,0.04995,32,0.05,-1,1
fixed,1,143,8.4763365,0.04995,32,0.05,-1,1
fixed,1,144,8.4793829,0.04995,32,0.05,-1,1
fixed,1,145,8.478567,0.04995,32,0.05,-1,1
fixed,1,146,8.477558,0.04995,32,0.05,-1,1
fixed,1,147,8.477,0.04995,32,0.05,-1,1
fixed,2,1,118.25185,0.1998,0,0.2,-1,0
fixed,2,2,78.970981,0.1998,0,0.2,-1,0
fixed,2,3,48.919308,0.1998,0,0.2,-1,0
fixed,2,4,34.908596,0.1998,0,0.2,-1,0
fixed,2,5,28.196737,0.164561,0,0.2,-1,0
fixed,2,6,25.113793,0.140608,0,0.2,-1,0
fixed,2,7,23.504613,0.165769,0,0.2,-1,0
fixed,2,8,22.380801,0.16361,0,0.2,-1,0
fixed,2,9,21.539193,0.161102,0,0.2,-1,0
fixed,2,10,20.937087,0.162629,0,0.2,-1,0
fixed,2,11,20.441841,0.176368,0,0.2,-1,0
fixed,2,12,19.909724,0.1998,0,0.2,-1,0
fixed,2,13,19.280665,0.1998,0,0.2,-1,0
fixed,2,14,18.559943,0.1998,0,0.2,-1,0
fixed,2,15,17.82688,0.1998,0,0.2,-1,0
fixed,2,16,17.229464,0.1998,0,0.2,-1,0
fixed,2,17,16.816086,0.1998,0,0.2,-1,0
fixed,2,18,16.504519,0.1998,0,0.2,-1,0
fixed,2,19,16.236447,0.1998,0,0.2,-1,0
fixed,2,20,15.997709,0.1998,0,0.2,-1,0
fixed,2,21,15.819485,0.1998,0,0.2,-1,0
fixed,2,22,15.703221,0.1998,0,0.2,-1,0
fixed,2,23,15.632736,0.1998,0,0.2,-1,0
fixed,2,24,15.585448,0.1998,0,0.2,-1,0
fixed,2,25,15.544532,0.1998,0,0.2,-1,0
fixed,2,26,15.510591,0.1998,0,0.2,-1,0
fixed,2,27,15.484241,0.1998,0,0.2,-1,0
fixed,2,28,15.463966,0.1998,0,0.2,-1,0
fixed,2,29,15.44799,0.1998,0,0.2,-1,0
fixed,2,30,15.433996,0.1998,0,0.2,-1,0
fixed,2,31,15.421556,0.1998,0,0.2,-1,0
fixed,2,32,15.407128,0.1998,0,0.2,-1,0
fixed,2,33,15.388955,0.1998,0,0.2,-1,0
fixed,2,34,15.369706,0.1998,0,0.2,-1,0
fixed,2,35,15.352181,0.1998,0,0.2,-1,0
fixed,2,36,15.332276,0.1998,0,0.2,-1,0
fixed,2,37,15.312609,0.1998,0,0.2,-1,0
fixed,2,38,15.292715,0.1998,0,0.2,-1,0
fixed,2,39,15.275877,0.1998,0,0.2,-1,0
fixed,2,40,15.260034,0.1998,0,0.2,-1,0
fixed,2,41,15.243462,0.1998,0,0.2,-1,0
fixed,2,42,15.229119,0.1998,0,0.2,-1,0
fixed,2,43,15.21782,0.1998,0,0.2,-1,0
fixed,2,44,15.207944,0.1998,0,0.2,-1,0
fixed,2,45,15.200626,0.1998,0,0.2,-1,0
fixed,2,46,15.194624,0.1998,0,0.2,-1,0
fixed,2,47,15.188607,0.1998,0,0.2,-1,0
fixed,2,48,15.183106,0.1998,0,0.2,-1,0
fixed,2,49,15.177784,0.1998,0,0.2,-1,0
fixed,2,50,15.172017,0.1998,0,0.2,-1,0
fixed,2,51,15.165523,0.194539,0,0.2,-1,0
fixed,2,52,15.16129,0.1998,0,0.2,-1,0
fixed,2,53,15.158641,0.1998,0,0.2,-1,0
fixed,2,54,15.156365,0.1998,0,0.2,-1,0
fixed,2,55,15.15319,0.1998,0,0.2,-1,0
fixed,2,56,15.14895,0.1998,0,0.2,-1,0
fixed,2,57,15.144305,0.1998,0,0.2,-1,0
fixed,2,58,15.138809,0.1998,0,0.2,-1,0
fixed,2,59,15.135662,0.1998,0,0.2,-1,0
fixed,2,60,15.133162,0.1998,0,0.2,-1,0
fixed,2,61,15.130078,0.1998,0,0.2,-1,0
fixed,2,62,15.127645,0.1998,0,0.2,-1,0
fixed,2,63,15.125883,0.129647,0,0.2,-1,0
fixed,2,64,15.124821,0.115684,0,0.2,-1,0
fixed,2,65,15.12402,0.11695,0,0.2,-1,0
fixed,2,66,15.123413,0.115409,0,0.2,-1,0
fixed,2,67,15.122905,0.109163,0,0.2,-1,0
fixed,2,68,15.122426,0.0773404,0,0.2,-1,0
fixed,2,69,15.122035,0.077631,0,0.2,-1,1
fixed,2,70,22.171908,0.1998,1,0.2,-1,0
fixed,2,71,18.78711,0.129801,1,0.2,-1,0
fixed,2,72,16.966168,0.125566,1,0.2,-1,0
fixed,2,73,15.941458,0.130443,1,0.2,-1,0
fixed,2,74,15.404931,0.124139,1,0.2,-1,0
fixed,2,75,15.1845,0.124428,1,0.2,-1,0
fixed,2,76,15.042191,0.119753,1,0.2,-1,0
fixed,2,77,14.93816,0.124334,1,0.2,-1,0
fixed,2,78,14.870439,0.117156,1,0.2,-1,0
fixed,2,79,14.829878,0.111489,1,0.2,-1,0
fixed,2,80,14.802746,0.127754,1,0.2,-1,0
fixed,2,81,14.784552,0.124519,1,0.2,-1,0
fixed,2,82,14.77301,0.0884147,1,0.2,-1,0
fixed,2,83,14.766406,0.100738,1,0.2,-1,0
fixed,2,84,14.761404,0.0868324,1,0.2,-1,0
fixed,2,85,14.757463,0.0870882,1,0.2,-1,0
fixed,2,86,14.754027,0.112914,1,0.2,-1,0
fixed,2,87,14.75068,0.114182,1,0.2,-1,0
fixed,2,88,14.747667,0.0994106,1,0.2,-1,0
fixed,2,89,14.745753,0.0996068,1,0.2,-1,0
fixed,2,90,14.744292,0.123724,1,0.2,-1,0
fixed,2,91,14.742924,0.15067,1,0.2,-1,0
fixed,2,92,14.741416,0.1309,1,0.2,-1,0
fixed,2,93,14.739597,0.144791,1,0.2,-1,0
fixed,2,94,14.737609,0.146255,1,0.2,-1,0
fixed,2,95,14.735624,0.158255,1,0.2,-1,0
fixed,2,96,14.733639,0.17456,1,0.2,-1,0
fixed,2,97,14.731246,0.1998,1,0.2,-1,0
fixed,2,98,14.729642,0.129226,1,0.2,-1,0
fixed,2,99,14.728333,0.147401,1,0.2,-1,0
fixed,2,100,14.72717,0.1998,1,0.2,-1,0
fixed,2,101,14.725834,0.1998,1,0.2,-1,0
fixed,2,102,14.724282,0.185069,1,0.2,-1,0
fixed,2,103,14.722973,0.096036,1,0.2,-1,0
fixed,2,104,14.722256,0.0951651,1,0.2,-1,0
fixed,2,105,14.721596,0.131423,1,0.2,-1,1
fixed,2,106,13.85325,0.0291914,2,0.2,-1,0
fixed,2,107,13.869953,0.0190512,2,0.2,-1,0
fixed,2,108,13.869162,0.0209761,2,0.2,-1,0
fixed,2,109,13.868887,0.0257476,2,0.2,-1,0
fixed,2,110,13.868636,0.0326744,2,0.2,-1,0
fixed,2,111,13.868356,0.042202,2,0.2,-1,0
fixed,2,112,13.868026,0.055768,2,0.2,-1,0
fixed,2,113,13.867623,0.0422336,2,0.2,-1,0
fixed,2,114,13.867315,0.0501329,2,0.2,-1,0
fixed,2,115,13.86702,0.0601054,2,0.2,-1,0
fixed,2,116,13.866698,0.0730793,2,0.2,-1,1
fixed,2,117,12.201059,0.0726139,4,0.2,-1,0
fixed,2,118,12.244796,0.0463687,4,0.2,-1,0
fixed,2,119,12.239853,0.0467463,4,0.2,-1,0
fixed,2,120,12.237914,0.0496303,4,0.2,-1,0
fixed,2,121,12.23638,0.0595618,4,0.2,-1,0
fixed,2,122,12.234889,0.0702632,4,0.2,-1,0
fixed,2,123,12.23332,0.0812194,4,0.2,-1,0
fixed,2,124,12.231717,0.0930295,4,0.2,-1,0
fixed,2,125,12.230048,0.109134,4,0.2,-1,0
fixed,2,126,12.228287,0.108477,4,0.2,-1,0
fixed,2,127,12.22656,0.110762,4,0.2,-1,1
fixed,2,128,11.034242,0.132325,8,0.2,-1,0
fixed,2,129,11.072058,0.0884783,8,0.2,-1,0
fixed,2,130,11.062425,0.142646,8,0.2,-1,0
fixed,2,131,11.058409,0.157179,8,0.2,-1,0
fixed,2,132,11.055331,0.0849591,8,0.2,-1,0
fixed,2,133,11.053143,0.137201,8,0.2,-1,0
fixed,2,134,11.050355,0.1998,8,0.2,-1,0
fixed,2,135,11.046985,0.1998,8,0.2,-1,0
fixed,2,136,11.043101,0.1998,8,0.2,-1,0
fixed,2,137,11.040225,0.112916,8,0.2,-1,0
fixed,2,138,11.039611,0.084566,8,0.2,-1,1
fixed,2,139,10.793793,0.0999,16,0.1,-1,0
fixed,2,140,10.811688,0.0999,16,0.1,-1,0
fixed,2,141,10.806094,0.0999,16,0.1,-1,0
fixed,2,142,10.802471,0.0999,16,0.1,-1,0
fixed,2,143,10.800542,0.0771892,16,0.1,-1,0
fixed,2,144,10.799368,0.0999,16,0.1,-1,0
fixed,2,145,10.797574,0.0999,16,0.1,-1,0
fixed,2,146,10.796663,0.0999,16,0.1,-1,0
fixed,2,147,10.796155,0.0958077,16,0.1,-1,0
fixed,2,148,10.796009,0.0999,16,0.1,-1,0
fixed,2,149,10.795837,0.0790476,16,0.1,-1,1
fixed,2,150,10.779252,0.04995,32,0.05,-1,0
fixed,2,151,10.785215,0.04995,32,0.05,-1,0
fixed,2,152,10.783987,0.04995,32,0.05,-1,0
fixed,2,153,10.783983,0.04995,32,0.05,-1,0
fixed,2,154,10.783805,0.04995,32,0.05,-1,0
fixed,2,155,10.783335,0.04995,32,0.05,-1,0
fixed,2,156,10.78333,0.04995,32,0.05,-1,0
fixed,2,157,10.783351,0.04995,32,0.05,-1,0
fixed,2,158,10.783488,0.04995,32,0.05,-1,0
fixed,2,159,10.78356,0.04995,32,0.05,-1,0
fixed,2,160,10.783372,0.04995,32,0.05,-1,1
fixed,3,1,368.6231,0.1998,0,0.2,-1,0
fixed,3,2,447.41826,0.1998,0,0.2,-1,0
fixed,3,3,222.01953,0.1998,0,0.2,-1,0
fixed,3,4,133.50303,0.139821,0,0.2,-1,0
fixed,3,5,92.294069,0.1998,0,0.2,-1,0
fixed,3,6,76.059199,0.156377,0,0.2,-1,0
fixed,3,7,68.985826,0.158322,0,0.2,-1,0
fixed,3,8,63.013805,0.131562,0,0.2,-1,0
fixed,3,9,56.622113,0.168776,0,0.2,-1,0
fixed,3,10,49.617508,0.1998,0,0.2,-1,0
fixed,3,11,42.913012,0.1998,0,0.2,-1,0
fixed,3,12,37.83266,0.1998,0,0.2,-1,0
fixed,3,13,34.485299,0.184547,0,0.2,-1,0
fixed,3,14,32.200578,0.1998,0,0.2,-1,0
fixed,3,15,30.412481,0.1998,0,0.2,-1,0
fixed,3,16,29.062923,0.1998,0,0.2,-1,0
fixed,3,17,28.124277,0.1998,0,0.2,-1,0
fixed,3,18,27.432546,0.1998,0,0.2,-1,0
fixed,3,19,26.80596,0.1998,0,0.2,-1,0
fixed,3,20,26.224866,0.1998,0,0.2,-1,0
fixed,3,21,25.745341,0.1998,0,0.2,-1,0
fixed,3,22,25.402523,0.1998,0,0.2,-1,0
fixed,3,23,25.153399,0.1998,0,0.2,-1,0
fixed,3,24,24.956815,0.1998,0,0.2,-1,0
fixed,3,25,24.810612,0.1998,0,0.2,-1,0
fixed,3,26,24.705655,0.1998,0,0.2,-1,0
fixed,3,27,24.61662,0.1998,0,0.2,-1,0
fixed,3,28,24.524946,0.1998,0,0.2,-1,0
fixed,3,29,24.446563,0.1998,0,0.2,-1,0
fixed,3,30,24.375286,0.1998,0,0.2,-1,0
fixed,3,31,24.295401,0.1998,0,0.2,-1,0
fixed,3,32,24.205595,0.1998,0,0.2,-1,0
fixed,3,33,24.10166,0.1998,0,0.2,-1,0
fixed,3,34,23.996227,0.1998,0,0.2,-1,0
fixed,3,35,23.898469,0.1998,0,0.2,-1,0
fixed,3,36,23.823738,0.1998,0,0.2,-1,0
fixed,3,37,23.77679,0.1998,0,0.2,-1,0
fixed,3,38,23.706669,0.1998,0,0.2,-1,0
fixed,3,39,23.628542,0.1998,0,0.2,-1,0
fixed,3,40,23.528636,0.1998,0,0.2,-1,0
fixed,3,41,23.418385,0.1998,0,0.2,-1,0
fixed,3,42,23.332148,0.1998,0,0.2,-1,0
fixed,3,43,23.275704,0.1998,0,0.2,-1,0
fixed,3,44,23.235884,0.1998,0,0.2,-1,0
fixed,3,45,23.206964,0.1998,0,0.2,-1,0
fixed,3,46,23.18643,0.1998,0,0.2,-1,0
fixed,3,47,23.167806,0.1998,0,0.2,-1,0
fixed,3,48,23.149141,0.1998,0,0.2,-1,0
fixed,3,49,23.130764,0.1998,0,0.2,-1,0
fixed,3,50,23.118509,0.1998,0,0.2,-1,0
fixed,3,51,23.107108,0.1998,0,0.2,-1,0
fixed,3,52,23.094501,0.1998,0,0.2,-1,0
fixed,3,53,23.080787,0.1998,0,0.2,-1,0
fixed,3,54,23.067311,0.1998,0,0.2,-1,0
fixed,3,55,23.052806,0.184166,0,0.2,-1,0
fixed,3,56,23.041617,0.1998,0,0.2,-1,0
fixed,3,57,23.032138,0.1998,0,0.2,-1,0
fixed,3,58,23.02492,0.16665,0,0.2,-1,0
fixed,3,59,23.018131,0.106359,0,0.2,-1,0
fixed,3,60,23.013183,0.129032,0,0.2,-1,0
fixed,3,61,23.00808,0.1998,0,0.2,-1,0
fixed,3,62,23.001262,0.1998,0,0.2,-1,0
fixed,3,63,22.99212,0.180322,0,0.2,-1,0
fixed,3,64,22.982325,0.122261,0,0.2,-1,0
fixed,3,65,22.974507,0.149065,0,0.2,-1,0
fixed,3,66,22.965044,0.184501,0,0.2,-1,0
fixed,3,67,22.953106,0.1998,0,0.2,-1,0
fixed,3,68,22.940441,0.1998,0,0.2,-1,0
fixed,3,69,22.929915,0.164182,0,0.2,-1,0
fixed,3,70,22.924424,0.106481,0,0.2,-1,0
fixed,3,71,22.921228,0.106366,0,0.2,-1,0
fixed,3,72,22.919188,0.149313,0,0.2,-1,0
fixed,3,73,22.917133,0.1998,0,0.2,-1,0
fixed,3,74,22.914405,0.106006,0,0.2,-1,0
fixed,3,75,22.911685,0.0972664,0,0.2,-1,0
fixed,3,76,22.910017,0.0870652,0,0.2,-1,0
fixed,3,77,22.908423,0.0924921,0,0.2,-1,0
fixed,3,78,22.906816,0.0990985,0,0.2,-1,0
fixed,3,79,22.905117,0.0969099,0,0.2,-1,0
fixed,3,80,22.903367,0.113859,0,0.2,-1,1
fixed,3,81,36.271029,0.1998,1,0.2,-1,0
fixed,3,82,28.827294,0.13623,1,0.2,-1,0
fixed,3,83,25.492088,0.143652,1,0.2,-1,0
fixed,3,84,23.868307,0.124874,1,0.2,-1,0
fixed,3,85,23.12239,0.14391,1,0.2,-1,0
fixed,3,86,22.767795,0.123066,1,0.2,-1,0
fixed,3,87,22.571591,0.116435,1,0.2,-1,0
fixed,3,88,22.447636,0.132132,1,0.2,-1,0
fixed,3,89,22.369295,0.11327,1,0.2,-1,0
fixed,3,90,22.31705,0.122727,1,0.2,-1,0
fixed,3,91,22.279117,0.161348,1,0.2,-1,0
fixed,3,92,22.245971,0.155175,1,0.2,-1,0
fixed,3,93,22.213434,0.1998,1,0.2,-1,0
fixed,3,94,22.187475,0.182153,1,0.2,-1,0
fixed,3,95,22.163083,0.165327,1,0.2,-1,0
fixed,3,96,22.145237,0.141399,1,0.2,-1,0
fixed,3,97,22.133708,0.136889,1,0.2,-1,0
fixed,3,98,22.127321,0.154635,1,0.2,-1,0
fixed,3,99,22.123565,0.138407,1,0.2,-1,0
fixed,3,100,22.120406,0.129024,1,0.2,-1,0
fixed,3,101,22.118426,0.123021,1,0.2,-1,0
fixed,3,102,22.116644,0.1545,1,0.2,-1,0
fixed,3,103,22.114549,0.0815272,1,0.2,-1,0
fixed,3,104,22.113866,0.0719565,1,0.2,-1,0
fixed,3,105,22.114288,0.148511,1,0.2,-1,0
fixed,3,106,22.115814,0.140333,1,0.2,-1,0
fixed,3,107,22.115434,0.10915,1,0.2,-1,1
fixed,3,108,20.800289,0.0518036,2,0.2,-1,0
fixed,3,109,20.751778,0.0202556,2,0.2,-1,0
fixed,3,110,20.749195,0.0202108,2,0.2,-1,0
fixed,3,111,20.748494,0.0230885,2,0.2,-1,0
fixed,3,112,20.747863,0.0265129,2,0.2,-1,0
fixed,3,113,20.747221,0.0305361,2,0.2,-1,0
fixed,3,114,20.746532,0.035584,2,0.2,-1,0
fixed,3,115,20.745763,0.0439066,2,0.2,-1,0
fixed,3,116,20.744874,0.0541965,2,0.2,-1,0
fixed,3,117,20.743816,0.0663321,2,0.2,-1,0
fixed,3,118,20.742547,0.0798086,2,0.2,-1,0
fixed,3,119,20.741016,0.0938505,2,0.2,-1,1
fixed,3,120,18.150021,0.0631428,4,0.2,-1,0
fixed,3,121,18.177444,0.0540834,4,0.2,-1,0
fixed,3,122,18.169125,0.0642612,4,0.2,-1,0
fixed,3,123,18.162588,0.0753306,4,0.2,-1,0
fixed,3,124,18.155243,0.0906765,4,0.2,-1,0
fixed,3,125,18.146684,0.117781,4,0.2,-1,0
fixed,3,126,18.137116,0.147811,4,0.2,-1,0
fixed,3,127,18.126526,0.166613,4,0.2,-1,0
fixed,3,128,18.114175,0.195921,4,0.2,-1,0
fixed,3,129,18.101935,0.185505,4,0.2,-1,0
fixed,3,130,18.091275,0.1998,4,0.2,-1,0
fixed,3,131,18.082337,0.1998,4,0.2,-1,0
fixed,3,132,18.075244,0.1998,4,0.2,-1,0
fixed,3,133,18.068788,0.199313,4,0.2,-1,0
fixed,3,134,18.064135,0.1998,4,0.2,-1,0
fixed,3,135,18.060226,0.1998,4,0.2,-1,0
fixed,3,136,18.057499,0.194329,4,0.2,-1,0
fixed,3,137,18.054501,0.1998,4,0.2,-1,0
fixed,3,138,18.050069,0.1998,4,0.2,-1,0
fixed,3,139,18.044438,0.1998,4,0.2,-1,0
fixed,3,140,18.036447,0.1998,4,0.2,-1,0
fixed,3,141,18.033035,0.147155,4,0.2,-1,0
fixed,3,142,18.032211,0.1998,4,0.2,-1,0
fixed,3,143,18.031289,0.152691,4,0.2,-1,0
fixed,3,144,18.029805,0.138152,4,0.2,-1,0
fixed,3,145,18.028569,0.16509,4,0.2,-1,0
fixed,3,146,18.027245,0.159209,4,0.2,-1,0
fixed,3,147,18.026086,0.114917,4,0.2,-1,0
fixed,3,148,18.025195,0.154646,4,0.2,-1,0
fixed,3,149,18.023027,0.1998,4,0.2,-1,0
fixed,3,150,18.018758,0.1998,4,0.2,-1,1
fixed,3,151,15.971814,0.192151,8,0.2,-1,0
fixed,3,152,16.241912,0.0864703,8,0.2,-1,0
fixed,3,153,16.131666,0.0902933,8,0.2,-1,0
fixed,3,154,16.111174,0.110534,8,0.2,-1,0
fixed,3,155,16.099361,0.165642,8,0.2,-1,0
fixed,3,156,16.089709,0.159846,8,0.2,-1,0
fixed,3,157,16.08272,0.179438,8,0.2,-1,0
fixed,3,158,16.076882,0.119944,8,0.2,-1,0
fixed,3,159,16.072811,0.1998,8,0.2,-1,0
fixed,3,160,16.066618,0.1998,8,0.2,-1,0
fixed,3,161,16.061229,0.183811,8,0.2,-1,1
fixed,3,162,15.57553,0.0999,16,0.1,-1,0
fixed,3,163,16.065207,0.0999,16,0.1,-1,0
fixed,3,164,15.824005,0.0999,16,0.1,-1,0
fixed,3,165,15.742101,0.0999,16,0.1,-1,0
fixed,3,166,15.697919,0.0999,16,0.1,-1,0
fixed,3,167,15.677332,0.0999,16,0.1,-1,0
fixed,3,168,15.668027,0.0999,16,0.1,-1,0
fixed,3,169,15.665698,0.0840274,16,0.1,-1,0
fixed,3,170,15.664788,0.0964328,16,0.1,-1,0
fixed,3,171,15.664276,0.0758724,16,0.1,-1,0
fixed,3,172,15.663992,0.0770842,16,0.1,-1,1
fixed,3,173,15.599615,0.04995,32,0.05,-1,1
fixed,3,174,15.857302,0.04995,32,0.05,-1,1
fixed,3,175,15.668592,0.04995,32,0.05,-1,1
fixed,3,176,15.812159,0.04995,32,0.05,-1,1
fixed,3,177,15.680916,0.04995,32,0.05,-1,1
fixed,3,178,15.680272,0.04995,32,0.05,-1,1
fixed,3,179,15.666532,0.04995,32,0.05,-1,1
fixed,3,180,15.653846,0.04995,32,0.05,-1,1
fixed,3,181,15.649543,0.04995,32,0.05,-1,1
fixed,3,182,15.649036,0.0475594,32,0.05,-1,1
fixed,3,183,15.64889,0.04995,32,0.05,-1,1
